{"content":[{"id":"63a2f9ed","settings":{"stretch_section":"section-stretched","content_position":"middle","structure":"40","background_background":"classic","background_color":"#FFFFFF","margin":{"unit":"px","top":"50","right":0,"bottom":"0","left":0,"isLinked":false},"padding":{"unit":"px","top":"43","right":"15","bottom":"33","left":"15","isLinked":false},"border_border":"solid","border_width":{"unit":"px","top":"3","right":"0","bottom":"0","left":"0","isLinked":false},"border_color":"#FA4F26","padding_mobile":{"unit":"px","top":"32","right":"0","bottom":"30","left":"0","isLinked":false},"margin_mobile":{"unit":"px","top":"0","right":0,"bottom":"0","left":0,"isLinked":false}},"elements":[{"id":"79e443","settings":{"_column_size":25,"_inline_size":6.2,"padding":{"unit":"px","top":"0","right":"0","bottom":"0","left":"15","isLinked":false}},"elements":[{"id":"617bcbaf","settings":{"image":{"url":"http:\/\/el3.thembaydev.com\/besa2\/wp-content\/uploads\/2019\/10\/newsletter.png","id":6427},"hide_mobile":"hidden-phone"},"elements":[],"isInner":false,"widgetType":"image","elType":"widget"}],"isInner":false,"elType":"column"},{"id":"122e6271","settings":{"_column_size":25,"_inline_size":36.5},"elements":[{"id":"6e169bef","settings":{"align":"left","heading_title":"Subscribe Newsletter","heading_title_color":"#262626","heading_title_typography_typography":"custom","heading_title_typography_font_size":{"unit":"px","size":16,"sizes":[]},"heading_title_typography_line_height":{"unit":"px","size":28,"sizes":[]},"heading_subtitle_size":{"unit":"px","size":14,"sizes":[]},"heading_subtitle_line_height":{"unit":"px","size":30,"sizes":[]},"heading_subtitle_color":"#262626","heading_style_padding":{"unit":"px","top":"0","right":"0","bottom":"0","left":"0","isLinked":true},"heading_title_typography_font_weight":"700"},"elements":[],"isInner":false,"widgetType":"besa-heading","elType":"widget"},{"id":"40cf2c99","settings":{"align":"left","heading_title":"","heading_subtitle":"Don't miss out thousands of great deals & promotions","heading_title_typography_font_size":{"unit":"px","size":16,"sizes":[]},"heading_title_typography_line_height":{"unit":"px","size":36,"sizes":[]},"heading_subtitle_size":{"unit":"px","size":14,"sizes":[]},"heading_subtitle_line_height":{"unit":"px","size":22,"sizes":[]},"heading_subtitle_color":"#262626","heading_style_padding":{"unit":"px","top":"0","right":"0","bottom":"0","left":"0","isLinked":true},"_margin":{"unit":"px","top":"0","right":"0","bottom":"0","left":"-7","isLinked":false},"_margin_mobile":{"unit":"px","top":"0","right":"0","bottom":"0","left":"0","isLinked":false}},"elements":[],"isInner":false,"widgetType":"besa-heading","elType":"widget"}],"isInner":false,"elType":"column"},{"id":"64b51312","settings":{"_column_size":25,"_inline_size":41},"elements":[{"id":"46381478","settings":{"_margin":{"unit":"px","top":"0","right":"0","bottom":"0","left":"0","isLinked":false},"_padding":{"unit":"px","top":"0","right":"0","bottom":"12","left":"0","isLinked":false},"icon_hide":"none","input_border_radius":{"unit":"px","top":"3","right":"3","bottom":"3","left":"3","isLinked":true},"input_margin":{"unit":"px","top":"0","right":"8","bottom":"0","left":"0","isLinked":false},"button_border_radius":{"unit":"px","top":"3","right":"3","bottom":"3","left":"3","isLinked":true},"width_input":{"unit":"px","size":350,"sizes":[]},"typography_typography":"custom","typography_font_weight":"400","_padding_mobile":{"unit":"px","top":"13","right":"0","bottom":"0","left":"0","isLinked":false}},"elements":[],"isInner":false,"widgetType":"besa-newsletter","elType":"widget"}],"isInner":false,"elType":"column"},{"id":"3c01d372","settings":{"_column_size":25,"_inline_size":16.3},"elements":[],"isInner":false,"elType":"column"}],"isInner":false,"elType":"section"},{"id":"2c07c204","settings":{"background_background":"classic","background_color":"#FFFFFF"},"elements":[{"id":"1245c7be","settings":{"_column_size":100,"_inline_size":null},"elements":[{"id":"707da2f5","settings":{"text":"Divider","color":"#F0F0F0","gap":{"unit":"px","size":"","sizes":[]}},"elements":[],"isInner":false,"widgetType":"divider","elType":"widget"}],"isInner":false,"elType":"column"}],"isInner":false,"elType":"section"},{"id":"20702aaa","settings":{"structure":"40","background_background":"classic","background_color":"#FFFFFF","padding":{"unit":"px","top":"34","right":"0","bottom":"39","left":"0","isLinked":false},"padding_mobile":{"unit":"px","top":"18","right":"0","bottom":"32","left":"0","isLinked":false}},"elements":[{"id":"7ccae5eb","settings":{"_column_size":25,"_inline_size":null},"elements":[{"id":"4fc10c75","settings":{"heading_title":"Contact","heading_title_size":{"unit":"px","size":14,"sizes":[]},"heading_title_line_height":{"unit":"px","size":24,"sizes":[]},"heading_title_color":"#262626","heading_style_padding":{"unit":"px","top":"0","right":"0","bottom":"22","left":"0","isLinked":false},"heading_title_typography_typography":"custom","heading_title_typography_font_weight":"700","heading_style_padding_mobile":{"unit":"px","top":"0","right":"0","bottom":"19","left":"0","isLinked":false}},"elements":[],"isInner":false,"widgetType":"besa-heading","elType":"widget"},{"id":"a118099","settings":{"editor":"<p>70 West Buckingham Ave.<\/p><p>Farmingdale, NY 11735<\/p><p>contact@besa.com<\/p>","text_color":"#262626","typography_typography":"custom","typography_font_size":{"unit":"px","size":14,"sizes":[]},"typography_line_height":{"unit":"px","size":24,"sizes":[]}},"elements":[],"isInner":false,"widgetType":"text-editor","elType":"widget"},{"id":"7313937d","settings":{"editor":"<p><span style=\"color: #02734a;\"><a style=\"color: #02734a;\" href=\"tel: 19393293494\">+1 939-329-3494<\/a><\/span><\/p>","text_color":"#02734A","typography_typography":"custom","typography_font_size":{"unit":"px","size":20,"sizes":[]},"typography_font_weight":"600","_padding":{"unit":"px","top":"17","right":"0","bottom":"0","left":"0","isLinked":false}},"elements":[],"isInner":false,"widgetType":"text-editor","elType":"widget"}],"isInner":false,"elType":"column"},{"id":"58fe35ce","settings":{"_column_size":25,"_inline_size":null},"elements":[{"id":"198ea3a4","settings":{"heading_title":"About","heading_title_typography_typography":"custom","heading_title_typography_font_weight":"700","heading_style_padding":{"unit":"px","top":"0","right":"0","bottom":"17","left":"0","isLinked":false},"menu_vertical_typography_typography":"custom","menu_vertical_typography_line_height":{"unit":"px","size":24,"sizes":[]},"menu_vertical_color":"#262626","menu_vertical_color_hover":"#FA4F26","heading_style_padding_mobile":{"unit":"px","top":"12","right":"0","bottom":"12","left":"0","isLinked":false},"_margin_mobile":{"unit":"px","top":"27","right":"0","bottom":"0","left":"0","isLinked":false},"_border_border":"solid","_border_width_mobile":{"unit":"px","top":"1","right":"0","bottom":"0","left":"0","isLinked":false},"_border_color":"#F0F0F0","_border_width":{"unit":"px","top":"0","right":"0","bottom":"0","left":"0","isLinked":true}},"elements":[],"isInner":false,"widgetType":"besa-menu-vertical","elType":"widget"}],"isInner":false,"elType":"column"},{"id":"65e3992e","settings":{"_column_size":25,"_inline_size":null},"elements":[{"id":"1f8511f2","settings":{"heading_title":"Help & Guide","heading_title_typography_typography":"custom","heading_title_typography_font_weight":"700","heading_style_padding":{"unit":"px","top":"0","right":"0","bottom":"17","left":"0","isLinked":false},"menu_vertical_typography_typography":"custom","menu_vertical_typography_line_height":{"unit":"px","size":24,"sizes":[]},"menu_vertical_color":"#262626","menu_vertical_color_hover":"#FA4F26","heading_style_padding_mobile":{"unit":"px","top":"12","right":"0","bottom":"12","left":"0","isLinked":false},"_border_border":"solid","_border_width_mobile":{"unit":"px","top":"1","right":"0","bottom":"0","left":"0","isLinked":false},"_border_color":"#F0F0F0","_border_width":{"unit":"px","top":"0","right":"0","bottom":"0","left":"0","isLinked":true}},"elements":[],"isInner":false,"widgetType":"besa-menu-vertical","elType":"widget"}],"isInner":false,"elType":"column"},{"id":"4b5cf0e1","settings":{"_column_size":25,"_inline_size":null},"elements":[{"id":"464642ef","settings":{"heading_title":"Follow Us","heading_title_size":{"unit":"px","size":14,"sizes":[]},"heading_title_line_height":{"unit":"px","size":24,"sizes":[]},"heading_title_color":"#262626","heading_style_padding":{"unit":"px","top":"0","right":"0","bottom":"25","left":"0","isLinked":false},"heading_title_typography_typography":"custom","heading_title_typography_font_weight":"700","heading_style_padding_mobile":{"unit":"px","top":"9","right":"0","bottom":"25","left":"0","isLinked":false},"_border_border":"solid","_border_width_mobile":{"unit":"px","top":"1","right":"0","bottom":"0","left":"0","isLinked":false},"_border_color":"#F0F0F0","_border_width":{"unit":"px","top":"0","right":"0","bottom":"0","left":"0","isLinked":true}},"elements":[],"isInner":false,"widgetType":"besa-heading","elType":"widget"},{"id":"24bef30b","settings":{"gap":"no","padding":{"unit":"px","top":"0","right":"0","bottom":"6","left":"0","isLinked":false}},"elements":[{"id":"5bde3482","settings":{"_column_size":100,"_inline_size":null},"elements":[{"id":"39d62cb9","settings":{"image":{"url":"http:\/\/el3.thembaydev.com\/besa2\/wp-content\/uploads\/2019\/10\/fb.png","id":6778},"image_size":"full","width":{"unit":"px","size":32,"sizes":[]},"_css_classes":"w-auto"},"elements":[],"isInner":false,"widgetType":"image","elType":"widget"},{"id":"14c0d66c","settings":{"text":"Facebook","link":{"url":"https:\/\/www.facebook.com\/","is_external":"","nofollow":"","custom_attributes":""},"icon_indent":{"unit":"px","size":8,"sizes":[]},"button_text_color":"#262626","background_color":"#02010100","text_padding":{"unit":"px","top":"0","right":"0","bottom":"0","left":"0","isLinked":false},"_padding":{"unit":"px","top":"5","right":"0","bottom":"0","left":"9","isLinked":false},"hover_color":"#FA4F26","_css_classes":"w-auto"},"elements":[],"isInner":false,"widgetType":"button","elType":"widget"}],"isInner":true,"elType":"column"}],"isInner":true,"elType":"section"},{"id":"755be68","settings":{"gap":"no","padding":{"unit":"px","top":"0","right":"0","bottom":"6","left":"0","isLinked":false}},"elements":[{"id":"fe6ff66","settings":{"_column_size":100,"_inline_size":null},"elements":[{"id":"37021646","settings":{"image":{"url":"http:\/\/el3.thembaydev.com\/besa2\/wp-content\/uploads\/2019\/10\/youtube.png","id":6781},"image_size":"full","width":{"unit":"px","size":32,"sizes":[]},"_css_classes":"w-auto"},"elements":[],"isInner":false,"widgetType":"image","elType":"widget"},{"id":"70776eeb","settings":{"text":"YouTube","link":{"url":"http:\/\/youtube.com\/","is_external":"","nofollow":"","custom_attributes":""},"icon_indent":{"unit":"px","size":8,"sizes":[]},"button_text_color":"#262626","background_color":"#02010100","text_padding":{"unit":"px","top":"0","right":"0","bottom":"0","left":"0","isLinked":false},"_padding":{"unit":"px","top":"4","right":"0","bottom":"0","left":"10","isLinked":false},"hover_color":"#FA4F26","_css_classes":"w-auto"},"elements":[],"isInner":false,"widgetType":"button","elType":"widget"}],"isInner":true,"elType":"column"}],"isInner":true,"elType":"section"},{"id":"71f6a4d7","settings":{"gap":"no","padding":{"unit":"px","top":"0","right":"0","bottom":"6","left":"0","isLinked":false}},"elements":[{"id":"692f83b4","settings":{"_column_size":100,"_inline_size":null},"elements":[{"id":"17e1860f","settings":{"image":{"url":"http:\/\/el3.thembaydev.com\/besa2\/wp-content\/uploads\/2019\/10\/google.png","id":6779},"image_size":"full","width":{"unit":"px","size":32,"sizes":[]},"_css_classes":"w-auto"},"elements":[],"isInner":false,"widgetType":"image","elType":"widget"},{"id":"49d97806","settings":{"text":"Google","link":{"url":"http:\/\/google.com\/","is_external":"","nofollow":"","custom_attributes":""},"icon_indent":{"unit":"px","size":8,"sizes":[]},"button_text_color":"#262626","background_color":"#02010100","text_padding":{"unit":"px","top":"0","right":"0","bottom":"0","left":"0","isLinked":false},"_padding":{"unit":"px","top":"3","right":"0","bottom":"0","left":"9","isLinked":false},"hover_color":"#FA4F26","_css_classes":"w-auto"},"elements":[],"isInner":false,"widgetType":"button","elType":"widget"}],"isInner":true,"elType":"column"}],"isInner":true,"elType":"section"},{"id":"28278690","settings":{"gap":"no"},"elements":[{"id":"63d7e5f9","settings":{"_column_size":100,"_inline_size":null},"elements":[{"id":"1edf48e6","settings":{"image":{"url":"http:\/\/el3.thembaydev.com\/besa2\/wp-content\/uploads\/2019\/10\/twi.png","id":6780},"image_size":"full","width":{"unit":"px","size":32,"sizes":[]},"_css_classes":"w-auto"},"elements":[],"isInner":false,"widgetType":"image","elType":"widget"},{"id":"565f9f01","settings":{"text":"Twitter","link":{"url":"https:\/\/twitter.com\/","is_external":"","nofollow":"","custom_attributes":""},"icon_indent":{"unit":"px","size":8,"sizes":[]},"button_text_color":"#262626","background_color":"#02010100","text_padding":{"unit":"px","top":"0","right":"0","bottom":"0","left":"0","isLinked":false},"_padding":{"unit":"px","top":"4","right":"0","bottom":"0","left":"9","isLinked":false},"hover_color":"#FA4F26","_css_classes":"w-auto"},"elements":[],"isInner":false,"widgetType":"button","elType":"widget"}],"isInner":true,"elType":"column"}],"isInner":true,"elType":"section"}],"isInner":false,"elType":"column"}],"isInner":false,"elType":"section"},{"id":"1c6f1aa0","settings":{"background_background":"classic","background_color":"#ffffff"},"elements":[{"id":"5984088d","settings":{"_column_size":100},"elements":[{"id":"4d4bd95b","settings":{"space":{"unit":"px","size":1,"sizes":[]},"_background_background":"classic","_background_color":"#F0F0F0"},"elements":[],"isInner":false,"widgetType":"spacer","elType":"widget"},{"id":"2c992407","settings":{"heading_title":"All Departments","heading_title_color":"#262626","heading_title_typography_typography":"custom","heading_title_typography_font_size":{"unit":"px","size":14,"sizes":[]},"heading_style_padding":{"unit":"px","top":"0","right":"0","bottom":"0","left":"0","isLinked":false},"_padding":{"unit":"px","top":"32","right":"0","bottom":"0","left":"0","isLinked":false},"heading_title_typography_font_weight":"700","_padding_mobile":{"unit":"px","top":"27","right":"0","bottom":"0","left":"0","isLinked":false}},"elements":[],"isInner":false,"widgetType":"besa-heading","elType":"widget"}],"isInner":false,"elType":"column"}],"isInner":false,"elType":"section"},{"id":"6816fe7","settings":{"structure":"40","stretch_section":"section-stretched","background_background":"classic","background_color":"#ffffff","padding":{"unit":"px","top":"13","right":"15","bottom":"22","left":"15","isLinked":false},"margin_mobile":{"unit":"px","top":"0","right":0,"bottom":"0","left":0,"isLinked":true},"padding_mobile":{"unit":"px","top":"22","right":"15","bottom":"0","left":"15","isLinked":false},"padding_tablet":{"unit":"px","top":"15","right":"0","bottom":"20","left":"0","isLinked":false}},"elements":[{"id":"416496c8","settings":{"_column_size":25,"_inline_size":null,"padding_mobile":{"unit":"px","top":"0","right":"0","bottom":"19","left":"0","isLinked":false}},"elements":[{"id":"241c81c5","settings":{"heading_title":"Mobile & Tablets","heading_title_size":{"unit":"px","size":14,"sizes":[]},"_padding":{"unit":"px","top":"0","right":"0","bottom":"0","left":"0","isLinked":false},"heading_title_color":"#000000","heading_title_typography_typography":"custom","heading_title_typography_font_weight":"600","heading_title_bottom_space":{"unit":"px","size":4,"sizes":[]},"heading_style_padding":{"unit":"px","top":"0","right":"0","bottom":"0","left":"0","isLinked":false},"heading_style_padding_mobile":{"unit":"px","top":"0","right":"0","bottom":"4","left":"0","isLinked":false}},"elements":[],"isInner":false,"widgetType":"besa-heading","elType":"widget"},{"id":"36b4a25b","settings":{"list_menu_separator":" | "},"elements":[],"isInner":false,"widgetType":"besa-list-menu","elType":"widget"}],"isInner":false,"elType":"column"},{"id":"71c8df0f","settings":{"_column_size":25,"_inline_size":null,"padding_mobile":{"unit":"px","top":"0","right":"0","bottom":"19","left":"0","isLinked":false}},"elements":[{"id":"223a29b6","settings":{"heading_title":"Televisions","heading_title_size":{"unit":"px","size":14,"sizes":[]},"heading_title_color":"#000000","heading_title_typography_typography":"custom","heading_title_typography_font_weight":"600","heading_title_bottom_space":{"unit":"px","size":4,"sizes":[]},"heading_style_padding":{"unit":"px","top":"0","right":"0","bottom":"0","left":"0","isLinked":false},"_padding":{"unit":"px","top":"0","right":"0","bottom":"0","left":"0","isLinked":false},"heading_style_padding_mobile":{"unit":"px","top":"0","right":"0","bottom":"4","left":"0","isLinked":false}},"elements":[],"isInner":false,"widgetType":"besa-heading","elType":"widget"},{"id":"9b8ec3c","settings":{"list_menu_separator":" | "},"elements":[],"isInner":false,"widgetType":"besa-list-menu","elType":"widget"}],"isInner":false,"elType":"column"},{"id":"6d3262f1","settings":{"_column_size":25,"_inline_size":null,"padding_mobile":{"unit":"px","top":"0","right":"0","bottom":"19","left":"0","isLinked":false}},"elements":[{"id":"5ada9b59","settings":{"heading_title":"Computer & Laptop","heading_title_size":{"unit":"px","size":14,"sizes":[]},"heading_title_color":"#000000","heading_title_typography_typography":"custom","heading_title_typography_font_weight":"600","heading_title_bottom_space":{"unit":"px","size":4,"sizes":[]},"heading_style_padding":{"unit":"px","top":"0","right":"0","bottom":"0","left":"0","isLinked":false},"_padding":{"unit":"px","top":"0","right":"0","bottom":"0","left":"0","isLinked":false},"heading_style_padding_mobile":{"unit":"px","top":"0","right":"0","bottom":"4","left":"0","isLinked":false}},"elements":[],"isInner":false,"widgetType":"besa-heading","elType":"widget"},{"id":"429ab8c5","settings":{"list_menu_separator":" | "},"elements":[],"isInner":false,"widgetType":"besa-list-menu","elType":"widget"}],"isInner":false,"elType":"column"},{"id":"430fbab4","settings":{"_column_size":25,"_inline_size":null,"padding_mobile":{"unit":"px","top":"0","right":"0","bottom":"19","left":"0","isLinked":false}},"elements":[{"id":"2fdd2f63","settings":{"heading_title":"Health & Beauty","heading_title_size":{"unit":"px","size":14,"sizes":[]},"heading_title_color":"#000000","heading_title_typography_typography":"custom","heading_title_typography_font_weight":"600","heading_title_bottom_space":{"unit":"px","size":4,"sizes":[]},"heading_style_padding":{"unit":"px","top":"0","right":"0","bottom":"0","left":"0","isLinked":false},"_padding":{"unit":"px","top":"0","right":"0","bottom":"0","left":"0","isLinked":false},"heading_style_padding_mobile":{"unit":"px","top":"0","right":"0","bottom":"4","left":"0","isLinked":false}},"elements":[],"isInner":false,"widgetType":"besa-heading","elType":"widget"},{"id":"5c355815","settings":{"list_menu_separator":" | "},"elements":[],"isInner":false,"widgetType":"besa-list-menu","elType":"widget"}],"isInner":false,"elType":"column"}],"isInner":false,"elType":"section"},{"id":"2850df1a","settings":{"structure":"40","stretch_section":"section-stretched","background_background":"classic","background_color":"#ffffff","padding":{"unit":"px","top":"0","right":"15","bottom":"44","left":"15","isLinked":false},"padding_mobile":{"unit":"px","top":"0","right":"15","bottom":"31","left":"15","isLinked":false},"padding_tablet":{"unit":"px","top":"10","right":"0","bottom":"20","left":"0","isLinked":false}},"elements":[{"id":"32e344f8","settings":{"_column_size":25,"_inline_size":null,"padding_mobile":{"unit":"px","top":"0","right":"0","bottom":"19","left":"0","isLinked":false}},"elements":[{"id":"47eef60d","settings":{"heading_title":"Cameras","heading_title_size":{"unit":"px","size":14,"sizes":[]},"heading_title_color":"#000000","heading_title_typography_typography":"custom","heading_title_typography_font_weight":"600","heading_title_bottom_space":{"unit":"px","size":4,"sizes":[]},"heading_style_padding":{"unit":"px","top":"0","right":"0","bottom":"0","left":"0","isLinked":false},"_padding":{"unit":"px","top":"0","right":"0","bottom":"0","left":"0","isLinked":false},"heading_style_padding_mobile":{"unit":"px","top":"0","right":"0","bottom":"4","left":"0","isLinked":false}},"elements":[],"isInner":false,"widgetType":"besa-heading","elType":"widget"},{"id":"1c9a4acd","settings":{"list_menu_separator":" | "},"elements":[],"isInner":false,"widgetType":"besa-list-menu","elType":"widget"}],"isInner":false,"elType":"column"},{"id":"24fc63b6","settings":{"_column_size":25,"_inline_size":null,"padding_mobile":{"unit":"px","top":"0","right":"0","bottom":"19","left":"0","isLinked":false}},"elements":[{"id":"19508831","settings":{"heading_title":"Air Conditioners","heading_title_size":{"unit":"px","size":14,"sizes":[]},"heading_title_color":"#000000","heading_title_typography_typography":"custom","heading_title_typography_font_weight":"600","heading_title_bottom_space":{"unit":"px","size":4,"sizes":[]},"heading_style_padding":{"unit":"px","top":"0","right":"0","bottom":"0","left":"0","isLinked":false},"_padding":{"unit":"px","top":"0","right":"0","bottom":"0","left":"0","isLinked":false},"heading_style_padding_mobile":{"unit":"px","top":"0","right":"0","bottom":"4","left":"0","isLinked":false}},"elements":[],"isInner":false,"widgetType":"besa-heading","elType":"widget"},{"id":"3c851649","settings":{"list_menu_separator":" | "},"elements":[],"isInner":false,"widgetType":"besa-list-menu","elType":"widget"}],"isInner":false,"elType":"column"},{"id":"2de607d8","settings":{"_column_size":25,"_inline_size":null,"padding_mobile":{"unit":"px","top":"0","right":"0","bottom":"19","left":"0","isLinked":false}},"elements":[{"id":"73987d22","settings":{"heading_title":"Washing Machines","heading_title_size":{"unit":"px","size":14,"sizes":[]},"heading_title_color":"#000000","heading_title_typography_typography":"custom","heading_title_typography_font_weight":"600","heading_title_bottom_space":{"unit":"px","size":4,"sizes":[]},"heading_style_padding":{"unit":"px","top":"0","right":"0","bottom":"0","left":"0","isLinked":false},"_padding":{"unit":"px","top":"0","right":"0","bottom":"0","left":"0","isLinked":false},"heading_style_padding_mobile":{"unit":"px","top":"0","right":"0","bottom":"4","left":"0","isLinked":false}},"elements":[],"isInner":false,"widgetType":"besa-heading","elType":"widget"},{"id":"636fd478","settings":{"list_menu_separator":" | "},"elements":[],"isInner":false,"widgetType":"besa-list-menu","elType":"widget"}],"isInner":false,"elType":"column"},{"id":"2c7a7397","settings":{"_column_size":25,"_inline_size":null,"padding_mobile":{"unit":"px","top":"0","right":"0","bottom":"0","left":"0","isLinked":false}},"elements":[{"id":"79206a74","settings":{"heading_title":"Microwaves","heading_title_size":{"unit":"px","size":14,"sizes":[]},"heading_title_color":"#000000","heading_title_typography_typography":"custom","heading_title_typography_font_weight":"600","heading_title_bottom_space":{"unit":"px","size":4,"sizes":[]},"heading_style_padding":{"unit":"px","top":"0","right":"0","bottom":"0","left":"0","isLinked":false},"_padding":{"unit":"px","top":"0","right":"0","bottom":"0","left":"0","isLinked":false},"heading_style_padding_mobile":{"unit":"px","top":"0","right":"0","bottom":"4","left":"0","isLinked":false}},"elements":[],"isInner":false,"widgetType":"besa-heading","elType":"widget"},{"id":"3ac4c9ce","settings":{"list_menu_separator":" | "},"elements":[],"isInner":false,"widgetType":"besa-list-menu","elType":"widget"}],"isInner":false,"elType":"column"}],"isInner":false,"elType":"section"},{"id":"3d2785bc","settings":{"background_background":"classic","background_color":"#ffffff"},"elements":[{"id":"3359aae8","settings":{"_column_size":100},"elements":[{"id":"25f42251","settings":{"space":{"unit":"px","size":1,"sizes":[]},"_background_background":"classic","_background_color":"#F0F0F0"},"elements":[],"isInner":false,"widgetType":"spacer","elType":"widget"}],"isInner":false,"elType":"column"}],"isInner":false,"elType":"section"},{"id":"6cd4b5d6","settings":{"structure":"20","background_background":"classic","background_color":"#ffffff","padding":{"unit":"px","top":"36","right":"15","bottom":"52","left":"15","isLinked":false},"border_width":{"unit":"px","top":"1","right":"0","bottom":"0","left":"0","isLinked":false},"border_color":"#dddddd","padding_tablet":{"unit":"px","top":"50","right":"15","bottom":"90","left":"15","isLinked":false},"padding_mobile":{"unit":"px","top":"28","right":"15","bottom":"44","left":"15","isLinked":false}},"elements":[{"id":"7f8088e6","settings":{"_column_size":50,"_inline_size":75,"border_width":{"unit":"px","top":"1","right":"0","bottom":"0","left":"0","isLinked":false},"border_color":"#000000","padding_mobile":{"unit":"px","top":"0","right":"0","bottom":"23","left":"0","isLinked":false}},"elements":[{"id":"12c2d9f8","settings":{"editor":"<p><span style=\"color: #444444;\"><a style=\"color: #444444;\" href=\"https:\/\/el3.thembaydev.com\/besa2\/\" data-wplink-url-error=\"true\"><strong>Besa<\/strong> <\/a><\/span>sodales pretium justo et volutpat. Maecenas semper lacinia augue, id max imus lectus tincidunt ut. Aenean ac aliquam massa ut lacinia est. Praesent ante diam, varius eget velit sit amet, fauc ibus feugiat arcu. Proin fermentum semper bibendum.<\/p>","text_color":"#777777","typography_typography":"custom","typography_font_size":{"unit":"px","size":13,"sizes":[]},"typography_line_height":{"unit":"px","size":18,"sizes":[]},"_padding":{"unit":"px","top":"0","right":"65","bottom":"0","left":"0","isLinked":false},"_padding_tablet":{"unit":"px","top":"0","right":"0","bottom":"0","left":"0","isLinked":false}},"elements":[],"isInner":false,"widgetType":"text-editor","elType":"widget"},{"id":"1f44e294","settings":{"editor":"<p>\u00a9 2021 Besa. All Rights Reserved.<\/p>","text_color":"#777777","typography_typography":"custom","typography_font_size":{"unit":"px","size":13,"sizes":[]},"typography_line_height":{"unit":"px","size":18,"sizes":[]},"_padding":{"unit":"px","top":"18","right":"0","bottom":"0","left":"0","isLinked":false}},"elements":[],"isInner":false,"widgetType":"text-editor","elType":"widget"}],"isInner":false,"elType":"column"},{"id":"5c7b5c3f","settings":{"_column_size":50,"_inline_size":25,"border_width":{"unit":"px","top":"1","right":"0","bottom":"0","left":"0","isLinked":false},"border_color":"#000000","padding_mobile":{"unit":"px","top":"0","right":"0","bottom":"20","left":"0","isLinked":false}},"elements":[{"id":"151c70f1","settings":{"image":{"url":"http:\/\/el3.thembaydev.com\/besa2\/wp-content\/uploads\/2019\/10\/Payment.jpg","id":6424},"align":"left","_padding":{"unit":"px","top":"7","right":"0","bottom":"0","left":"0","isLinked":false}},"elements":[],"isInner":false,"widgetType":"image","elType":"widget"}],"isInner":false,"elType":"column"}],"isInner":false,"elType":"section"}],"page_settings":[],"version":"0.4","title":"template-footer-1","type":"page"}