{"content":[{"id":"f1a1758","settings":{"layout":"full_width","gap":"no","padding":{"unit":"px","top":"50","right":"0","bottom":"0","left":"0","isLinked":false}},"elements":[{"id":"1167af3d","settings":{"_column_size":100,"_inline_size":null},"elements":[{"id":"669281ed","settings":{"image":{"id":6796,"url":"http:\/\/el3.thembaydev.com\/besa2\/wp-content\/uploads\/2021\/06\/img-footer-home4.jpg"},"image_size":"full","link_to":"custom","link":{"url":"https:\/\/el3.thembaydev.com\/besa2\/shop\/","is_external":"","nofollow":"","custom_attributes":""},"hide_tablet":"hidden-tablet","hide_mobile":"hidden-phone"},"elements":[],"isInner":false,"widgetType":"image","elType":"widget"}],"isInner":false,"elType":"column"}],"isInner":false,"elType":"section"},{"id":"1d71ce76","settings":{"stretch_section":"section-stretched","content_position":"middle","structure":"40","background_background":"classic","background_color":"#FFFFFF","margin":{"unit":"px","top":"","right":0,"bottom":"","left":0,"isLinked":true},"padding":{"unit":"px","top":"43","right":"15","bottom":"33","left":"15","isLinked":false},"border_border":"solid","border_width":{"unit":"px","top":"3","right":"0","bottom":"0","left":"0","isLinked":false},"border_color":"#FA4F26","padding_mobile":{"unit":"px","top":"32","right":"0","bottom":"30","left":"0","isLinked":false}},"elements":[{"id":"5e9e8faa","settings":{"_column_size":25,"_inline_size":6.2,"padding":{"unit":"px","top":"0","right":"0","bottom":"0","left":"15","isLinked":false}},"elements":[{"id":"5baa9c09","settings":{"image":{"id":"6721","url":"http:\/\/el3.thembaydev.com\/besa2\/wp-content\/uploads\/2021\/06\/newsletter.png"},"hide_mobile":"hidden-phone"},"elements":[],"isInner":false,"widgetType":"image","elType":"widget"}],"isInner":false,"elType":"column"},{"id":"7455705","settings":{"_column_size":25,"_inline_size":36.5},"elements":[{"id":"2d57737e","settings":{"align":"left","heading_title":"Subscribe Newsletter","heading_title_color":"#262626","heading_title_typography_typography":"custom","heading_title_typography_font_size":{"unit":"px","size":16,"sizes":[]},"heading_title_typography_line_height":{"unit":"px","size":28,"sizes":[]},"heading_subtitle_size":{"unit":"px","size":14,"sizes":[]},"heading_subtitle_line_height":{"unit":"px","size":30,"sizes":[]},"heading_subtitle_color":"#262626","heading_style_padding":{"unit":"px","top":"0","right":"0","bottom":"0","left":"0","isLinked":true},"heading_title_typography_font_weight":"700"},"elements":[],"isInner":false,"widgetType":"besa-heading","elType":"widget"},{"id":"6cc8ba6d","settings":{"align":"left","heading_title":"","heading_subtitle":"Don't miss out thousands of great deals & promotions","heading_title_typography_font_size":{"unit":"px","size":16,"sizes":[]},"heading_title_typography_line_height":{"unit":"px","size":36,"sizes":[]},"heading_subtitle_size":{"unit":"px","size":14,"sizes":[]},"heading_subtitle_line_height":{"unit":"px","size":22,"sizes":[]},"heading_subtitle_color":"#262626","heading_style_padding":{"unit":"px","top":"0","right":"0","bottom":"0","left":"0","isLinked":true},"_margin":{"unit":"px","top":"0","right":"0","bottom":"0","left":"-7","isLinked":false},"_margin_mobile":{"unit":"px","top":"0","right":"0","bottom":"0","left":"0","isLinked":false}},"elements":[],"isInner":false,"widgetType":"besa-heading","elType":"widget"}],"isInner":false,"elType":"column"},{"id":"4c448d22","settings":{"_column_size":25,"_inline_size":41},"elements":[{"id":"59ac934b","settings":{"_margin":{"unit":"px","top":"0","right":"0","bottom":"0","left":"0","isLinked":false},"_padding":{"unit":"px","top":"0","right":"0","bottom":"12","left":"0","isLinked":false},"icon_hide":"none","input_border_radius":{"unit":"px","top":"3","right":"3","bottom":"3","left":"3","isLinked":true},"input_margin":{"unit":"px","top":"0","right":"8","bottom":"0","left":"0","isLinked":false},"button_border_radius":{"unit":"px","top":"3","right":"3","bottom":"3","left":"3","isLinked":true},"width_input":{"unit":"px","size":350,"sizes":[]},"typography_typography":"custom","typography_font_weight":"400","_padding_mobile":{"unit":"px","top":"13","right":"0","bottom":"0","left":"0","isLinked":false}},"elements":[],"isInner":false,"widgetType":"besa-newsletter","elType":"widget"}],"isInner":false,"elType":"column"},{"id":"64bbc78e","settings":{"_column_size":25,"_inline_size":16.3},"elements":[],"isInner":false,"elType":"column"}],"isInner":false,"elType":"section"},{"id":"62916b69","settings":{"background_background":"classic","background_color":"#FFFFFF"},"elements":[{"id":"575a9cde","settings":{"_column_size":100,"_inline_size":null},"elements":[{"id":"a751723","settings":{"text":"Divider","color":"#F0F0F0","gap":{"unit":"px","size":"","sizes":[]}},"elements":[],"isInner":false,"widgetType":"divider","elType":"widget"}],"isInner":false,"elType":"column"}],"isInner":false,"elType":"section"},{"id":"cc7da38","settings":{"structure":"40","background_background":"classic","background_color":"#FFFFFF","padding":{"unit":"px","top":"34","right":"0","bottom":"39","left":"0","isLinked":false},"padding_mobile":{"unit":"px","top":"18","right":"0","bottom":"32","left":"0","isLinked":false}},"elements":[{"id":"693cbbcc","settings":{"_column_size":25,"_inline_size":null},"elements":[{"id":"66dd2824","settings":{"heading_title":"Contact","heading_title_size":{"unit":"px","size":14,"sizes":[]},"heading_title_line_height":{"unit":"px","size":24,"sizes":[]},"heading_title_color":"#262626","heading_style_padding":{"unit":"px","top":"0","right":"0","bottom":"22","left":"0","isLinked":false},"heading_title_typography_typography":"custom","heading_title_typography_font_weight":"700","heading_style_padding_mobile":{"unit":"px","top":"0","right":"0","bottom":"19","left":"0","isLinked":false}},"elements":[],"isInner":false,"widgetType":"besa-heading","elType":"widget"},{"id":"5565cf74","settings":{"editor":"<p>70 West Buckingham Ave.<\/p><p>Farmingdale, NY 11735<\/p><p>contact@besa.com<\/p>","text_color":"#262626","typography_typography":"custom","typography_font_size":{"unit":"px","size":14,"sizes":[]},"typography_line_height":{"unit":"px","size":24,"sizes":[]}},"elements":[],"isInner":false,"widgetType":"text-editor","elType":"widget"},{"id":"c142fc7","settings":{"editor":"<p><span style=\"color: #02734a;\"><a style=\"color: #02734a;\" href=\"tel: 19393293494\">+1 939-329-3494<\/a><\/span><\/p>","text_color":"#02734A","typography_typography":"custom","typography_font_size":{"unit":"px","size":20,"sizes":[]},"typography_font_weight":"600","_padding":{"unit":"px","top":"17","right":"0","bottom":"0","left":"0","isLinked":false}},"elements":[],"isInner":false,"widgetType":"text-editor","elType":"widget"}],"isInner":false,"elType":"column"},{"id":"6c4ab546","settings":{"_column_size":25,"_inline_size":null},"elements":[{"id":"29b00631","settings":{"heading_title":"About","heading_title_typography_typography":"custom","heading_title_typography_font_weight":"700","heading_style_padding":{"unit":"px","top":"0","right":"0","bottom":"17","left":"0","isLinked":false},"menu_vertical_typography_typography":"custom","menu_vertical_typography_line_height":{"unit":"px","size":24,"sizes":[]},"menu_vertical_color":"#262626","menu_vertical_color_hover":"#FA4F26","heading_style_padding_mobile":{"unit":"px","top":"12","right":"0","bottom":"12","left":"0","isLinked":false},"_margin_mobile":{"unit":"px","top":"27","right":"0","bottom":"0","left":"0","isLinked":false},"_border_border":"solid","_border_width_mobile":{"unit":"px","top":"1","right":"0","bottom":"0","left":"0","isLinked":false},"_border_color":"#F0F0F0","_border_width":{"unit":"px","top":"0","right":"0","bottom":"0","left":"0","isLinked":true}},"elements":[],"isInner":false,"widgetType":"besa-menu-vertical","elType":"widget"}],"isInner":false,"elType":"column"},{"id":"5266f8dc","settings":{"_column_size":25,"_inline_size":null},"elements":[{"id":"3b18bb18","settings":{"heading_title":"Help & Guide","heading_title_typography_typography":"custom","heading_title_typography_font_weight":"700","heading_style_padding":{"unit":"px","top":"0","right":"0","bottom":"17","left":"0","isLinked":false},"menu_vertical_typography_typography":"custom","menu_vertical_typography_line_height":{"unit":"px","size":24,"sizes":[]},"menu_vertical_color":"#262626","menu_vertical_color_hover":"#FA4F26","heading_style_padding_mobile":{"unit":"px","top":"12","right":"0","bottom":"12","left":"0","isLinked":false},"_border_border":"solid","_border_width_mobile":{"unit":"px","top":"1","right":"0","bottom":"0","left":"0","isLinked":false},"_border_color":"#F0F0F0","_border_width":{"unit":"px","top":"0","right":"0","bottom":"0","left":"0","isLinked":true}},"elements":[],"isInner":false,"widgetType":"besa-menu-vertical","elType":"widget"}],"isInner":false,"elType":"column"},{"id":"1efcf99c","settings":{"_column_size":25,"_inline_size":null},"elements":[{"id":"43267a8f","settings":{"heading_title":"Follow Us","heading_title_size":{"unit":"px","size":14,"sizes":[]},"heading_title_line_height":{"unit":"px","size":24,"sizes":[]},"heading_title_color":"#262626","heading_style_padding":{"unit":"px","top":"0","right":"0","bottom":"25","left":"0","isLinked":false},"heading_title_typography_typography":"custom","heading_title_typography_font_weight":"700","heading_style_padding_mobile":{"unit":"px","top":"9","right":"0","bottom":"25","left":"0","isLinked":false},"_border_border":"solid","_border_width_mobile":{"unit":"px","top":"1","right":"0","bottom":"0","left":"0","isLinked":false},"_border_color":"#F0F0F0","_border_width":{"unit":"px","top":"0","right":"0","bottom":"0","left":"0","isLinked":true}},"elements":[],"isInner":false,"widgetType":"besa-heading","elType":"widget"},{"id":"13e195e","settings":{"gap":"no","padding":{"unit":"px","top":"0","right":"0","bottom":"6","left":"0","isLinked":false}},"elements":[{"id":"6fb877dc","settings":{"_column_size":100,"_inline_size":null},"elements":[{"id":"49bc9211","settings":{"image":{"id":"6789","url":"http:\/\/el3.thembaydev.com\/besa2\/wp-content\/uploads\/2021\/06\/fb.png"},"image_size":"full","width":{"unit":"px","size":32,"sizes":[]},"_css_classes":"w-auto"},"elements":[],"isInner":false,"widgetType":"image","elType":"widget"},{"id":"1737bf11","settings":{"text":"Facebook","link":{"url":"https:\/\/www.facebook.com\/","is_external":"","nofollow":"","custom_attributes":""},"icon_indent":{"unit":"px","size":8,"sizes":[]},"button_text_color":"#262626","background_color":"#02010100","text_padding":{"unit":"px","top":"0","right":"0","bottom":"0","left":"0","isLinked":false},"_padding":{"unit":"px","top":"5","right":"0","bottom":"0","left":"9","isLinked":false},"hover_color":"#FA4F26","_css_classes":"w-auto"},"elements":[],"isInner":false,"widgetType":"button","elType":"widget"}],"isInner":true,"elType":"column"}],"isInner":true,"elType":"section"},{"id":"2cf12d1a","settings":{"gap":"no","padding":{"unit":"px","top":"0","right":"0","bottom":"6","left":"0","isLinked":false}},"elements":[{"id":"7f2ca35a","settings":{"_column_size":100,"_inline_size":null},"elements":[{"id":"919dd4e","settings":{"image":{"id":"6790","url":"http:\/\/el3.thembaydev.com\/besa2\/wp-content\/uploads\/2021\/06\/youtube.png"},"image_size":"full","width":{"unit":"px","size":32,"sizes":[]},"_css_classes":"w-auto"},"elements":[],"isInner":false,"widgetType":"image","elType":"widget"},{"id":"920a233","settings":{"text":"YouTube","link":{"url":"http:\/\/youtube.com\/","is_external":"","nofollow":"","custom_attributes":""},"icon_indent":{"unit":"px","size":8,"sizes":[]},"button_text_color":"#262626","background_color":"#02010100","text_padding":{"unit":"px","top":"0","right":"0","bottom":"0","left":"0","isLinked":false},"_padding":{"unit":"px","top":"4","right":"0","bottom":"0","left":"10","isLinked":false},"hover_color":"#FA4F26","_css_classes":"w-auto"},"elements":[],"isInner":false,"widgetType":"button","elType":"widget"}],"isInner":true,"elType":"column"}],"isInner":true,"elType":"section"},{"id":"4e531352","settings":{"gap":"no","padding":{"unit":"px","top":"0","right":"0","bottom":"6","left":"0","isLinked":false}},"elements":[{"id":"42c41b5a","settings":{"_column_size":100,"_inline_size":null},"elements":[{"id":"472dc7fc","settings":{"image":{"id":"6791","url":"http:\/\/el3.thembaydev.com\/besa2\/wp-content\/uploads\/2021\/06\/google.png"},"image_size":"full","width":{"unit":"px","size":32,"sizes":[]},"_css_classes":"w-auto"},"elements":[],"isInner":false,"widgetType":"image","elType":"widget"},{"id":"4e5c95e7","settings":{"text":"Google","link":{"url":"http:\/\/google.com\/","is_external":"","nofollow":"","custom_attributes":""},"icon_indent":{"unit":"px","size":8,"sizes":[]},"button_text_color":"#262626","background_color":"#02010100","text_padding":{"unit":"px","top":"0","right":"0","bottom":"0","left":"0","isLinked":false},"_padding":{"unit":"px","top":"3","right":"0","bottom":"0","left":"9","isLinked":false},"hover_color":"#FA4F26","_css_classes":"w-auto"},"elements":[],"isInner":false,"widgetType":"button","elType":"widget"}],"isInner":true,"elType":"column"}],"isInner":true,"elType":"section"},{"id":"6ccde266","settings":{"gap":"no"},"elements":[{"id":"18374f31","settings":{"_column_size":100,"_inline_size":null},"elements":[{"id":"18378605","settings":{"image":{"id":"6792","url":"http:\/\/el3.thembaydev.com\/besa2\/wp-content\/uploads\/2021\/06\/twi.png"},"image_size":"full","width":{"unit":"px","size":32,"sizes":[]},"_css_classes":"w-auto"},"elements":[],"isInner":false,"widgetType":"image","elType":"widget"},{"id":"3ef7d3f0","settings":{"text":"Twitter","link":{"url":"https:\/\/twitter.com\/","is_external":"","nofollow":"","custom_attributes":""},"icon_indent":{"unit":"px","size":8,"sizes":[]},"button_text_color":"#262626","background_color":"#02010100","text_padding":{"unit":"px","top":"0","right":"0","bottom":"0","left":"0","isLinked":false},"_padding":{"unit":"px","top":"4","right":"0","bottom":"0","left":"9","isLinked":false},"hover_color":"#FA4F26","_css_classes":"w-auto"},"elements":[],"isInner":false,"widgetType":"button","elType":"widget"}],"isInner":true,"elType":"column"}],"isInner":true,"elType":"section"}],"isInner":false,"elType":"column"}],"isInner":false,"elType":"section"},{"id":"15822b81","settings":{"background_background":"classic","background_color":"#ffffff"},"elements":[{"id":"4bce1b41","settings":{"_column_size":100},"elements":[{"id":"10a87f1e","settings":{"space":{"unit":"px","size":1,"sizes":[]},"_background_background":"classic","_background_color":"#F0F0F0"},"elements":[],"isInner":false,"widgetType":"spacer","elType":"widget"},{"id":"39a47244","settings":{"heading_title":"All Departments","heading_title_color":"#262626","heading_title_typography_typography":"custom","heading_title_typography_font_size":{"unit":"px","size":14,"sizes":[]},"heading_style_padding":{"unit":"px","top":"0","right":"0","bottom":"0","left":"0","isLinked":false},"_padding":{"unit":"px","top":"32","right":"0","bottom":"0","left":"0","isLinked":false},"heading_title_typography_font_weight":"700","_padding_mobile":{"unit":"px","top":"27","right":"0","bottom":"0","left":"0","isLinked":false}},"elements":[],"isInner":false,"widgetType":"besa-heading","elType":"widget"}],"isInner":false,"elType":"column"}],"isInner":false,"elType":"section"},{"id":"6197438e","settings":{"structure":"40","stretch_section":"section-stretched","background_background":"classic","background_color":"#ffffff","padding":{"unit":"px","top":"13","right":"15","bottom":"22","left":"15","isLinked":false},"margin_mobile":{"unit":"px","top":"0","right":0,"bottom":"0","left":0,"isLinked":true},"padding_mobile":{"unit":"px","top":"22","right":"15","bottom":"0","left":"15","isLinked":false},"padding_tablet":{"unit":"px","top":"15","right":"0","bottom":"20","left":"0","isLinked":false}},"elements":[{"id":"18112b74","settings":{"_column_size":25,"_inline_size":null,"padding_mobile":{"unit":"px","top":"0","right":"0","bottom":"19","left":"0","isLinked":false}},"elements":[{"id":"15fedea1","settings":{"heading_title":"Mobile & Tablets","heading_title_size":{"unit":"px","size":14,"sizes":[]},"_padding":{"unit":"px","top":"0","right":"0","bottom":"0","left":"0","isLinked":false},"heading_title_color":"#000000","heading_title_typography_typography":"custom","heading_title_typography_font_weight":"600","heading_title_bottom_space":{"unit":"px","size":4,"sizes":[]},"heading_style_padding":{"unit":"px","top":"0","right":"0","bottom":"0","left":"0","isLinked":false},"heading_style_padding_mobile":{"unit":"px","top":"0","right":"0","bottom":"4","left":"0","isLinked":false}},"elements":[],"isInner":false,"widgetType":"besa-heading","elType":"widget"},{"id":"276e3d3c","settings":{"list_menu_separator":" | "},"elements":[],"isInner":false,"widgetType":"besa-list-menu","elType":"widget"}],"isInner":false,"elType":"column"},{"id":"7bcf870","settings":{"_column_size":25,"_inline_size":null,"padding_mobile":{"unit":"px","top":"0","right":"0","bottom":"19","left":"0","isLinked":false}},"elements":[{"id":"64832537","settings":{"heading_title":"Televisions","heading_title_size":{"unit":"px","size":14,"sizes":[]},"heading_title_color":"#000000","heading_title_typography_typography":"custom","heading_title_typography_font_weight":"600","heading_title_bottom_space":{"unit":"px","size":4,"sizes":[]},"heading_style_padding":{"unit":"px","top":"0","right":"0","bottom":"0","left":"0","isLinked":false},"_padding":{"unit":"px","top":"0","right":"0","bottom":"0","left":"0","isLinked":false},"heading_style_padding_mobile":{"unit":"px","top":"0","right":"0","bottom":"4","left":"0","isLinked":false}},"elements":[],"isInner":false,"widgetType":"besa-heading","elType":"widget"},{"id":"2e29c149","settings":{"list_menu_separator":" | "},"elements":[],"isInner":false,"widgetType":"besa-list-menu","elType":"widget"}],"isInner":false,"elType":"column"},{"id":"7bfc1c06","settings":{"_column_size":25,"_inline_size":null,"padding_mobile":{"unit":"px","top":"0","right":"0","bottom":"19","left":"0","isLinked":false}},"elements":[{"id":"5f217766","settings":{"heading_title":"Computer & Laptop","heading_title_size":{"unit":"px","size":14,"sizes":[]},"heading_title_color":"#000000","heading_title_typography_typography":"custom","heading_title_typography_font_weight":"600","heading_title_bottom_space":{"unit":"px","size":4,"sizes":[]},"heading_style_padding":{"unit":"px","top":"0","right":"0","bottom":"0","left":"0","isLinked":false},"_padding":{"unit":"px","top":"0","right":"0","bottom":"0","left":"0","isLinked":false},"heading_style_padding_mobile":{"unit":"px","top":"0","right":"0","bottom":"4","left":"0","isLinked":false}},"elements":[],"isInner":false,"widgetType":"besa-heading","elType":"widget"},{"id":"5c07c79c","settings":{"list_menu_separator":" | "},"elements":[],"isInner":false,"widgetType":"besa-list-menu","elType":"widget"}],"isInner":false,"elType":"column"},{"id":"2aafde36","settings":{"_column_size":25,"_inline_size":null,"padding_mobile":{"unit":"px","top":"0","right":"0","bottom":"19","left":"0","isLinked":false}},"elements":[{"id":"2818f3bf","settings":{"heading_title":"Health & Beauty","heading_title_size":{"unit":"px","size":14,"sizes":[]},"heading_title_color":"#000000","heading_title_typography_typography":"custom","heading_title_typography_font_weight":"600","heading_title_bottom_space":{"unit":"px","size":4,"sizes":[]},"heading_style_padding":{"unit":"px","top":"0","right":"0","bottom":"0","left":"0","isLinked":false},"_padding":{"unit":"px","top":"0","right":"0","bottom":"0","left":"0","isLinked":false},"heading_style_padding_mobile":{"unit":"px","top":"0","right":"0","bottom":"4","left":"0","isLinked":false}},"elements":[],"isInner":false,"widgetType":"besa-heading","elType":"widget"},{"id":"de2708f","settings":{"list_menu_separator":" | "},"elements":[],"isInner":false,"widgetType":"besa-list-menu","elType":"widget"}],"isInner":false,"elType":"column"}],"isInner":false,"elType":"section"},{"id":"796591ef","settings":{"structure":"40","stretch_section":"section-stretched","background_background":"classic","background_color":"#ffffff","padding":{"unit":"px","top":"0","right":"15","bottom":"44","left":"15","isLinked":false},"padding_mobile":{"unit":"px","top":"0","right":"15","bottom":"31","left":"15","isLinked":false},"padding_tablet":{"unit":"px","top":"10","right":"0","bottom":"20","left":"0","isLinked":false}},"elements":[{"id":"10af7b85","settings":{"_column_size":25,"_inline_size":null,"padding_mobile":{"unit":"px","top":"0","right":"0","bottom":"19","left":"0","isLinked":false}},"elements":[{"id":"229d3cd0","settings":{"heading_title":"Cameras","heading_title_size":{"unit":"px","size":14,"sizes":[]},"heading_title_color":"#000000","heading_title_typography_typography":"custom","heading_title_typography_font_weight":"600","heading_title_bottom_space":{"unit":"px","size":4,"sizes":[]},"heading_style_padding":{"unit":"px","top":"0","right":"0","bottom":"0","left":"0","isLinked":false},"_padding":{"unit":"px","top":"0","right":"0","bottom":"0","left":"0","isLinked":false},"heading_style_padding_mobile":{"unit":"px","top":"0","right":"0","bottom":"4","left":"0","isLinked":false}},"elements":[],"isInner":false,"widgetType":"besa-heading","elType":"widget"},{"id":"77ace46d","settings":{"list_menu_separator":" | "},"elements":[],"isInner":false,"widgetType":"besa-list-menu","elType":"widget"}],"isInner":false,"elType":"column"},{"id":"33cc188a","settings":{"_column_size":25,"_inline_size":null,"padding_mobile":{"unit":"px","top":"0","right":"0","bottom":"19","left":"0","isLinked":false}},"elements":[{"id":"5d194e9d","settings":{"heading_title":"Air Conditioners","heading_title_size":{"unit":"px","size":14,"sizes":[]},"heading_title_color":"#000000","heading_title_typography_typography":"custom","heading_title_typography_font_weight":"600","heading_title_bottom_space":{"unit":"px","size":4,"sizes":[]},"heading_style_padding":{"unit":"px","top":"0","right":"0","bottom":"0","left":"0","isLinked":false},"_padding":{"unit":"px","top":"0","right":"0","bottom":"0","left":"0","isLinked":false},"heading_style_padding_mobile":{"unit":"px","top":"0","right":"0","bottom":"4","left":"0","isLinked":false}},"elements":[],"isInner":false,"widgetType":"besa-heading","elType":"widget"},{"id":"188f300e","settings":{"list_menu_separator":" | "},"elements":[],"isInner":false,"widgetType":"besa-list-menu","elType":"widget"}],"isInner":false,"elType":"column"},{"id":"1822ddea","settings":{"_column_size":25,"_inline_size":null,"padding_mobile":{"unit":"px","top":"0","right":"0","bottom":"19","left":"0","isLinked":false}},"elements":[{"id":"6d3906fa","settings":{"heading_title":"Washing Machines","heading_title_size":{"unit":"px","size":14,"sizes":[]},"heading_title_color":"#000000","heading_title_typography_typography":"custom","heading_title_typography_font_weight":"600","heading_title_bottom_space":{"unit":"px","size":4,"sizes":[]},"heading_style_padding":{"unit":"px","top":"0","right":"0","bottom":"0","left":"0","isLinked":false},"_padding":{"unit":"px","top":"0","right":"0","bottom":"0","left":"0","isLinked":false},"heading_style_padding_mobile":{"unit":"px","top":"0","right":"0","bottom":"4","left":"0","isLinked":false}},"elements":[],"isInner":false,"widgetType":"besa-heading","elType":"widget"},{"id":"3d21faf","settings":{"list_menu_separator":" | "},"elements":[],"isInner":false,"widgetType":"besa-list-menu","elType":"widget"}],"isInner":false,"elType":"column"},{"id":"7d0bee48","settings":{"_column_size":25,"_inline_size":null,"padding_mobile":{"unit":"px","top":"0","right":"0","bottom":"0","left":"0","isLinked":false}},"elements":[{"id":"735a1d32","settings":{"heading_title":"Microwaves","heading_title_size":{"unit":"px","size":14,"sizes":[]},"heading_title_color":"#000000","heading_title_typography_typography":"custom","heading_title_typography_font_weight":"600","heading_title_bottom_space":{"unit":"px","size":4,"sizes":[]},"heading_style_padding":{"unit":"px","top":"0","right":"0","bottom":"0","left":"0","isLinked":false},"_padding":{"unit":"px","top":"0","right":"0","bottom":"0","left":"0","isLinked":false},"heading_style_padding_mobile":{"unit":"px","top":"0","right":"0","bottom":"4","left":"0","isLinked":false}},"elements":[],"isInner":false,"widgetType":"besa-heading","elType":"widget"},{"id":"7178f04b","settings":{"list_menu_separator":" | "},"elements":[],"isInner":false,"widgetType":"besa-list-menu","elType":"widget"}],"isInner":false,"elType":"column"}],"isInner":false,"elType":"section"},{"id":"7a39aaf8","settings":{"background_background":"classic","background_color":"#ffffff"},"elements":[{"id":"2f5be44a","settings":{"_column_size":100},"elements":[{"id":"47aa61c3","settings":{"space":{"unit":"px","size":1,"sizes":[]},"_background_background":"classic","_background_color":"#F0F0F0"},"elements":[],"isInner":false,"widgetType":"spacer","elType":"widget"}],"isInner":false,"elType":"column"}],"isInner":false,"elType":"section"},{"id":"28bec022","settings":{"structure":"20","background_background":"classic","background_color":"#ffffff","padding":{"unit":"px","top":"36","right":"15","bottom":"52","left":"15","isLinked":false},"border_width":{"unit":"px","top":"1","right":"0","bottom":"0","left":"0","isLinked":false},"border_color":"#dddddd","padding_tablet":{"unit":"px","top":"50","right":"15","bottom":"90","left":"15","isLinked":false},"padding_mobile":{"unit":"px","top":"28","right":"15","bottom":"44","left":"15","isLinked":false}},"elements":[{"id":"42e7fafd","settings":{"_column_size":50,"_inline_size":75,"border_width":{"unit":"px","top":"1","right":"0","bottom":"0","left":"0","isLinked":false},"border_color":"#000000","padding_mobile":{"unit":"px","top":"0","right":"0","bottom":"23","left":"0","isLinked":false}},"elements":[{"id":"2331dd59","settings":{"editor":"<p><span style=\"color: #444444;\"><a style=\"color: #444444;\" href=\"https:\/\/el3.thembaydev.com\/besa2\/\" data-wplink-url-error=\"true\"><strong>Besa<\/strong> <\/a><\/span>sodales pretium justo et volutpat. Maecenas semper lacinia augue, id max imus lectus tincidunt ut. Aenean ac aliquam massa ut lacinia est. Praesent ante diam, varius eget velit sit amet, fauc ibus feugiat arcu. Proin fermentum semper bibendum.<\/p>","text_color":"#777777","typography_typography":"custom","typography_font_size":{"unit":"px","size":13,"sizes":[]},"typography_line_height":{"unit":"px","size":18,"sizes":[]},"_padding":{"unit":"px","top":"0","right":"65","bottom":"0","left":"0","isLinked":false},"_padding_tablet":{"unit":"px","top":"0","right":"0","bottom":"0","left":"0","isLinked":false}},"elements":[],"isInner":false,"widgetType":"text-editor","elType":"widget"},{"id":"4540902f","settings":{"editor":"<p>\u00a9 2021 Besa. All Rights Reserved.<\/p>","text_color":"#777777","typography_typography":"custom","typography_font_size":{"unit":"px","size":13,"sizes":[]},"typography_line_height":{"unit":"px","size":18,"sizes":[]},"_padding":{"unit":"px","top":"18","right":"0","bottom":"0","left":"0","isLinked":false}},"elements":[],"isInner":false,"widgetType":"text-editor","elType":"widget"}],"isInner":false,"elType":"column"},{"id":"74c9b87a","settings":{"_column_size":50,"_inline_size":25,"border_width":{"unit":"px","top":"1","right":"0","bottom":"0","left":"0","isLinked":false},"border_color":"#000000","padding_mobile":{"unit":"px","top":"0","right":"0","bottom":"20","left":"0","isLinked":false}},"elements":[{"id":"74a84453","settings":{"image":{"id":"6722","url":"http:\/\/el3.thembaydev.com\/besa2\/wp-content\/uploads\/2021\/06\/Payment.jpg"},"align":"left","_padding":{"unit":"px","top":"7","right":"0","bottom":"0","left":"0","isLinked":false}},"elements":[],"isInner":false,"widgetType":"image","elType":"widget"}],"isInner":false,"elType":"column"}],"isInner":false,"elType":"section"}],"page_settings":[],"version":"0.4","title":"template-footer-3","type":"page"}