{"content":[{"id":"c504115","settings":{"stretch_section":"section-stretched","structure":"30","background_background":"classic","background_color":"#FFFFFF","margin":{"unit":"px","top":"80","right":0,"bottom":"0","left":0,"isLinked":false},"content_position":"middle","padding":{"unit":"px","top":"47","right":"0","bottom":"47","left":"0","isLinked":false},"margin_mobile":{"unit":"px","top":"30","right":0,"bottom":"0","left":0,"isLinked":false},"padding_mobile":{"unit":"px","top":"30","right":"0","bottom":"30","left":"0","isLinked":false}},"elements":[{"id":"12d2f19","settings":{"_column_size":33,"_inline_size":17,"_inline_size_tablet":100},"elements":[{"id":"1b79d309","settings":{"heading_title":"Recently viewed ","heading_style_padding":{"unit":"px","top":"0","right":"0","bottom":"0","left":"0","isLinked":false},"_padding_tablet":{"unit":"px","top":"0","right":"0","bottom":"10","left":"0","isLinked":false}},"elements":[],"isInner":false,"widgetType":"besa-heading","elType":"widget"}],"isInner":false,"elType":"column"},{"id":"71e91eb7","settings":{"_column_size":33,"_inline_size":69.332,"_inline_size_tablet":100,"padding_mobile":{"unit":"px","top":"0","right":"0","bottom":"0","left":"0","isLinked":false}},"elements":[{"id":"1f000cae","settings":{"position_displayed":"main","header_title":"Recently Viewed","empty":"You have no recently viewed item.","enable_readmore":"","column":"8","col_desktop":"8","readmore_text":"Read More","readmore_page":725,"product_style":"only-image","column_tablet":"6","column_mobile":"4","col_desktopsmall":"8","col_landscape":"4"},"elements":[],"isInner":false,"widgetType":"besa-product-recently-viewed","elType":"widget"}],"isInner":false,"elType":"column"},{"id":"2d306f0f","settings":{"_column_size":33,"_inline_size":13,"_inline_size_tablet":100},"elements":[{"id":"3ed108cb","settings":{"text":"View all products","link":{"url":"https:\/\/el3.thembaydev.com\/besa2\/recently-viewed-products\/","is_external":"","nofollow":"","custom_attributes":""},"typography_typography":"custom","typography_font_size":{"unit":"px","size":14,"sizes":[]},"typography_line_height":{"unit":"px","size":22,"sizes":[]},"button_text_color":"#FA4F26","background_color":"#02010100","text_padding":{"unit":"px","top":"0","right":"0","bottom":"0","left":"0","isLinked":false},"_padding_tablet":{"unit":"px","top":"10","right":"0","bottom":"0","left":"0","isLinked":false}},"elements":[],"isInner":false,"widgetType":"button","elType":"widget"}],"isInner":false,"elType":"column"}],"isInner":false,"elType":"section"},{"id":"40eb336a","settings":{"stretch_section":"section-stretched","content_position":"middle","structure":"40","background_background":"classic","background_color":"#FFFFFF","margin":{"unit":"px","top":"0","right":0,"bottom":"0","left":0,"isLinked":false},"padding":{"unit":"px","top":"43","right":"15","bottom":"33","left":"15","isLinked":false},"border_border":"solid","border_width":{"unit":"px","top":"3","right":"0","bottom":"0","left":"0","isLinked":false},"border_color":"#FA4F26","padding_mobile":{"unit":"px","top":"32","right":"0","bottom":"30","left":"0","isLinked":false}},"elements":[{"id":"3fd5963c","settings":{"_column_size":25,"_inline_size":6.2,"padding":{"unit":"px","top":"0","right":"0","bottom":"0","left":"15","isLinked":false}},"elements":[{"id":"50fc85fc","settings":{"image":{"id":"6721","url":"http:\/\/el3.thembaydev.com\/besa2\/wp-content\/uploads\/2021\/06\/newsletter.png"},"hide_mobile":"hidden-phone"},"elements":[],"isInner":false,"widgetType":"image","elType":"widget"}],"isInner":false,"elType":"column"},{"id":"5d88d81e","settings":{"_column_size":25,"_inline_size":36.5},"elements":[{"id":"721328ec","settings":{"align":"left","heading_title":"Subscribe Newsletter","heading_title_color":"#262626","heading_title_typography_typography":"custom","heading_title_typography_font_size":{"unit":"px","size":16,"sizes":[]},"heading_title_typography_line_height":{"unit":"px","size":28,"sizes":[]},"heading_subtitle_size":{"unit":"px","size":14,"sizes":[]},"heading_subtitle_line_height":{"unit":"px","size":30,"sizes":[]},"heading_subtitle_color":"#262626","heading_style_padding":{"unit":"px","top":"0","right":"0","bottom":"0","left":"0","isLinked":true},"heading_title_typography_font_weight":"700"},"elements":[],"isInner":false,"widgetType":"besa-heading","elType":"widget"},{"id":"6caf896","settings":{"align":"left","heading_title":"","heading_subtitle":"Don't miss out thousands of great deals & promotions","heading_title_typography_font_size":{"unit":"px","size":16,"sizes":[]},"heading_title_typography_line_height":{"unit":"px","size":36,"sizes":[]},"heading_subtitle_size":{"unit":"px","size":14,"sizes":[]},"heading_subtitle_line_height":{"unit":"px","size":22,"sizes":[]},"heading_subtitle_color":"#262626","heading_style_padding":{"unit":"px","top":"0","right":"0","bottom":"0","left":"0","isLinked":true},"_margin":{"unit":"px","top":"0","right":"0","bottom":"0","left":"-7","isLinked":false},"_margin_mobile":{"unit":"px","top":"0","right":"0","bottom":"0","left":"0","isLinked":false}},"elements":[],"isInner":false,"widgetType":"besa-heading","elType":"widget"}],"isInner":false,"elType":"column"},{"id":"1bd146b8","settings":{"_column_size":25,"_inline_size":41},"elements":[{"id":"5507ab49","settings":{"_margin":{"unit":"px","top":"0","right":"0","bottom":"0","left":"0","isLinked":false},"_padding":{"unit":"px","top":"0","right":"0","bottom":"12","left":"0","isLinked":false},"icon_hide":"none","input_border_radius":{"unit":"px","top":"3","right":"3","bottom":"3","left":"3","isLinked":true},"input_margin":{"unit":"px","top":"0","right":"8","bottom":"0","left":"0","isLinked":false},"button_border_radius":{"unit":"px","top":"3","right":"3","bottom":"3","left":"3","isLinked":true},"width_input":{"unit":"px","size":350,"sizes":[]},"typography_typography":"custom","typography_font_weight":"400","_padding_mobile":{"unit":"px","top":"13","right":"0","bottom":"0","left":"0","isLinked":false}},"elements":[],"isInner":false,"widgetType":"besa-newsletter","elType":"widget"}],"isInner":false,"elType":"column"},{"id":"7cf2bd39","settings":{"_column_size":25,"_inline_size":16.3},"elements":[],"isInner":false,"elType":"column"}],"isInner":false,"elType":"section"},{"id":"3385eafa","settings":{"background_background":"classic","background_color":"#FFFFFF"},"elements":[{"id":"24685661","settings":{"_column_size":100,"_inline_size":null},"elements":[{"id":"203a60fb","settings":{"text":"Divider","color":"#F0F0F0","gap":{"unit":"px","size":"","sizes":[]}},"elements":[],"isInner":false,"widgetType":"divider","elType":"widget"}],"isInner":false,"elType":"column"}],"isInner":false,"elType":"section"},{"id":"21d4afab","settings":{"structure":"40","background_background":"classic","background_color":"#FFFFFF","padding":{"unit":"px","top":"34","right":"0","bottom":"39","left":"0","isLinked":false},"padding_mobile":{"unit":"px","top":"18","right":"0","bottom":"32","left":"0","isLinked":false}},"elements":[{"id":"42955df9","settings":{"_column_size":25,"_inline_size":null},"elements":[{"id":"55836e24","settings":{"heading_title":"Contact","heading_title_size":{"unit":"px","size":14,"sizes":[]},"heading_title_line_height":{"unit":"px","size":24,"sizes":[]},"heading_title_color":"#262626","heading_style_padding":{"unit":"px","top":"0","right":"0","bottom":"22","left":"0","isLinked":false},"heading_title_typography_typography":"custom","heading_title_typography_font_weight":"700","heading_style_padding_mobile":{"unit":"px","top":"0","right":"0","bottom":"19","left":"0","isLinked":false}},"elements":[],"isInner":false,"widgetType":"besa-heading","elType":"widget"},{"id":"6962f352","settings":{"editor":"<p>70 West Buckingham Ave.<\/p><p>Farmingdale, NY 11735<\/p><p><a href=\"mailto:contact@besa.com\">contact@besa.com<\/a><\/p>","text_color":"#262626","typography_typography":"custom","typography_font_size":{"unit":"px","size":14,"sizes":[]},"typography_line_height":{"unit":"px","size":24,"sizes":[]}},"elements":[],"isInner":false,"widgetType":"text-editor","elType":"widget"},{"id":"2891ac5","settings":{"editor":"<p><span style=\"color: #02734a;\"><a style=\"color: #02734a;\" href=\"tel: 19393293494\">+1 939-329-3494<\/a><\/span><\/p>","text_color":"#02734A","typography_typography":"custom","typography_font_size":{"unit":"px","size":20,"sizes":[]},"typography_font_weight":"600","_padding":{"unit":"px","top":"17","right":"0","bottom":"0","left":"0","isLinked":false}},"elements":[],"isInner":false,"widgetType":"text-editor","elType":"widget"}],"isInner":false,"elType":"column"},{"id":"239d168a","settings":{"_column_size":25,"_inline_size":null},"elements":[{"id":"3043da90","settings":{"heading_title":"About","heading_title_typography_typography":"custom","heading_title_typography_font_weight":"700","heading_style_padding":{"unit":"px","top":"0","right":"0","bottom":"17","left":"0","isLinked":false},"menu_vertical_typography_typography":"custom","menu_vertical_typography_line_height":{"unit":"px","size":24,"sizes":[]},"menu_vertical_color":"#262626","menu_vertical_color_hover":"#FA4F26","heading_style_padding_mobile":{"unit":"px","top":"12","right":"0","bottom":"12","left":"0","isLinked":false},"_margin_mobile":{"unit":"px","top":"27","right":"0","bottom":"0","left":"0","isLinked":false},"_border_border":"solid","_border_width_mobile":{"unit":"px","top":"1","right":"0","bottom":"0","left":"0","isLinked":false},"_border_color":"#F0F0F0","_border_width":{"unit":"px","top":"0","right":"0","bottom":"0","left":"0","isLinked":true}},"elements":[],"isInner":false,"widgetType":"besa-menu-vertical","elType":"widget"}],"isInner":false,"elType":"column"},{"id":"1db48d1a","settings":{"_column_size":25,"_inline_size":null},"elements":[{"id":"769f806c","settings":{"heading_title":"Help & Guide","heading_title_typography_typography":"custom","heading_title_typography_font_weight":"700","heading_style_padding":{"unit":"px","top":"0","right":"0","bottom":"17","left":"0","isLinked":false},"menu_vertical_typography_typography":"custom","menu_vertical_typography_line_height":{"unit":"px","size":24,"sizes":[]},"menu_vertical_color":"#262626","menu_vertical_color_hover":"#FA4F26","heading_style_padding_mobile":{"unit":"px","top":"12","right":"0","bottom":"12","left":"0","isLinked":false},"_border_border":"solid","_border_width_mobile":{"unit":"px","top":"1","right":"0","bottom":"0","left":"0","isLinked":false},"_border_color":"#F0F0F0","_border_width":{"unit":"px","top":"0","right":"0","bottom":"0","left":"0","isLinked":true}},"elements":[],"isInner":false,"widgetType":"besa-menu-vertical","elType":"widget"}],"isInner":false,"elType":"column"},{"id":"708d169d","settings":{"_column_size":25,"_inline_size":null},"elements":[{"id":"6f335a42","settings":{"heading_title":"Follow Us","heading_title_size":{"unit":"px","size":14,"sizes":[]},"heading_title_line_height":{"unit":"px","size":24,"sizes":[]},"heading_title_color":"#262626","heading_style_padding":{"unit":"px","top":"0","right":"0","bottom":"25","left":"0","isLinked":false},"heading_title_typography_typography":"custom","heading_title_typography_font_weight":"700","heading_style_padding_mobile":{"unit":"px","top":"9","right":"0","bottom":"25","left":"0","isLinked":false},"_border_border":"solid","_border_width_mobile":{"unit":"px","top":"1","right":"0","bottom":"0","left":"0","isLinked":false},"_border_color":"#F0F0F0","_border_width":{"unit":"px","top":"0","right":"0","bottom":"0","left":"0","isLinked":true}},"elements":[],"isInner":false,"widgetType":"besa-heading","elType":"widget"},{"id":"784b7793","settings":{"gap":"no","padding":{"unit":"px","top":"0","right":"0","bottom":"6","left":"0","isLinked":false}},"elements":[{"id":"48c0d4de","settings":{"_column_size":100,"_inline_size":null},"elements":[{"id":"266d48fc","settings":{"image":{"id":"6789","url":"http:\/\/el3.thembaydev.com\/besa2\/wp-content\/uploads\/2021\/06\/fb.png"},"image_size":"full","width":{"unit":"px","size":32,"sizes":[]},"_css_classes":"w-auto"},"elements":[],"isInner":false,"widgetType":"image","elType":"widget"},{"id":"3df78524","settings":{"text":"Facebook","link":{"url":"https:\/\/www.facebook.com\/","is_external":"","nofollow":"","custom_attributes":""},"icon_indent":{"unit":"px","size":8,"sizes":[]},"button_text_color":"#262626","background_color":"#02010100","text_padding":{"unit":"px","top":"0","right":"0","bottom":"0","left":"0","isLinked":false},"_padding":{"unit":"px","top":"5","right":"0","bottom":"0","left":"9","isLinked":false},"hover_color":"#FA4F26","_css_classes":"w-auto"},"elements":[],"isInner":false,"widgetType":"button","elType":"widget"}],"isInner":true,"elType":"column"}],"isInner":true,"elType":"section"},{"id":"11abce97","settings":{"gap":"no","padding":{"unit":"px","top":"0","right":"0","bottom":"6","left":"0","isLinked":false}},"elements":[{"id":"21936e29","settings":{"_column_size":100,"_inline_size":null},"elements":[{"id":"75cb977","settings":{"image":{"id":"6790","url":"http:\/\/el3.thembaydev.com\/besa2\/wp-content\/uploads\/2021\/06\/youtube.png"},"image_size":"full","width":{"unit":"px","size":32,"sizes":[]},"_css_classes":"w-auto"},"elements":[],"isInner":false,"widgetType":"image","elType":"widget"},{"id":"23dd8da3","settings":{"text":"YouTube","link":{"url":"http:\/\/youtube.com\/","is_external":"","nofollow":"","custom_attributes":""},"icon_indent":{"unit":"px","size":8,"sizes":[]},"button_text_color":"#262626","background_color":"#02010100","text_padding":{"unit":"px","top":"0","right":"0","bottom":"0","left":"0","isLinked":false},"_padding":{"unit":"px","top":"4","right":"0","bottom":"0","left":"10","isLinked":false},"hover_color":"#FA4F26","_css_classes":"w-auto"},"elements":[],"isInner":false,"widgetType":"button","elType":"widget"}],"isInner":true,"elType":"column"}],"isInner":true,"elType":"section"},{"id":"243c8450","settings":{"gap":"no","padding":{"unit":"px","top":"0","right":"0","bottom":"6","left":"0","isLinked":false}},"elements":[{"id":"59be5397","settings":{"_column_size":100,"_inline_size":null},"elements":[{"id":"4c77eaa7","settings":{"image":{"id":"6791","url":"http:\/\/el3.thembaydev.com\/besa2\/wp-content\/uploads\/2021\/06\/google.png"},"image_size":"full","width":{"unit":"px","size":32,"sizes":[]},"_css_classes":"w-auto"},"elements":[],"isInner":false,"widgetType":"image","elType":"widget"},{"id":"1175ac19","settings":{"text":"Google","link":{"url":"http:\/\/google.com\/","is_external":"","nofollow":"","custom_attributes":""},"icon_indent":{"unit":"px","size":8,"sizes":[]},"button_text_color":"#262626","background_color":"#02010100","text_padding":{"unit":"px","top":"0","right":"0","bottom":"0","left":"0","isLinked":false},"_padding":{"unit":"px","top":"3","right":"0","bottom":"0","left":"9","isLinked":false},"hover_color":"#FA4F26","_css_classes":"w-auto"},"elements":[],"isInner":false,"widgetType":"button","elType":"widget"}],"isInner":true,"elType":"column"}],"isInner":true,"elType":"section"},{"id":"5380506","settings":{"gap":"no"},"elements":[{"id":"577f5fbc","settings":{"_column_size":100,"_inline_size":null},"elements":[{"id":"69cc3ac8","settings":{"image":{"id":"6792","url":"http:\/\/el3.thembaydev.com\/besa2\/wp-content\/uploads\/2021\/06\/twi.png"},"image_size":"full","width":{"unit":"px","size":32,"sizes":[]},"_css_classes":"w-auto"},"elements":[],"isInner":false,"widgetType":"image","elType":"widget"},{"id":"65b7b838","settings":{"text":"Twitter","link":{"url":"https:\/\/twitter.com\/","is_external":"","nofollow":"","custom_attributes":""},"icon_indent":{"unit":"px","size":8,"sizes":[]},"button_text_color":"#262626","background_color":"#02010100","text_padding":{"unit":"px","top":"0","right":"0","bottom":"0","left":"0","isLinked":false},"_padding":{"unit":"px","top":"4","right":"0","bottom":"0","left":"9","isLinked":false},"hover_color":"#FA4F26","_css_classes":"w-auto"},"elements":[],"isInner":false,"widgetType":"button","elType":"widget"}],"isInner":true,"elType":"column"}],"isInner":true,"elType":"section"}],"isInner":false,"elType":"column"}],"isInner":false,"elType":"section"},{"id":"212154d","settings":{"background_background":"classic","background_color":"#ffffff"},"elements":[{"id":"201bdce7","settings":{"_column_size":100},"elements":[{"id":"57f41c19","settings":{"space":{"unit":"px","size":1,"sizes":[]},"_background_background":"classic","_background_color":"#F0F0F0"},"elements":[],"isInner":false,"widgetType":"spacer","elType":"widget"},{"id":"6eb4b7ad","settings":{"heading_title":"All Departments","heading_title_color":"#262626","heading_title_typography_typography":"custom","heading_title_typography_font_size":{"unit":"px","size":14,"sizes":[]},"heading_style_padding":{"unit":"px","top":"0","right":"0","bottom":"0","left":"0","isLinked":false},"_padding":{"unit":"px","top":"32","right":"0","bottom":"0","left":"0","isLinked":false},"heading_title_typography_font_weight":"700","_padding_mobile":{"unit":"px","top":"27","right":"0","bottom":"0","left":"0","isLinked":false}},"elements":[],"isInner":false,"widgetType":"besa-heading","elType":"widget"}],"isInner":false,"elType":"column"}],"isInner":false,"elType":"section"},{"id":"2c06cb1b","settings":{"structure":"40","stretch_section":"section-stretched","background_background":"classic","background_color":"#ffffff","padding":{"unit":"px","top":"13","right":"15","bottom":"22","left":"15","isLinked":false},"margin_mobile":{"unit":"px","top":"0","right":0,"bottom":"0","left":0,"isLinked":true},"padding_mobile":{"unit":"px","top":"22","right":"15","bottom":"0","left":"15","isLinked":false},"padding_tablet":{"unit":"px","top":"15","right":"0","bottom":"20","left":"0","isLinked":false}},"elements":[{"id":"c41ac2b","settings":{"_column_size":25,"_inline_size":null,"padding_mobile":{"unit":"px","top":"0","right":"0","bottom":"19","left":"0","isLinked":false}},"elements":[{"id":"7e81df4b","settings":{"heading_title":"Mobile & Tablets","heading_title_size":{"unit":"px","size":14,"sizes":[]},"_padding":{"unit":"px","top":"0","right":"0","bottom":"0","left":"0","isLinked":false},"heading_title_color":"#000000","heading_title_typography_typography":"custom","heading_title_typography_font_weight":"600","heading_title_bottom_space":{"unit":"px","size":4,"sizes":[]},"heading_style_padding":{"unit":"px","top":"0","right":"0","bottom":"0","left":"0","isLinked":false},"heading_style_padding_mobile":{"unit":"px","top":"0","right":"0","bottom":"4","left":"0","isLinked":false}},"elements":[],"isInner":false,"widgetType":"besa-heading","elType":"widget"},{"id":"5795cfa2","settings":{"list_menu_separator":" | "},"elements":[],"isInner":false,"widgetType":"besa-list-menu","elType":"widget"}],"isInner":false,"elType":"column"},{"id":"4f1c183b","settings":{"_column_size":25,"_inline_size":null,"padding_mobile":{"unit":"px","top":"0","right":"0","bottom":"19","left":"0","isLinked":false}},"elements":[{"id":"266e9ee5","settings":{"heading_title":"Televisions","heading_title_size":{"unit":"px","size":14,"sizes":[]},"heading_title_color":"#000000","heading_title_typography_typography":"custom","heading_title_typography_font_weight":"600","heading_title_bottom_space":{"unit":"px","size":4,"sizes":[]},"heading_style_padding":{"unit":"px","top":"0","right":"0","bottom":"0","left":"0","isLinked":false},"_padding":{"unit":"px","top":"0","right":"0","bottom":"0","left":"0","isLinked":false},"heading_style_padding_mobile":{"unit":"px","top":"0","right":"0","bottom":"4","left":"0","isLinked":false}},"elements":[],"isInner":false,"widgetType":"besa-heading","elType":"widget"},{"id":"34664010","settings":{"list_menu_separator":" | "},"elements":[],"isInner":false,"widgetType":"besa-list-menu","elType":"widget"}],"isInner":false,"elType":"column"},{"id":"6a0ecbb1","settings":{"_column_size":25,"_inline_size":null,"padding_mobile":{"unit":"px","top":"0","right":"0","bottom":"19","left":"0","isLinked":false}},"elements":[{"id":"6ca0d886","settings":{"heading_title":"Computer & Laptop","heading_title_size":{"unit":"px","size":14,"sizes":[]},"heading_title_color":"#000000","heading_title_typography_typography":"custom","heading_title_typography_font_weight":"600","heading_title_bottom_space":{"unit":"px","size":4,"sizes":[]},"heading_style_padding":{"unit":"px","top":"0","right":"0","bottom":"0","left":"0","isLinked":false},"_padding":{"unit":"px","top":"0","right":"0","bottom":"0","left":"0","isLinked":false},"heading_style_padding_mobile":{"unit":"px","top":"0","right":"0","bottom":"4","left":"0","isLinked":false}},"elements":[],"isInner":false,"widgetType":"besa-heading","elType":"widget"},{"id":"35d9f985","settings":{"list_menu_separator":" | "},"elements":[],"isInner":false,"widgetType":"besa-list-menu","elType":"widget"}],"isInner":false,"elType":"column"},{"id":"5295f269","settings":{"_column_size":25,"_inline_size":null,"padding_mobile":{"unit":"px","top":"0","right":"0","bottom":"19","left":"0","isLinked":false}},"elements":[{"id":"7ba53da2","settings":{"heading_title":"Health & Beauty","heading_title_size":{"unit":"px","size":14,"sizes":[]},"heading_title_color":"#000000","heading_title_typography_typography":"custom","heading_title_typography_font_weight":"600","heading_title_bottom_space":{"unit":"px","size":4,"sizes":[]},"heading_style_padding":{"unit":"px","top":"0","right":"0","bottom":"0","left":"0","isLinked":false},"_padding":{"unit":"px","top":"0","right":"0","bottom":"0","left":"0","isLinked":false},"heading_style_padding_mobile":{"unit":"px","top":"0","right":"0","bottom":"4","left":"0","isLinked":false}},"elements":[],"isInner":false,"widgetType":"besa-heading","elType":"widget"},{"id":"576a30","settings":{"list_menu_separator":" | "},"elements":[],"isInner":false,"widgetType":"besa-list-menu","elType":"widget"}],"isInner":false,"elType":"column"}],"isInner":false,"elType":"section"},{"id":"4f127391","settings":{"structure":"40","stretch_section":"section-stretched","background_background":"classic","background_color":"#ffffff","padding":{"unit":"px","top":"0","right":"15","bottom":"44","left":"15","isLinked":false},"padding_mobile":{"unit":"px","top":"0","right":"15","bottom":"31","left":"15","isLinked":false},"padding_tablet":{"unit":"px","top":"10","right":"0","bottom":"20","left":"0","isLinked":false}},"elements":[{"id":"15bd861","settings":{"_column_size":25,"_inline_size":null,"padding_mobile":{"unit":"px","top":"0","right":"0","bottom":"19","left":"0","isLinked":false}},"elements":[{"id":"3a637258","settings":{"heading_title":"Cameras","heading_title_size":{"unit":"px","size":14,"sizes":[]},"heading_title_color":"#000000","heading_title_typography_typography":"custom","heading_title_typography_font_weight":"600","heading_title_bottom_space":{"unit":"px","size":4,"sizes":[]},"heading_style_padding":{"unit":"px","top":"0","right":"0","bottom":"0","left":"0","isLinked":false},"_padding":{"unit":"px","top":"0","right":"0","bottom":"0","left":"0","isLinked":false},"heading_style_padding_mobile":{"unit":"px","top":"0","right":"0","bottom":"4","left":"0","isLinked":false}},"elements":[],"isInner":false,"widgetType":"besa-heading","elType":"widget"},{"id":"33293e2f","settings":{"list_menu_separator":" | "},"elements":[],"isInner":false,"widgetType":"besa-list-menu","elType":"widget"}],"isInner":false,"elType":"column"},{"id":"310a1536","settings":{"_column_size":25,"_inline_size":null,"padding_mobile":{"unit":"px","top":"0","right":"0","bottom":"19","left":"0","isLinked":false}},"elements":[{"id":"9fe7ee4","settings":{"heading_title":"Air Conditioners","heading_title_size":{"unit":"px","size":14,"sizes":[]},"heading_title_color":"#000000","heading_title_typography_typography":"custom","heading_title_typography_font_weight":"600","heading_title_bottom_space":{"unit":"px","size":4,"sizes":[]},"heading_style_padding":{"unit":"px","top":"0","right":"0","bottom":"0","left":"0","isLinked":false},"_padding":{"unit":"px","top":"0","right":"0","bottom":"0","left":"0","isLinked":false},"heading_style_padding_mobile":{"unit":"px","top":"0","right":"0","bottom":"4","left":"0","isLinked":false}},"elements":[],"isInner":false,"widgetType":"besa-heading","elType":"widget"},{"id":"765ae47b","settings":{"list_menu_separator":" | "},"elements":[],"isInner":false,"widgetType":"besa-list-menu","elType":"widget"}],"isInner":false,"elType":"column"},{"id":"4f2ea6c0","settings":{"_column_size":25,"_inline_size":null,"padding_mobile":{"unit":"px","top":"0","right":"0","bottom":"19","left":"0","isLinked":false}},"elements":[{"id":"1e86fea8","settings":{"heading_title":"Washing Machines","heading_title_size":{"unit":"px","size":14,"sizes":[]},"heading_title_color":"#000000","heading_title_typography_typography":"custom","heading_title_typography_font_weight":"600","heading_title_bottom_space":{"unit":"px","size":4,"sizes":[]},"heading_style_padding":{"unit":"px","top":"0","right":"0","bottom":"0","left":"0","isLinked":false},"_padding":{"unit":"px","top":"0","right":"0","bottom":"0","left":"0","isLinked":false},"heading_style_padding_mobile":{"unit":"px","top":"0","right":"0","bottom":"4","left":"0","isLinked":false}},"elements":[],"isInner":false,"widgetType":"besa-heading","elType":"widget"},{"id":"1039526b","settings":{"list_menu_separator":" | "},"elements":[],"isInner":false,"widgetType":"besa-list-menu","elType":"widget"}],"isInner":false,"elType":"column"},{"id":"6caa0dc","settings":{"_column_size":25,"_inline_size":null,"padding_mobile":{"unit":"px","top":"0","right":"0","bottom":"0","left":"0","isLinked":false}},"elements":[{"id":"2532e51b","settings":{"heading_title":"Microwaves","heading_title_size":{"unit":"px","size":14,"sizes":[]},"heading_title_color":"#000000","heading_title_typography_typography":"custom","heading_title_typography_font_weight":"600","heading_title_bottom_space":{"unit":"px","size":4,"sizes":[]},"heading_style_padding":{"unit":"px","top":"0","right":"0","bottom":"0","left":"0","isLinked":false},"_padding":{"unit":"px","top":"0","right":"0","bottom":"0","left":"0","isLinked":false},"heading_style_padding_mobile":{"unit":"px","top":"0","right":"0","bottom":"4","left":"0","isLinked":false}},"elements":[],"isInner":false,"widgetType":"besa-heading","elType":"widget"},{"id":"20d283e8","settings":{"list_menu_separator":" | "},"elements":[],"isInner":false,"widgetType":"besa-list-menu","elType":"widget"}],"isInner":false,"elType":"column"}],"isInner":false,"elType":"section"},{"id":"da04a91","settings":{"background_background":"classic","background_color":"#ffffff"},"elements":[{"id":"6ac1be8f","settings":{"_column_size":100},"elements":[{"id":"401665b7","settings":{"space":{"unit":"px","size":1,"sizes":[]},"_background_background":"classic","_background_color":"#F0F0F0"},"elements":[],"isInner":false,"widgetType":"spacer","elType":"widget"}],"isInner":false,"elType":"column"}],"isInner":false,"elType":"section"},{"id":"7cf07e54","settings":{"structure":"20","background_background":"classic","background_color":"#ffffff","padding":{"unit":"px","top":"36","right":"15","bottom":"52","left":"15","isLinked":false},"border_width":{"unit":"px","top":"1","right":"0","bottom":"0","left":"0","isLinked":false},"border_color":"#dddddd","padding_tablet":{"unit":"px","top":"50","right":"15","bottom":"90","left":"15","isLinked":false},"padding_mobile":{"unit":"px","top":"28","right":"15","bottom":"44","left":"15","isLinked":false}},"elements":[{"id":"5473c3a6","settings":{"_column_size":50,"_inline_size":75,"border_width":{"unit":"px","top":"1","right":"0","bottom":"0","left":"0","isLinked":false},"border_color":"#000000","padding_mobile":{"unit":"px","top":"0","right":"0","bottom":"23","left":"0","isLinked":false}},"elements":[{"id":"4445cd4f","settings":{"editor":"<p><span style=\"color: #444444;\"><a style=\"color: #444444;\" href=\"https:\/\/el3.thembaydev.com\/besa2\/\" data-wplink-url-error=\"true\"><strong>Besa<\/strong> <\/a><\/span>sodales pretium justo et volutpat. Maecenas semper lacinia augue, id max imus lectus tincidunt ut. Aenean ac aliquam massa ut lacinia est. Praesent ante diam, varius eget velit sit amet, fauc ibus feugiat arcu. Proin fermentum semper bibendum.<\/p>","text_color":"#777777","typography_typography":"custom","typography_font_size":{"unit":"px","size":13,"sizes":[]},"typography_line_height":{"unit":"px","size":18,"sizes":[]},"_padding":{"unit":"px","top":"0","right":"65","bottom":"0","left":"0","isLinked":false},"_padding_tablet":{"unit":"px","top":"0","right":"0","bottom":"0","left":"0","isLinked":false}},"elements":[],"isInner":false,"widgetType":"text-editor","elType":"widget"},{"id":"41ddcf0d","settings":{"editor":"<p>\u00a9 2021 Besa. All Rights Reserved.<\/p>","text_color":"#777777","typography_typography":"custom","typography_font_size":{"unit":"px","size":13,"sizes":[]},"typography_line_height":{"unit":"px","size":18,"sizes":[]},"_padding":{"unit":"px","top":"18","right":"0","bottom":"0","left":"0","isLinked":false}},"elements":[],"isInner":false,"widgetType":"text-editor","elType":"widget"}],"isInner":false,"elType":"column"},{"id":"7e2beb2e","settings":{"_column_size":50,"_inline_size":25,"border_width":{"unit":"px","top":"1","right":"0","bottom":"0","left":"0","isLinked":false},"border_color":"#000000","padding_mobile":{"unit":"px","top":"0","right":"0","bottom":"20","left":"0","isLinked":false}},"elements":[{"id":"7261c54f","settings":{"image":{"id":"6722","url":"http:\/\/el3.thembaydev.com\/besa2\/wp-content\/uploads\/2021\/06\/Payment.jpg"},"align":"left","_padding":{"unit":"px","top":"7","right":"0","bottom":"0","left":"0","isLinked":false}},"elements":[],"isInner":false,"widgetType":"image","elType":"widget"}],"isInner":false,"elType":"column"}],"isInner":false,"elType":"section"}],"page_settings":[],"version":"0.4","title":"template-footer-2","type":"page"}