{"content":[{"id":"324ba9bb","settings":{"content_position":"middle","structure":"20","border_border":"solid","border_width":{"unit":"px","top":"0","right":"0","bottom":"1","left":"0","isLinked":false},"border_color":"#F0F0F0","custom_height":{"unit":"px","size":39,"sizes":[]},"stretch_section":"section-stretched"},"elements":[{"id":"6aea0072","settings":{"_column_size":50,"_inline_size":null},"elements":[{"id":"40333836","settings":{"editor":"<p>Free shipping during <span style=\"color: #02734a;\"><strong>Besa Prime Day.<\/strong><\/span><\/p>","typography_typography":"custom","typography_line_height":{"unit":"px","size":18,"sizes":[]},"_padding":{"unit":"px","top":"5","right":"0","bottom":"0","left":"0","isLinked":false}},"elements":[],"isInner":false,"widgetType":"text-editor","elType":"widget"}],"isInner":false,"elType":"column"},{"id":"76809f2","settings":{"_column_size":50,"_inline_size":null,"content_position":"center","align":"flex-end","enable_element_child_border":"yes","element_child_border_margin":{"unit":"px","top":"0","right":"11","bottom":"0","left":"11","isLinked":false,"size":15},"element_child_border_height":{"unit":"px","size":"","sizes":[]},"element_child_border_width":{"unit":"px","size":0,"sizes":[]},"element_child_border_line_height":{"unit":"px","size":45,"sizes":[]}},"elements":[{"id":"252ffef6","settings":{"color_text_custom_language":"#000000","hover_color_text_custom_language":"#FA4F26"},"elements":[],"isInner":false,"widgetType":"besa-custom-language","elType":"widget"},{"id":"1ffd25d6","settings":{"text":"Sell on Besa","align":"right","button_text_color":"#000000","background_color":"#02010100","text_padding":{"unit":"px","top":"0","right":"0","bottom":"0","left":"0","isLinked":false},"typography_typography":"custom","typography_line_height":{"unit":"px","size":39,"sizes":[]},"hover_color":"#FA4F26","link":{"url":"https:\/\/el3.thembaydev.com\/besa2\/become-a-vendor\/","is_external":"","nofollow":"","custom_attributes":""}},"elements":[],"isInner":false,"widgetType":"button","elType":"widget"},{"id":"2e683118","settings":{"text":"Order Tracking","link":{"url":"https:\/\/el3.thembaydev.com\/besa2\/my-orders\/","is_external":"","nofollow":"","custom_attributes":""},"align":"right","button_text_color":"#000000","background_color":"#02010100","text_padding":{"unit":"px","top":"0","right":"0","bottom":"0","left":"0","isLinked":false},"typography_typography":"custom","typography_line_height":{"unit":"px","size":39,"sizes":[]},"hover_color":"#FA4F26"},"elements":[],"isInner":false,"widgetType":"button","elType":"widget"},{"id":"458ccb1b","settings":{"icon_account":{"value":"","library":""},"text_before":"Login or Register","sub_menu_account":"my-account","show_popup_login":"","color_text":"#000000","hover_color_text":"#FA4F26"},"elements":[],"isInner":false,"widgetType":"besa-account","elType":"widget"}],"isInner":false,"elType":"column"}],"isInner":false,"elType":"section"},{"id":"4a423954","settings":{"content_position":"middle","structure":"30","padding":{"unit":"px","top":"19","right":"0","bottom":"17","left":"0","isLinked":false},"stretch_section":"section-stretched"},"elements":[{"id":"50612c45","settings":{"_column_size":33,"_inline_size":17},"elements":[{"id":"47dc7b8d","settings":{"logo_select":"customize","image_logo":{"url":"http:\/\/el3.thembaydev.com\/besa2\/wp-content\/uploads\/2019\/11\/logo-dark-2.png","id":8406}},"elements":[],"isInner":false,"widgetType":"besa-site-logo","elType":"widget"}],"isInner":false,"elType":"column"},{"id":"1a6c9ab1","settings":{"_column_size":33,"_inline_size":65.332,"padding":{"unit":"px","top":"0","right":"50","bottom":"0","left":"62","isLinked":false}},"elements":[{"id":"622fa044","settings":{"placeholder_text":"Search in 20,000+ products...","vali_input_search":"Enter at least 2 characters","text_button_search":"","text_categories_search":"All","border_category_search_border":"solid","border_category_search_width":{"unit":"px","top":"2","right":"0","bottom":"2","left":"2","isLinked":false},"border_category_search_color":"#fa4f26","border_btn_search_border":"solid","border_btn_search_width":{"unit":"px","top":"2","right":"0","bottom":"2","left":"0","isLinked":false},"border_btn_search_color":"#fa4f26","border_input_search_border":"solid","border_input_search_width":{"unit":"px","top":"2","right":"0","bottom":"2","left":"0","isLinked":false},"border_input_search_color":"#fa4f26","bg_btn":"#fa4f26","color_icon_btn":"#ffffff","padding_btn":{"unit":"px","top":"0","right":"17","bottom":"0","left":"17","isLinked":false},"border_radius_tbay_search_form":{"unit":"px","top":"3","right":"3","bottom":"3","left":"3","isLinked":true},"border_tbay_search_form_border":"solid","border_tbay_search_form_width":{"unit":"px","top":"6","right":"6","bottom":"6","left":"6","isLinked":true},"border_tbay_search_form_color":"#fa4f26","padding_categories_search_open":{"unit":"px","top":"2","right":"0","bottom":"0","left":"0","isLinked":false},"border_style_tbay_search_form":"solid","border_width_tbay_search_form":{"unit":"px","top":"1","right":"1","bottom":"1","left":"1","isLinked":true},"border_color_tbay_search_form":"#CCCCCC","search_form_line_height":{"unit":"px","size":38,"sizes":[]},"icon_button_search":{"value":"tb-icon tb-icon-zt-search","library":"tbay-custom","liblary":"tbay-custom"},"bg_category_search":"#FFFFFF","color_category_search":"#444444","color_text_btn":"#FFFFFF","border_radius_btn_search":{"unit":"px","top":"3","right":"3","bottom":"3","left":"3","isLinked":true}},"elements":[],"isInner":false,"widgetType":"besa-search-form","elType":"widget"}],"isInner":false,"elType":"column"},{"id":"4197681f","settings":{"_column_size":33,"_inline_size":17,"align":"flex-end","content_position":"center"},"elements":[{"id":"7f7e132a","settings":{"title_wishlist":"My Wishlist","icon_wishlist_size":{"unit":"px","size":30,"sizes":[]},"position_left":{"unit":"px","size":18,"sizes":[]},"icon_wishlist":{"value":"tb-icon tb-icon-zt-heart-02","library":"tbay-custom"},"color_icon":"#262626","color_number":"#FFFFFF","bg_total":"#FA4F26","_padding":{"unit":"px","top":"0","right":"3","bottom":"0","left":"45","isLinked":false}},"elements":[],"isInner":false,"widgetType":"besa-wishlist","elType":"widget"},{"id":"c59bca5","settings":{"title_mini_cart":"Shopping cart","icon_mini_cart_size":{"unit":"px","size":30,"sizes":[]},"_margin":{"unit":"px","top":"0","right":"18","bottom":"2","left":"36","isLinked":false},"border_popup_border":"solid","border_popup_width":{"unit":"px","top":"1","right":"1","bottom":"1","left":"1","isLinked":true},"border_popup_color":"#F0F0F0","color_close_popup":"#00000000","icon_mini_cart":{"value":"tb-icon tb-icon-zt-shopping-cart-02","library":"tbay-custom"},"color_icon":"#262626","color_number":"#FFFFFF","bg_total":"#FA4F26","_padding":{"unit":"px","top":"0","right":"0","bottom":"0","left":"0","isLinked":false}},"elements":[],"isInner":false,"widgetType":"besa-mini-cart","elType":"widget"}],"isInner":false,"elType":"column"}],"isInner":false,"elType":"section"},{"id":"21dabfc0","settings":{"structure":"30","background_background":"classic","background_color":"#FA4F26","content_width":{"unit":"px","size":1200,"sizes":[]},"stretch_section":"section-stretched"},"elements":[{"id":"264727fe","settings":{"_column_size":33,"_inline_size":25},"elements":[{"id":"4193152d","settings":{"layout":"vertical","show_toggle_menu":"yes","toggle_menu_title":"All Departments","toggle_canvas_title":"Title","show_toggle_menu_icon":"yes","toggle_menu_icon":{"value":"tb-icon tb-icon-zt-bars","library":"tbay-custom"},"style_toggle_menu_typography_typography":"custom","style_toggle_menu_typography_font_size":{"unit":"px","size":14,"sizes":[]},"style_toggle_menu_typography_line_height":{"unit":"px","size":42,"sizes":[]},"toggle_menu_color":"#FFFFFF","_background_background":"classic","_background_color":"#222222","toggle_menu_title_font_weight":"400","toggle_menu_icon_size":{"unit":"px","size":23,"sizes":[]},"toggle_menu_padding":{"unit":"px","top":"0","right":"0","bottom":"0","left":"22","isLinked":false},"show_content_menu":"yes","ajax_toggle":"yes"},"elements":[],"isInner":false,"widgetType":"besa-nav-menu","elType":"widget"}],"isInner":false,"elType":"column"},{"id":"23cb615f","settings":{"_column_size":33,"_inline_size":62.078,"padding":{"unit":"px","top":"0","right":"0","bottom":"0","left":"17","isLinked":false}},"elements":[{"id":"317e6d3d","settings":{"toggle_menu_title":"Title","toggle_canvas_title":"Title","color_menu_item":"#FFFFFF","color_menu_item_hover":"#FFFFFF","hidden_indicator":"yes","menu_typography_typography":"custom","menu_typography_font_weight":"700","padding_horizontal_menu_item":{"unit":"px","size":0,"sizes":[]},"menu_space_between":{"unit":"px","size":33,"sizes":[]},"menu_typography_line_height":{"unit":"px","size":44,"sizes":[]}},"elements":[],"isInner":false,"widgetType":"besa-nav-menu","elType":"widget"}],"isInner":false,"elType":"column"},{"id":"1207b83d","settings":{"_column_size":33,"_inline_size":12.254},"elements":[{"id":"65a0359b","settings":{"header_title":"Recently Viewed","empty":"You have no recently viewed item.","readmore_text":"View all products","readmore_page":"813","header_column":"9","header_icon":{"value":"","library":""},"heading_header_style_padding":{"unit":"px","top":"7","right":"0","bottom":"7","left":"0","isLinked":false},"heading_header_style_color":"#FFFFFF","_margin":{"unit":"px","top":"0","right":"-9","bottom":"0","left":"0","isLinked":false},"heading_header_style_color_hover":"#FFFFFF"},"elements":[],"isInner":false,"widgetType":"besa-product-recently-viewed","elType":"widget"}],"isInner":false,"elType":"column"}],"isInner":false,"elType":"section"}],"page_settings":[],"version":"0.4","title":"template-header-v2","type":"page"}