{"content":[{"id":"5eb7d8dd","settings":{"content_position":"middle","structure":"30","background_background":"classic","background_color":"#FA4F26","padding":{"unit":"px","top":"14","right":"0","bottom":"16","left":"0","isLinked":false}},"elements":[{"id":"69079de4","settings":{"_column_size":33,"_inline_size":16,"content_position":"center","align":"space-between"},"elements":[{"id":"3255f847","settings":{"logo_select":"customize","image_logo":{"url":"http:\/\/el3.thembaydev.com\/besa2\/wp-content\/uploads\/2019\/11\/logo-white.png","id":6308},"_margin":{"unit":"px","top":"0","right":"0","bottom":"0","left":"0","isLinked":false}},"elements":[],"isInner":false,"widgetType":"besa-site-logo","elType":"widget"}],"isInner":false,"elType":"column"},{"id":"7252310d","settings":{"_column_size":33,"_inline_size":65},"elements":[{"id":"7f5aa23d","settings":{"placeholder_text":"Search in 20,000+ products...","vali_input_search":"Enter at least 2 characters","text_button_search":"","text_categories_search":"All","border_category_search_border":"solid","border_category_search_width":{"unit":"px","top":"2","right":"0","bottom":"2","left":"2","isLinked":false},"border_category_search_color":"#fa4f26","border_btn_search_border":"solid","border_btn_search_width":{"unit":"px","top":"2","right":"0","bottom":"2","left":"0","isLinked":false},"border_btn_search_color":"#fa4f26","border_input_search_border":"solid","border_input_search_width":{"unit":"px","top":"2","right":"0","bottom":"2","left":"0","isLinked":false},"border_input_search_color":"#fa4f26","bg_btn":"#fa4f26","color_icon_btn":"#ffffff","padding_btn":{"unit":"px","top":"0","right":"14","bottom":"0","left":"14","isLinked":false},"border_radius_tbay_search_form":{"unit":"px","top":"3","right":"3","bottom":"3","left":"3","isLinked":true},"border_tbay_search_form_border":"solid","border_tbay_search_form_width":{"unit":"px","top":"6","right":"6","bottom":"6","left":"6","isLinked":true},"border_tbay_search_form_color":"#fa4f26","padding_categories_search_open":{"unit":"px","top":"2","right":"0","bottom":"0","left":"0","isLinked":false},"border_style_tbay_search_form":"solid","border_width_tbay_search_form":{"unit":"px","top":"3","right":"3","bottom":"3","left":"3","isLinked":true},"border_color_tbay_search_form":"#FFFFFF","search_form_line_height":{"unit":"px","size":34,"sizes":[]},"icon_button_search":{"value":"tb-icon tb-icon-zt-search","library":"tbay-custom","liblary":"tbay-custom"},"bg_category_search":"#FFFFFF","color_category_search":"#444444","border_radius_btn_search":{"unit":"px","top":"3","right":"3","bottom":"3","left":"3","isLinked":true}},"elements":[],"isInner":false,"widgetType":"besa-search-form","elType":"widget"}],"isInner":false,"elType":"column"},{"id":"75657752","settings":{"_column_size":33,"_inline_size":18.664,"align":"flex-end","content_position":"center"},"elements":[{"id":"4b21313e","settings":{"icon_account":{"value":"tb-icon tb-icon-zt-user-alt","library":"tbay-custom"},"text_before":"Login\/Register","sub_menu_account":"my-account","color_icon":"#FFFFFF","color_text":"#FFFFFF","text_sub_title_account":"Account","subtitle_account_size":{"unit":"px","size":13,"sizes":[]},"show_icon_after":"yes","icon_account_size":{"unit":"px","size":25,"sizes":[]},"show_text_account":"","show_popup_login":""},"elements":[],"isInner":false,"widgetType":"besa-account","elType":"widget"},{"id":"157d794a","settings":{"title_wishlist":"My Wishlist","icon_wishlist_size":{"unit":"px","size":28,"sizes":[]},"position_left":{"unit":"px","size":18,"sizes":[]},"icon_wishlist":{"value":"tb-icon tb-icon-zt-heart-02","library":"tbay-custom"},"color_icon":"#FFFFFF","color_number":"#FA4F26","bg_total":"#FFFFFF","_padding":{"unit":"px","top":"0","right":"3","bottom":"0","left":"27","isLinked":false}},"elements":[],"isInner":false,"widgetType":"besa-wishlist","elType":"widget"},{"id":"29ac46ef","settings":{"title_mini_cart":"Shopping cart","icon_mini_cart_size":{"unit":"px","size":29,"sizes":[]},"_margin":{"unit":"px","top":"0","right":"7","bottom":"0","left":"22","isLinked":false},"border_popup_border":"solid","border_popup_width":{"unit":"px","top":"1","right":"1","bottom":"1","left":"1","isLinked":true},"border_popup_color":"#F0F0F0","color_close_popup":"#FFFFFF00","icon_mini_cart":{"value":"tb-icon tb-icon-zt-shopping-cart-02","library":"tbay-custom"},"color_icon":"#FFFFFF","color_number":"#FA4F26","bg_total":"#FFFFFF","_padding":{"unit":"px","top":"0","right":"0","bottom":"0","left":"0","isLinked":false}},"elements":[],"isInner":false,"widgetType":"besa-mini-cart","elType":"widget"}],"isInner":false,"elType":"column"}],"isInner":false,"elType":"section"},{"id":"7e05ecdf","settings":{"structure":"30","background_background":"classic","background_color":"#FA4F26","content_position":"middle"},"elements":[{"id":"25a9237c","settings":{"_column_size":33,"_inline_size":14.5},"elements":[{"id":"65efe8da","settings":{"layout":"vertical","show_toggle_menu":"yes","toggle_menu_title":"All Departments","toggle_canvas_title":"Title","show_toggle_menu_icon":"yes","toggle_menu_icon":{"value":"tb-icon tb-icon-zt-bars","library":"tbay-custom"},"style_toggle_menu_typography_typography":"custom","style_toggle_menu_typography_font_size":{"unit":"px","size":14,"sizes":[]},"style_toggle_menu_typography_line_height":{"unit":"px","size":49,"sizes":[]},"toggle_menu_color":"#FFFFFF","_background_background":"classic","toggle_menu_title_font_weight":"400","toggle_menu_icon_size":{"unit":"px","size":24,"sizes":[]},"toggle_menu_padding":{"unit":"px","top":"0","right":"0","bottom":"0","left":"0","isLinked":true},"ajax_toggle":"yes"},"elements":[],"isInner":false,"widgetType":"besa-nav-menu","elType":"widget"}],"isInner":false,"elType":"column"},{"id":"6f9a6860","settings":{"_column_size":33,"_inline_size":71.832,"padding":{"unit":"px","top":"0","right":"0","bottom":"0","left":"30","isLinked":false}},"elements":[{"id":"3224c3be","settings":{"toggle_menu_title":"Title","toggle_canvas_title":"Title","color_menu_item":"#FFFFFF","color_menu_item_hover":"#FFFFFF","hidden_indicator":"yes","menu_typography_typography":"custom","menu_typography_font_weight":"700","padding_horizontal_menu_item":{"unit":"px","size":0,"sizes":[]},"menu_space_between":{"unit":"px","size":33,"sizes":[]},"menu_typography_line_height":{"unit":"px","size":50,"sizes":[]}},"elements":[],"isInner":false,"widgetType":"besa-nav-menu","elType":"widget"}],"isInner":false,"elType":"column"},{"id":"1ff64eaa","settings":{"_column_size":33,"_inline_size":13},"elements":[{"id":"742cfb9a","settings":{"header_title":"Recently Viewed","empty":"You have no recently viewed item.","readmore_text":"View all products","readmore_page":"813","header_column":"9","header_icon":{"value":"","library":""},"heading_header_style_padding":{"unit":"px","top":"10","right":"0","bottom":"10","left":"0","isLinked":false},"heading_header_style_color":"#FFFFFF","_margin":{"unit":"px","top":"0","right":"-6","bottom":"0","left":"0","isLinked":false},"heading_header_style_color_hover":"#FFFFFF"},"elements":[],"isInner":false,"widgetType":"besa-product-recently-viewed","elType":"widget"}],"isInner":false,"elType":"column"}],"isInner":false,"elType":"section"}],"page_settings":[],"version":"0.4","title":"template-header-v3","type":"page"}