{"content":[{"id":"29a72855","settings":{"content_position":"middle","structure":"30","background_background":"classic","background_color":"#FA4F26","padding":{"unit":"px","top":"17","right":"0","bottom":"16","left":"0","isLinked":false},"enable_sticky_headers":"yes"},"elements":[{"id":"1bfd78e4","settings":{"_column_size":33,"_inline_size":20.9,"content_position":"center","align":"space-between"},"elements":[{"id":"456d9529","settings":{"logo_select":"customize","image_logo":{"url":"http:\/\/el3.thembaydev.com\/besa2\/wp-content\/uploads\/2019\/11\/logo-white.png","id":6308},"_margin":{"unit":"px","top":"0","right":"0","bottom":"0","left":"0","isLinked":false}},"elements":[],"isInner":false,"widgetType":"besa-site-logo","elType":"widget"},{"id":"5e4679dd","settings":{"layout":"vertical","show_canvas_menu":"yes","toggle_menu_title":"Title","toggle_canvas_menu_icon":{"value":"tb-icon tb-icon-zt-bars","library":"tbay-custom"},"toggle_canvas_icon_color":"#ffffff","toggle_canvas_content_align":"left","toggle_canvas_icon_size":{"unit":"px","size":26,"sizes":[]},"toggle_canvas_title":"All Departments","_padding":{"unit":"px","top":"8","right":"10","bottom":"0","left":"0","isLinked":false},"ajax_canvas":"yes"},"elements":[],"isInner":false,"widgetType":"besa-nav-menu","elType":"widget"}],"isInner":false,"elType":"column"},{"id":"6ac83d78","settings":{"_column_size":33,"_inline_size":46.1},"elements":[{"id":"463cc7ff","settings":{"placeholder_text":"Search in 20,000+ products...","vali_input_search":"Enter at least 2 characters","text_button_search":"","text_categories_search":"All","border_category_search_border":"solid","border_category_search_width":{"unit":"px","top":"2","right":"0","bottom":"2","left":"2","isLinked":false},"border_category_search_color":"#fa4f26","border_btn_search_border":"solid","border_btn_search_width":{"unit":"px","top":"2","right":"0","bottom":"2","left":"0","isLinked":false},"border_btn_search_color":"#fa4f26","border_input_search_border":"solid","border_input_search_width":{"unit":"px","top":"2","right":"0","bottom":"2","left":"0","isLinked":false},"border_input_search_color":"#fa4f26","bg_btn":"#fa4f26","color_icon_btn":"#ffffff","padding_btn":{"unit":"px","top":"0","right":"12","bottom":"0","left":"12","isLinked":false},"border_radius_tbay_search_form":{"unit":"px","top":"3","right":"3","bottom":"3","left":"3","isLinked":true},"border_tbay_search_form_border":"solid","border_tbay_search_form_width":{"unit":"px","top":"6","right":"6","bottom":"6","left":"6","isLinked":true},"border_tbay_search_form_color":"#fa4f26","padding_categories_search_open":{"unit":"px","top":"2","right":"0","bottom":"0","left":"0","isLinked":false},"border_style_tbay_search_form":"solid","border_width_tbay_search_form":{"unit":"px","top":"3","right":"3","bottom":"3","left":"3","isLinked":true},"border_color_tbay_search_form":"#FFFFFF","search_form_line_height":{"unit":"px","size":34,"sizes":[]},"icon_button_search":{"value":"tb-icon tb-icon-zt-search","library":"tbay-custom","liblary":"tbay-custom"},"bg_category_search":"#FFFFFF","color_category_search":"#444444","border_radius_btn_search":{"unit":"px","top":"3","right":"3","bottom":"3","left":"3","isLinked":true}},"elements":[],"isInner":false,"widgetType":"besa-search-form","elType":"widget"}],"isInner":false,"elType":"column"},{"id":"7b65889f","settings":{"_column_size":33,"_inline_size":32.664,"align":"flex-end"},"elements":[{"id":"6e62768d","settings":{"icon_account":{"value":"tb-icon tb-icon-zt-user-alt","library":"tbay-custom"},"text_before":"Login\/Register","sub_menu_account":"my-account","color_icon":"#FFFFFF","color_text":"#FFFFFF","padding_icon_account":{"unit":"px","top":"10","right":"14","bottom":"0","left":"0","isLinked":false},"text_sub_title_account":"Account","subtitle_account_size":{"unit":"px","size":13,"sizes":[]},"show_icon_after":"yes","icon_account_size":{"unit":"px","size":25,"sizes":[]},"show_popup_login":""},"elements":[],"isInner":false,"widgetType":"besa-account","elType":"widget"},{"id":"76838d48","settings":{"title_wishlist":"My Wishlist","icon_wishlist_size":{"unit":"px","size":30,"sizes":[]},"position_left":{"unit":"px","size":18,"sizes":[]},"icon_wishlist":{"value":"tb-icon tb-icon-zt-heart-02","library":"tbay-custom"},"color_icon":"#FFFFFF","color_number":"#FA4F26","bg_total":"#FFFFFF","_padding":{"unit":"px","top":"0","right":"3","bottom":"0","left":"11","isLinked":false}},"elements":[],"isInner":false,"widgetType":"besa-wishlist","elType":"widget"},{"id":"537a0e7c","settings":{"title_mini_cart":"Shopping cart","icon_mini_cart_size":{"unit":"px","size":30,"sizes":[]},"_margin":{"unit":"px","top":"0","right":"7","bottom":"0","left":"22","isLinked":false},"border_popup_border":"solid","border_popup_width":{"unit":"px","top":"1","right":"1","bottom":"1","left":"1","isLinked":true},"border_popup_color":"#F0F0F0","color_close_popup":"#FFFFFF00","icon_mini_cart":{"value":"tb-icon tb-icon-zt-shopping-cart-02","library":"tbay-custom"},"color_icon":"#FFFFFF","color_number":"#FA4F26","bg_total":"#FFFFFF","_padding":{"unit":"px","top":"0","right":"0","bottom":"0","left":"0","isLinked":false}},"elements":[],"isInner":false,"widgetType":"besa-mini-cart","elType":"widget"}],"isInner":false,"elType":"column"}],"isInner":false,"elType":"section"},{"id":"3879d771","settings":{"structure":"20","border_border":"solid","border_width":{"unit":"px","top":"0","right":"0","bottom":"1","left":"0","isLinked":false},"border_color":"#F0F0F0"},"elements":[{"id":"4225b6a6","settings":{"_column_size":50,"_inline_size":80},"elements":[{"id":"98bfe5e","settings":{"toggle_menu_title":"Title","toggle_canvas_title":"Title","color_menu_item_hover":"#FA4F26","hidden_indicator":"yes","menu_typography_typography":"custom","menu_typography_font_weight":"600"},"elements":[],"isInner":false,"widgetType":"besa-nav-menu","elType":"widget"}],"isInner":false,"elType":"column"},{"id":"62eaac33","settings":{"_column_size":50,"_inline_size":20},"elements":[{"id":"16dd77c9","settings":{"header_title":"Recently Viewed","empty":"You have no recently viewed item.","readmore_text":"View all products","readmore_page":"813","header_column":"9","header_icon":{"value":"","library":""}},"elements":[],"isInner":false,"widgetType":"besa-product-recently-viewed","elType":"widget"}],"isInner":false,"elType":"column"}],"isInner":false,"elType":"section"}],"page_settings":[],"version":"0.4","title":"template-header-v1","type":"page"}