{"content":[{"id":"398fbbfb","settings":[],"elements":[{"id":"3d5daf29","settings":{"_column_size":100,"_inline_size":null,"background_background":"classic","background_color":"#FFFFFF","padding":{"unit":"px","top":"27","right":"31","bottom":"27","left":"31","isLinked":false},"padding_tablet":{"unit":"px","top":"0","right":"15","bottom":"0","left":"15","isLinked":false}},"elements":[{"id":"59e87deb","settings":{"heading_title":"Top Categories","heading_title_typography_typography":"custom","heading_title_typography_font_weight":"700","heading_style_padding":{"unit":"px","top":"0","right":"0","bottom":"15","left":"0","isLinked":false},"menu_vertical_typography_typography":"custom","menu_vertical_typography_line_height":{"unit":"px","size":26,"sizes":[]},"heading_style_padding_tablet":{"unit":"px","top":"12","right":"0","bottom":"12","left":"0","isLinked":false}},"elements":[],"isInner":false,"widgetType":"besa-menu-vertical","elType":"widget"}],"isInner":false,"elType":"column"}],"isInner":false,"elType":"section"}],"page_settings":[],"version":"0.4","title":"template-megamenu-electronics-devices-canvas","type":"page"}