{"content":[{"id":"757b4e27","settings":{"structure":"30"},"elements":[{"id":"46ac0e72","settings":{"_column_size":33,"_inline_size":25,"background_background":"classic","background_color":"#FFFFFF","padding":{"unit":"px","top":"27","right":"31","bottom":"27","left":"31","isLinked":false},"padding_tablet":{"unit":"px","top":"0","right":"15","bottom":"0","left":"15","isLinked":false}},"elements":[{"id":"102c581","settings":{"heading_title":"Top Categories","heading_title_typography_typography":"custom","heading_title_typography_font_weight":"700"},"elements":[],"isInner":false,"widgetType":"besa-menu-vertical","elType":"widget"}],"isInner":false,"elType":"column"},{"id":"31f973fd","settings":{"_column_size":33,"_inline_size":31.3,"background_background":"classic","background_color":"#FFFFFF","padding":{"unit":"px","top":"27","right":"31","bottom":"27","left":"31","isLinked":false},"padding_tablet":{"unit":"px","top":"0","right":"15","bottom":"0","left":"15","isLinked":false},"hide_tablet":"hidden-tablet","hide_mobile":"hidden-phone"},"elements":[{"id":"1ea351ad","settings":{"heading_title":"Featured Brands","heading_title_size":{"unit":"px","size":14,"sizes":[]},"heading_title_line_height":{"unit":"px","size":22,"sizes":[]},"heading_title_typography_typography":"custom","heading_title_typography_font_weight":"700","heading_style_padding":{"unit":"px","top":"0","right":"0","bottom":"17","left":"0","isLinked":false},"brands":[{"_id":"250f6ba","brand_image":{"url":"http:\/\/el3.thembaydev.com\/besa2\/wp-content\/uploads\/2021\/06\/brand-shop-01.jpg","id":7195,"alt":"","source":"library"},"brand_link":{"url":"https:\/\/el3.thembaydev.com\/besa2\/product-brands\/ctbh\/","is_external":"","nofollow":"","custom_attributes":""}},{"brand_image":{"url":"http:\/\/el3.thembaydev.com\/besa2\/wp-content\/uploads\/2021\/06\/brand-shop-03.jpg","id":7197},"brand_link":{"url":"https:\/\/el3.thembaydev.com\/besa2\/product-brands\/elgoog\/","is_external":"","nofollow":"","custom_attributes":""},"_id":"3b42c87"},{"brand_image":{"url":"http:\/\/el3.thembaydev.com\/besa2\/wp-content\/uploads\/2021\/06\/brand-shop-02.jpg","id":7196},"brand_link":{"url":"https:\/\/el3.thembaydev.com\/besa2\/product-brands\/elppa\/","is_external":"","nofollow":"","custom_attributes":""},"_id":"f2803ae"},{"brand_image":{"url":"http:\/\/el3.thembaydev.com\/besa2\/wp-content\/uploads\/2021\/06\/brand-shop-06.jpg","id":7200},"brand_link":{"url":"https:\/\/el3.thembaydev.com\/besa2\/product-brands\/esormirp\/","is_external":"","nofollow":"","custom_attributes":""},"_id":"a35de8d"},{"brand_image":{"url":"http:\/\/el3.thembaydev.com\/besa2\/wp-content\/uploads\/2021\/06\/brand-shop-05.jpg","id":7199},"brand_link":{"url":"https:\/\/el3.thembaydev.com\/besa2\/product-brands\/gnusmas\/","is_external":"","nofollow":"","custom_attributes":""},"_id":"14a65ed"},{"brand_image":{"url":"http:\/\/el3.thembaydev.com\/besa2\/wp-content\/uploads\/2021\/06\/brand-shop-04.jpg","id":7198},"brand_link":{"url":"https:\/\/el3.thembaydev.com\/besa2\/product-brands\/hcetigol\/","is_external":"","nofollow":"","custom_attributes":""},"_id":"d8ea291"}],"column":"2","col_desktop":"2"},"elements":[],"isInner":false,"widgetType":"besa-brands","elType":"widget"}],"isInner":false,"elType":"column"},{"id":"4cee67f0","settings":{"_column_size":33,"_inline_size":43.364,"background_background":"classic","background_color":"#FFFFFF","padding":{"unit":"px","top":"27","right":"30","bottom":"27","left":"30","isLinked":false},"padding_tablet":{"unit":"px","top":"15","right":"15","bottom":"15","left":"15","isLinked":false}},"elements":[{"id":"7d50576c","settings":{"image":{"id":7508,"url":"http:\/\/el3.thembaydev.com\/besa2\/wp-content\/uploads\/2019\/10\/banner-mega-01.jpg"},"link_to":"custom","link":{"url":"#","is_external":"","nofollow":""},"_padding":{"unit":"px","top":"0","right":"0","bottom":"0","left":"0","isLinked":true},"image_size":"full","align":"right"},"elements":[],"isInner":false,"widgetType":"image","elType":"widget"}],"isInner":false,"elType":"column"}],"isInner":false,"elType":"section"}],"page_settings":[],"version":"0.4","title":"template-megamenu-electronics-devices","type":"page"}