{"content":[{"id":"61ff4d91","settings":{"structure":"40","gap":"no"},"elements":[{"id":"77f4c4bd","settings":{"_column_size":25,"_inline_size":null,"background_background":"classic","background_color":"#FFFFFF","padding":{"unit":"px","top":"27","right":"31","bottom":"27","left":"31","isLinked":false},"padding_tablet":{"unit":"px","top":"0","right":"15","bottom":"0","left":"15","isLinked":false}},"elements":[{"id":"1db343d3","settings":{"heading_title":"Product Elementor","heading_title_typography_typography":"custom","heading_title_typography_font_weight":"700"},"elements":[],"isInner":false,"widgetType":"besa-menu-vertical","elType":"widget"}],"isInner":false,"elType":"column"},{"id":"6f802868","settings":{"_column_size":25,"_inline_size":null,"background_background":"classic","background_color":"#FFFFFF","padding":{"unit":"px","top":"27","right":"31","bottom":"27","left":"31","isLinked":false},"padding_tablet":{"unit":"px","top":"0","right":"15","bottom":"0","left":"15","isLinked":false}},"elements":[{"id":"223e33e3","settings":{"heading_title":"Besa Elementor","heading_title_typography_typography":"custom","heading_title_typography_font_weight":"700"},"elements":[],"isInner":false,"widgetType":"besa-menu-vertical","elType":"widget"}],"isInner":false,"elType":"column"},{"id":"67efb1d5","settings":{"_column_size":25,"_inline_size":null,"background_background":"classic","background_color":"#FFFFFF","padding":{"unit":"px","top":"27","right":"31","bottom":"27","left":"31","isLinked":false},"padding_tablet":{"unit":"px","top":"0","right":"15","bottom":"0","left":"15","isLinked":false}},"elements":[{"id":"3397459a","settings":{"heading_title":"Product Layout","heading_title_typography_typography":"custom","heading_title_typography_font_weight":"700"},"elements":[],"isInner":false,"widgetType":"besa-menu-vertical","elType":"widget"}],"isInner":false,"elType":"column"},{"id":"2f68b60","settings":{"_column_size":25,"_inline_size":null,"background_background":"classic","background_color":"#FFFFFF","padding":{"unit":"px","top":"27","right":"31","bottom":"27","left":"31","isLinked":false},"padding_tablet":{"unit":"px","top":"0","right":"15","bottom":"0","left":"15","isLinked":false}},"elements":[{"id":"3f9306f9","settings":{"heading_title":"Other Page","heading_title_typography_typography":"custom","heading_title_typography_font_weight":"700"},"elements":[],"isInner":false,"widgetType":"besa-menu-vertical","elType":"widget"}],"isInner":false,"elType":"column"}],"isInner":false,"elType":"section"}],"page_settings":[],"version":"0.4","title":"template-megamenu-page","type":"page"}