{"content":[{"id":"30458245","settings":{"structure":"40"},"elements":[{"id":"347bf5e1","settings":{"_column_size":25,"_inline_size":null,"background_background":"classic","background_color":"#FFFFFF","padding":{"unit":"px","top":"27","right":"31","bottom":"27","left":"31","isLinked":false},"padding_tablet":{"unit":"px","top":"0","right":"15","bottom":"0","left":"15","isLinked":false}},"elements":[{"id":"702f78f5","settings":{"heading_title":"Home Dokan","heading_title_typography_typography":"custom","heading_title_typography_font_weight":"700"},"elements":[],"isInner":false,"widgetType":"besa-menu-vertical","elType":"widget"}],"isInner":false,"elType":"column"},{"id":"654fb80b","settings":{"_column_size":25,"_inline_size":null,"background_background":"classic","background_color":"#FFFFFF","padding":{"unit":"px","top":"27","right":"31","bottom":"27","left":"31","isLinked":false},"padding_tablet":{"unit":"px","top":"0","right":"15","bottom":"0","left":"15","isLinked":false}},"elements":[{"id":"139d1bd6","settings":{"heading_title":"Home WCFM","heading_title_typography_typography":"custom","heading_title_typography_font_weight":"700"},"elements":[],"isInner":false,"widgetType":"besa-menu-vertical","elType":"widget"}],"isInner":false,"elType":"column"},{"id":"7d38c802","settings":{"_column_size":25,"_inline_size":null,"background_background":"classic","background_color":"#FFFFFF","padding":{"unit":"px","top":"27","right":"31","bottom":"27","left":"31","isLinked":false},"padding_tablet":{"unit":"px","top":"0","right":"15","bottom":"0","left":"15","isLinked":false}},"elements":[{"id":"36c467a1","settings":{"heading_title":"Home WCMP","heading_title_typography_typography":"custom","heading_title_typography_font_weight":"700"},"elements":[],"isInner":false,"widgetType":"besa-menu-vertical","elType":"widget"}],"isInner":false,"elType":"column"},{"id":"17f4f1e4","settings":{"_column_size":25,"_inline_size":null,"background_background":"classic","background_color":"#FFFFFF","padding":{"unit":"px","top":"27","right":"31","bottom":"27","left":"31","isLinked":false},"padding_tablet":{"unit":"px","top":"0","right":"15","bottom":"0","left":"15","isLinked":false}},"elements":[{"id":"7df69248","settings":{"heading_title":"Home WC Vendors","heading_title_typography_typography":"custom","heading_title_typography_font_weight":"700"},"elements":[],"isInner":false,"widgetType":"besa-menu-vertical","elType":"widget"}],"isInner":false,"elType":"column"}],"isInner":false,"elType":"section"}],"page_settings":[],"version":"0.4","title":"template-megamenu-home-page","type":"page"}