{"content":[{"id":"3f4ac59","settings":{"structure":"20"},"elements":[{"id":"17f074cf","settings":{"_column_size":50,"_inline_size":null,"background_background":"classic","background_color":"#FFFFFF","padding":{"unit":"px","top":"31","right":"31","bottom":"27","left":"31","isLinked":false},"padding_tablet":{"unit":"px","top":"0","right":"15","bottom":"0","left":"15","isLinked":false}},"elements":[{"id":"1af6662c","settings":{"heading_title":"Mobile Accessories","heading_title_typography_typography":"custom","heading_title_typography_font_weight":"700","heading_style_padding":{"unit":"px","top":"0","right":"0","bottom":"15","left":"0","isLinked":false},"menu_vertical_typography_typography":"custom","menu_vertical_typography_line_height":{"unit":"px","size":26,"sizes":[]},"heading_style_padding_tablet":{"unit":"px","top":"12","right":"0","bottom":"12","left":"0","isLinked":false}},"elements":[],"isInner":false,"widgetType":"besa-menu-vertical","elType":"widget"}],"isInner":false,"elType":"column"},{"id":"5bfe184f","settings":{"_column_size":50,"_inline_size":null,"background_background":"classic","background_color":"#FFFFFF","padding":{"unit":"px","top":"31","right":"31","bottom":"27","left":"31","isLinked":false},"padding_tablet":{"unit":"px","top":"0","right":"15","bottom":"0","left":"15","isLinked":false}},"elements":[{"id":"1bca22c2","settings":{"heading_title":"Computer Accessories","heading_title_typography_typography":"custom","heading_title_typography_font_weight":"700","heading_style_padding":{"unit":"px","top":"0","right":"0","bottom":"15","left":"0","isLinked":false},"menu_vertical_typography_typography":"custom","menu_vertical_typography_line_height":{"unit":"px","size":26,"sizes":[]},"heading_style_padding_tablet":{"unit":"px","top":"12","right":"0","bottom":"12","left":"0","isLinked":false}},"elements":[],"isInner":false,"widgetType":"besa-menu-vertical","elType":"widget"}],"isInner":false,"elType":"column"}],"isInner":false,"elType":"section"},{"id":"2b65ddb9","settings":{"structure":"20"},"elements":[{"id":"c3568fe","settings":{"_column_size":50,"_inline_size":null,"background_background":"classic","background_color":"#FFFFFF","padding":{"unit":"px","top":"34","right":"31","bottom":"27","left":"31","isLinked":false},"padding_tablet":{"unit":"px","top":"0","right":"15","bottom":"0","left":"15","isLinked":false}},"elements":[{"id":"6fb3693f","settings":{"heading_title":"Gadgets","heading_title_typography_typography":"custom","heading_title_typography_font_weight":"700","heading_style_padding":{"unit":"px","top":"0","right":"0","bottom":"15","left":"0","isLinked":false},"menu_vertical_typography_typography":"custom","menu_vertical_typography_line_height":{"unit":"px","size":26,"sizes":[]},"heading_style_padding_tablet":{"unit":"px","top":"12","right":"0","bottom":"12","left":"0","isLinked":false}},"elements":[],"isInner":false,"widgetType":"besa-menu-vertical","elType":"widget"}],"isInner":false,"elType":"column"},{"id":"57c789b1","settings":{"_column_size":50,"_inline_size":null,"background_background":"classic","background_color":"#FFFFFF","padding":{"unit":"px","top":"34","right":"31","bottom":"27","left":"31","isLinked":false},"padding_tablet":{"unit":"px","top":"0","right":"15","bottom":"0","left":"15","isLinked":false}},"elements":[{"id":"1def4816","settings":{"heading_title":"Network Components","heading_title_typography_typography":"custom","heading_title_typography_font_weight":"700","heading_style_padding":{"unit":"px","top":"0","right":"0","bottom":"15","left":"0","isLinked":false},"menu_vertical_typography_typography":"custom","menu_vertical_typography_line_height":{"unit":"px","size":26,"sizes":[]},"heading_style_padding_tablet":{"unit":"px","top":"12","right":"0","bottom":"12","left":"0","isLinked":false}},"elements":[],"isInner":false,"widgetType":"besa-menu-vertical","elType":"widget"}],"isInner":false,"elType":"column"}],"isInner":false,"elType":"section"},{"id":"45bb927c","settings":[],"elements":[{"id":"447c0302","settings":{"_column_size":100,"_inline_size":null,"background_background":"classic","background_color":"#FFFFFF","padding":{"unit":"px","top":"34","right":"31","bottom":"27","left":"31","isLinked":false},"padding_tablet":{"unit":"px","top":"0","right":"15","bottom":"0","left":"15","isLinked":false}},"elements":[{"id":"63156dfc","settings":{"heading_title":"Featured Brands","heading_title_size":{"unit":"px","size":14,"sizes":[]},"heading_title_line_height":{"unit":"px","size":22,"sizes":[]},"heading_title_typography_typography":"custom","heading_title_typography_font_weight":"700","heading_style_padding":{"unit":"px","top":"0","right":"0","bottom":"22","left":"0","isLinked":false},"brands":[{"_id":"250f6ba","brand_image":{"url":"http:\/\/el3.thembaydev.com\/besa2\/wp-content\/uploads\/2021\/06\/brand-shop-01.jpg","id":7195},"brand_link":{"url":"https:\/\/el3.thembaydev.com\/besa2\/product-brands\/ctbh\/","is_external":"","nofollow":"","custom_attributes":""}},{"brand_image":{"url":"http:\/\/el3.thembaydev.com\/besa2\/wp-content\/uploads\/2021\/06\/brand-shop-03.jpg","id":7197},"brand_link":{"url":"https:\/\/el3.thembaydev.com\/besa2\/product-brands\/elgoog\/","is_external":"","nofollow":"","custom_attributes":""},"_id":"3b42c87"},{"brand_image":{"url":"http:\/\/el3.thembaydev.com\/besa2\/wp-content\/uploads\/2021\/06\/brand-shop-02.jpg","id":7196},"brand_link":{"url":"https:\/\/el3.thembaydev.com\/besa2\/product-brands\/elppa\/","is_external":"","nofollow":"","custom_attributes":""},"_id":"f2803ae"},{"brand_image":{"url":"http:\/\/el3.thembaydev.com\/besa2\/wp-content\/uploads\/2021\/06\/brand-shop-06.jpg","id":7200},"brand_link":{"url":"https:\/\/el3.thembaydev.com\/besa2\/product-brands\/esormirp\/","is_external":"","nofollow":"","custom_attributes":""},"_id":"a35de8d"},{"brand_image":{"url":"http:\/\/el3.thembaydev.com\/besa2\/wp-content\/uploads\/2021\/06\/brand-shop-05.jpg","id":7199},"brand_link":{"url":"https:\/\/el3.thembaydev.com\/besa2\/product-brands\/gnusmas\/","is_external":"","nofollow":"","custom_attributes":""},"_id":"14a65ed"},{"brand_image":{"url":"http:\/\/el3.thembaydev.com\/besa2\/wp-content\/uploads\/2021\/06\/brand-shop-04.jpg","id":7198},"brand_link":{"url":"https:\/\/el3.thembaydev.com\/besa2\/product-brands\/hcetigol\/","is_external":"","nofollow":"","custom_attributes":""},"_id":"d8ea291"}],"column":"3","col_desktop":"3","heading_style_padding_tablet":{"unit":"px","top":"12","right":"0","bottom":"12","left":"0","isLinked":false},"hide_tablet":"hidden-tablet","hide_mobile":"hidden-phone"},"elements":[],"isInner":false,"widgetType":"besa-brands","elType":"widget"}],"isInner":false,"elType":"column"}],"isInner":false,"elType":"section"}],"page_settings":[],"version":"0.4","title":"template-megamenu-electronic-accessories","type":"page"}