{"content":[{"id":"5b0a2ca4","settings":{"structure":"20"},"elements":[{"id":"5c2c282d","settings":{"_column_size":50,"_inline_size":null,"background_background":"classic","background_color":"#FFFFFF","padding":{"unit":"px","top":"27","right":"31","bottom":"27","left":"31","isLinked":false},"padding_tablet":{"unit":"px","top":"0","right":"15","bottom":"0","left":"15","isLinked":false}},"elements":[{"id":"55d4108e","settings":{"heading_title":"Furniture","heading_title_typography_typography":"custom","heading_title_typography_font_weight":"700","heading_style_padding":{"unit":"px","top":"0","right":"0","bottom":"15","left":"0","isLinked":false},"menu_vertical_typography_typography":"custom","menu_vertical_typography_line_height":{"unit":"px","size":26,"sizes":[]},"heading_style_padding_tablet":{"unit":"px","top":"12","right":"0","bottom":"12","left":"0","isLinked":false}},"elements":[],"isInner":false,"widgetType":"besa-menu-vertical","elType":"widget"}],"isInner":false,"elType":"column"},{"id":"3de702ab","settings":{"_column_size":50,"_inline_size":null,"background_background":"classic","background_color":"#FFFFFF","padding":{"unit":"px","top":"27","right":"31","bottom":"27","left":"31","isLinked":false},"padding_tablet":{"unit":"px","top":"0","right":"15","bottom":"0","left":"15","isLinked":false}},"elements":[{"id":"1082014c","settings":{"heading_title":"Kitchen & Dining","heading_title_typography_typography":"custom","heading_title_typography_font_weight":"700","heading_style_padding":{"unit":"px","top":"0","right":"0","bottom":"15","left":"0","isLinked":false},"menu_vertical_typography_typography":"custom","menu_vertical_typography_line_height":{"unit":"px","size":26,"sizes":[]},"heading_style_padding_tablet":{"unit":"px","top":"12","right":"0","bottom":"12","left":"0","isLinked":false}},"elements":[],"isInner":false,"widgetType":"besa-menu-vertical","elType":"widget"}],"isInner":false,"elType":"column"}],"isInner":false,"elType":"section"},{"id":"502483f0","settings":{"structure":"20"},"elements":[{"id":"63f0873f","settings":{"_column_size":50,"_inline_size":null,"background_background":"classic","background_color":"#FFFFFF","padding":{"unit":"px","top":"27","right":"31","bottom":"27","left":"31","isLinked":false},"padding_tablet":{"unit":"px","top":"0","right":"15","bottom":"0","left":"15","isLinked":false}},"elements":[{"id":"581c9df0","settings":{"heading_title":"Power Tool","heading_title_typography_typography":"custom","heading_title_typography_font_weight":"700","heading_style_padding":{"unit":"px","top":"0","right":"0","bottom":"15","left":"0","isLinked":false},"menu_vertical_typography_typography":"custom","menu_vertical_typography_line_height":{"unit":"px","size":26,"sizes":[]},"heading_style_padding_tablet":{"unit":"px","top":"12","right":"0","bottom":"12","left":"0","isLinked":false}},"elements":[],"isInner":false,"widgetType":"besa-menu-vertical","elType":"widget"}],"isInner":false,"elType":"column"},{"id":"6d91833c","settings":{"_column_size":50,"_inline_size":null,"background_background":"classic","background_color":"#FFFFFF","padding":{"unit":"px","top":"27","right":"31","bottom":"27","left":"31","isLinked":false},"padding_tablet":{"unit":"px","top":"0","right":"15","bottom":"0","left":"15","isLinked":false}},"elements":[{"id":"70e83268","settings":{"heading_title":"Bedding","heading_title_typography_typography":"custom","heading_title_typography_font_weight":"700","heading_style_padding":{"unit":"px","top":"0","right":"0","bottom":"15","left":"0","isLinked":false},"menu_vertical_typography_typography":"custom","menu_vertical_typography_line_height":{"unit":"px","size":26,"sizes":[]},"heading_style_padding_tablet":{"unit":"px","top":"12","right":"0","bottom":"12","left":"0","isLinked":false}},"elements":[],"isInner":false,"widgetType":"besa-menu-vertical","elType":"widget"}],"isInner":false,"elType":"column"}],"isInner":false,"elType":"section"}],"page_settings":[],"version":"0.4","title":"template-megamenu-home-kitchen","type":"page"}