{"version":"0.4","title":"Home &#038; Kitchen","type":"page","content":[{"id":"354b962","settings":{"structure":"30"},"elements":[{"id":"5b11d2c3","settings":{"_column_size":33,"_inline_size":null,"_inline_size_tablet":100,"margin_tablet":{"unit":"px","top":"0","right":"0","bottom":"20","left":"0","isLinked":false}},"elements":[{"id":"61e82281","settings":{"title":"Furniture","_padding":{"unit":"px","top":"0","right":"0","bottom":"0","left":"0","isLinked":true},"typography_font_family":"Open Sans","typography_font_size":{"unit":"px","size":14,"sizes":[]},"typography_font_weight":"700","typography_text_transform":"capitalize","_margin":{"unit":"px","top":"0","right":"0","bottom":"0","left":"0","isLinked":true}},"elements":[],"isInner":false,"widgetType":"heading","elType":"widget"},{"id":"5a03eb76","settings":{"layout":"vertical","align_items":"flex-start","toggle_menu_title":"Title","toggle_canvas_title":"Title","menu_typography_font_family":"Open Sans","menu_typography_font_size":{"unit":"px","size":14,"sizes":[]},"menu_typography_font_weight":"400","menu_typography_text_transform":"capitalize","menu_typography_line_height":{"unit":"px","size":28,"sizes":[]},"color_menu_item":"#999999","color_menu_item_hover":"#FA4F26"},"elements":[],"isInner":false,"widgetType":"besa-nav-menu","elType":"widget"}],"isInner":false,"elType":"column"},{"id":"3ee5fcc6","settings":{"_column_size":33,"_inline_size":null,"background_background":"classic","background_color":"#f9f9f9","_inline_size_tablet":100,"margin_tablet":{"unit":"px","top":"0","right":"0","bottom":"20","left":"0","isLinked":false}},"elements":[{"id":"6f9e917a","settings":{"title":"Kitchen & Dining","_padding":{"unit":"px","top":"0","right":"0","bottom":"0","left":"0","isLinked":true},"typography_font_family":"Open Sans","typography_font_size":{"unit":"px","size":14,"sizes":[]},"typography_font_weight":"700","typography_text_transform":"capitalize"},"elements":[],"isInner":false,"widgetType":"heading","elType":"widget"},{"id":"26164851","settings":{"layout":"vertical","align_items":"flex-start","toggle_menu_title":"Title","toggle_canvas_title":"Title","menu_typography_font_family":"Open Sans","menu_typography_font_size":{"unit":"px","size":14,"sizes":[]},"menu_typography_font_weight":"400","menu_typography_text_transform":"capitalize","menu_typography_line_height":{"unit":"px","size":28,"sizes":[]},"color_menu_item":"#999999","color_menu_item_hover":"#FA4F26"},"elements":[],"isInner":false,"widgetType":"besa-nav-menu","elType":"widget"}],"isInner":false,"elType":"column"},{"id":"17eff5ac","settings":{"_column_size":33,"_inline_size":null,"background_background":"classic","background_color":"#ffffff","space_between_widgets":0,"_inline_size_tablet":100,"hide_tablet":"hidden-tablet","hide_mobile":"hidden-phone","margin_tablet":{"unit":"px","top":"0","right":"0","bottom":"20","left":"0","isLinked":false}},"elements":[{"id":"61069466","settings":{"title":"Featured Brands","brands":[{"brand_image":{"id":4739,"url":"https:\/\/elementor.thembay.com\/besa\/wp-content\/uploads\/2019\/10\/brand-01-sm.jpg"},"brand_link":{"url":"#","is_external":"","nofollow":""},"_id":"7e7b246"},{"brand_image":{"id":4740,"url":"https:\/\/elementor.thembay.com\/besa\/wp-content\/uploads\/2019\/10\/brand-02-sm.jpg"},"brand_link":{"url":"#","is_external":"","nofollow":""},"_id":"7b5364e"},{"brand_image":{"id":4741,"url":"https:\/\/elementor.thembay.com\/besa\/wp-content\/uploads\/2019\/10\/brand-03-sm.jpg"},"brand_link":{"url":"#","is_external":"","nofollow":""},"_id":"cd8d676"},{"brand_image":{"id":4742,"url":"https:\/\/elementor.thembay.com\/besa\/wp-content\/uploads\/2019\/10\/brand-04-sm.jpg"},"brand_link":{"url":"#","is_external":"","nofollow":""},"_id":"c76f97e"},{"brand_image":{"id":4743,"url":"https:\/\/elementor.thembay.com\/besa\/wp-content\/uploads\/2019\/10\/brand-05-sm.jpg"},"brand_link":{"url":"#","is_external":"","nofollow":""},"_id":"bf1ecb5"},{"brand_image":{"id":4744,"url":"https:\/\/elementor.thembay.com\/besa\/wp-content\/uploads\/2019\/10\/brand-06-sm.jpg"},"brand_link":{"url":"#","is_external":"","nofollow":""},"_id":"8b0ccf4"},{"brand_image":{"id":4745,"url":"https:\/\/elementor.thembay.com\/besa\/wp-content\/uploads\/2019\/10\/brand-07-sm.jpg"},"brand_link":{"url":"#","is_external":"","nofollow":""},"_id":"981bdca"},{"brand_image":{"id":4746,"url":"https:\/\/elementor.thembay.com\/besa\/wp-content\/uploads\/2019\/10\/brand-08-sm.jpg"},"brand_link":{"url":"#","is_external":"","nofollow":""},"_id":"b2ed885"}],"col_desktop":"2","column":"2","column_tablet":"2","title_typography_typography":"custom","title_typography_font_family":"Open Sans","title_typography_font_size":{"unit":"px","size":14,"sizes":[]},"title_typography_font_weight":"700","title_typography_text_transform":"capitalize","title_bottom_space":{"unit":"px","size":13,"sizes":[]},"_margin":{"unit":"px","top":"0","right":"0","bottom":"0","left":"0","isLinked":false},"_padding":{"unit":"px","top":"0","right":"0","bottom":"0","left":"0","isLinked":false},"heading_title_typography_typography":"custom","heading_title_typography_font_family":"Open Sans","heading_title_typography_font_size":{"unit":"px","size":14,"sizes":[]},"heading_title_typography_font_weight":"700","heading_title_typography_line_height":{"unit":"px","size":28,"sizes":[]},"heading_title_bottom_space":{"unit":"px","size":7,"sizes":[]},"heading_title":"Featured Brands"},"elements":[],"isInner":false,"widgetType":"besa-brands","elType":"widget"}],"isInner":false,"elType":"column"}],"isInner":false,"elType":"section"},{"id":"28f15764","settings":{"structure":"30","margin":{"unit":"px","top":"","right":0,"bottom":"","left":0,"isLinked":true}},"elements":[{"id":"597c8d78","settings":{"_column_size":33,"_inline_size":null,"_inline_size_tablet":100,"margin_tablet":{"unit":"px","top":"0","right":"0","bottom":"20","left":"0","isLinked":false}},"elements":[{"id":"7513c53e","settings":{"title":"Power Tool","_padding":{"unit":"px","top":"0","right":"0","bottom":"0","left":"0","isLinked":true},"typography_font_family":"Open Sans","typography_font_size":{"unit":"px","size":14,"sizes":[]},"typography_font_weight":"700"},"elements":[],"isInner":false,"widgetType":"heading","elType":"widget"},{"id":"17a9d806","settings":{"layout":"vertical","align_items":"flex-start","toggle_menu_title":"Title","toggle_canvas_title":"Title","menu_typography_font_family":"Open Sans","menu_typography_font_size":{"unit":"px","size":14,"sizes":[]},"menu_typography_font_weight":"400","menu_typography_text_transform":"capitalize","menu_typography_line_height":{"unit":"px","size":28,"sizes":[]},"color_menu_item":"#999999","color_menu_item_hover":"#FA4F26"},"elements":[],"isInner":false,"widgetType":"besa-nav-menu","elType":"widget"}],"isInner":false,"elType":"column"},{"id":"7ad34fbe","settings":{"_column_size":33,"_inline_size":null,"background_background":"classic","background_color":"#f9f9f9","_inline_size_tablet":100,"margin_tablet":{"unit":"px","top":"0","right":"0","bottom":"20","left":"0","isLinked":false}},"elements":[{"id":"6deb1fb4","settings":{"title":"Bedding","_padding":{"unit":"px","top":"0","right":"0","bottom":"0","left":"0","isLinked":true},"typography_font_family":"Open Sans","typography_font_weight":"700"},"elements":[],"isInner":false,"widgetType":"heading","elType":"widget"},{"id":"2e875138","settings":{"layout":"vertical","align_items":"flex-start","toggle_menu_title":"Title","toggle_canvas_title":"Title","menu_typography_font_family":"Open Sans","menu_typography_font_size":{"unit":"px","size":14,"sizes":[]},"menu_typography_font_weight":"400","menu_typography_text_transform":"capitalize","menu_typography_line_height":{"unit":"px","size":28,"sizes":[]},"color_menu_item":"#999999","color_menu_item_hover":"#FA4F26"},"elements":[],"isInner":false,"widgetType":"besa-nav-menu","elType":"widget"}],"isInner":false,"elType":"column"},{"id":"1eb92f31","settings":{"_column_size":33,"_inline_size":null,"css_classes":"banner-mega","hide_tablet":"hidden-tablet","hide_mobile":"hidden-phone"},"elements":[{"id":"1fc46c","settings":{"image":{"id":2180,"url":"https:\/\/elementor.thembay.com\/besa\/wp-content\/uploads\/2019\/11\/banner-mega-01.png"},"image_size":"full","link_to":"custom","link":{"url":"#","is_external":"on","nofollow":""},"_margin":{"unit":"px","top":"0","right":"0","bottom":"0","left":"0","isLinked":true}},"elements":[],"isInner":false,"widgetType":"image","elType":"widget"}],"isInner":false,"elType":"column"}],"isInner":false,"elType":"section"}]}