{"version":"0.4","title":"Blog","type":"page","content":[{"id":"13192dd0","settings":{"structure":"20"},"elements":[{"id":"1a994da9","settings":{"_column_size":50,"_inline_size":null,"_inline_size_tablet":100,"margin_tablet":{"unit":"px","top":"0","right":"0","bottom":"20","left":"0","isLinked":false}},"elements":[{"id":"28dabe73","settings":{"title":"Blog Archive"},"elements":[],"isInner":false,"widgetType":"heading","elType":"widget"},{"id":"18c343a6","settings":{"layout":"vertical","toggle_menu_title":"Title","toggle_canvas_title":"Title","align_items":"flex-start","menu_typography_font_family":"Open Sans","menu_typography_font_size":{"unit":"px","size":14,"sizes":[]},"menu_typography_font_weight":"400","menu_typography_text_transform":"capitalize","menu_typography_line_height":{"unit":"px","size":28,"sizes":[]},"color_menu_item":"#999999","color_menu_item_hover":"#FA4F26"},"elements":[],"isInner":false,"widgetType":"besa-nav-menu","elType":"widget"}],"isInner":false,"elType":"column"},{"id":"12b55e8a","settings":{"_column_size":50,"_inline_size":null,"_inline_size_tablet":100,"margin_tablet":{"unit":"px","top":"0","right":"0","bottom":"20","left":"0","isLinked":false}},"elements":[{"id":"179cba49","settings":{"title":"Blog Types"},"elements":[],"isInner":false,"widgetType":"heading","elType":"widget"},{"id":"61e5c1ff","settings":{"layout":"vertical","toggle_menu_title":"Title","toggle_canvas_title":"Title","align_items":"flex-start","menu_typography_font_family":"Open Sans","menu_typography_font_size":{"unit":"px","size":14,"sizes":[]},"menu_typography_font_weight":"400","menu_typography_text_transform":"capitalize","menu_typography_line_height":{"unit":"px","size":28,"sizes":[]},"color_menu_item":"#999999","color_menu_item_hover":"#FA4F26"},"elements":[],"isInner":false,"widgetType":"besa-nav-menu","elType":"widget"}],"isInner":false,"elType":"column"}],"isInner":false,"elType":"section"}]}