{"version":"0.4","title":"Electronics Devices","type":"page","content":[{"id":"1b56da7f","settings":{"structure":"30"},"elements":[{"id":"6c409ced","settings":{"_column_size":33,"_inline_size":null,"space_between_widgets":0,"background_background":"classic","background_color":"#ffffff","_inline_size_tablet":100,"_inline_size_mobile":100,"margin_tablet":{"unit":"px","top":"0","right":"0","bottom":"20","left":"0","isLinked":false}},"elements":[{"id":"14d7091d","settings":{"title":"Top Categories","typography_typography":"custom","typography_font_family":"Open Sans","typography_font_size":{"unit":"px","size":14,"sizes":[]},"typography_font_weight":"700","_margin":{"unit":"px","top":"0","right":"0","bottom":"0","left":"0","isLinked":false},"_padding":{"unit":"px","top":"0","right":"0","bottom":"0","left":"0","isLinked":false}},"elements":[],"isInner":false,"widgetType":"heading","elType":"widget"},{"id":"7760e80f","settings":{"layout":"vertical","align_items":"flex-start","toggle_menu_title":"Title","toggle_canvas_title":"Title","menu_typography_typography":"custom","menu_typography_font_family":"Open Sans","menu_typography_font_size":{"unit":"px","size":14,"sizes":[]},"menu_typography_font_weight":"400","menu_typography_text_transform":"capitalize","menu_typography_line_height":{"unit":"px","size":28,"sizes":[]},"menu_typography_letter_spacing":{"unit":"px","size":0,"sizes":[]},"_margin":{"unit":"px","top":"0","right":"0","bottom":"0","left":"0","isLinked":false},"color_menu_item":"#999999","color_menu_item_hover":"#FA4F26"},"elements":[],"isInner":false,"widgetType":"besa-nav-menu","elType":"widget"},{"id":"770684cf","settings":{"text":"See all categories","align":"left","size":"xs","selected_icon":{"value":"icon- icon-arrow-right","library":"simple-line-icons"},"icon_align":"right","typography_typography":"custom","typography_font_size":{"unit":"px","size":14,"sizes":[]},"typography_line_height":{"unit":"px","size":"","sizes":[]},"button_text_color":"#fa4f26","background_color":"rgba(0,0,0,0)","text_padding":{"unit":"px","top":"0","right":"0","bottom":"0","left":"0","isLinked":true},"_element_width":"auto","_offset_x":{"size":0,"unit":"px"},"_offset_orientation_v":"end","_offset_y_end":{"size":35,"unit":"px"},"_padding":{"unit":"px","top":"0","right":"0","bottom":"0","left":"0","isLinked":false},"_margin":{"unit":"px","top":"39","right":"0","bottom":"0","left":"0","isLinked":false},"hide_tablet":"hidden-tablet","hide_mobile":"hidden-phone"},"elements":[],"isInner":false,"widgetType":"button","elType":"widget"}],"isInner":false,"elType":"column"},{"id":"7143f1b3","settings":{"_column_size":33,"_inline_size":null,"background_background":"classic","background_color":"#f9f9f9","space_between_widgets":0,"_inline_size_tablet":100,"hide_tablet":"hidden-tablet","hide_mobile":"hidden-phone","_inline_size_mobile":100,"margin_tablet":{"unit":"px","top":"0","right":"0","bottom":"20","left":"0","isLinked":false}},"elements":[{"id":"522d732a","settings":{"title":"Featured Brands","brands":[{"brand_image":{"id":4739,"url":"https:\/\/elementor.thembay.com\/besa\/wp-content\/uploads\/2019\/10\/brand-01-sm.jpg"},"brand_link":{"url":"#","is_external":"","nofollow":""},"_id":"7e7b246"},{"brand_image":{"id":4740,"url":"https:\/\/elementor.thembay.com\/besa\/wp-content\/uploads\/2019\/10\/brand-02-sm.jpg"},"brand_link":{"url":"#","is_external":"","nofollow":""},"_id":"7b5364e"},{"brand_image":{"id":4741,"url":"https:\/\/elementor.thembay.com\/besa\/wp-content\/uploads\/2019\/10\/brand-03-sm.jpg"},"brand_link":{"url":"#","is_external":"","nofollow":""},"_id":"cd8d676"},{"brand_image":{"id":4742,"url":"https:\/\/elementor.thembay.com\/besa\/wp-content\/uploads\/2019\/10\/brand-04-sm.jpg"},"brand_link":{"url":"#","is_external":"","nofollow":""},"_id":"c76f97e"},{"brand_image":{"id":4743,"url":"https:\/\/elementor.thembay.com\/besa\/wp-content\/uploads\/2019\/10\/brand-05-sm.jpg"},"brand_link":{"url":"#","is_external":"","nofollow":""},"_id":"bf1ecb5"},{"brand_image":{"id":4744,"url":"https:\/\/elementor.thembay.com\/besa\/wp-content\/uploads\/2019\/10\/brand-06-sm.jpg"},"brand_link":{"url":"#","is_external":"","nofollow":""},"_id":"8b0ccf4"},{"brand_image":{"id":4745,"url":"https:\/\/elementor.thembay.com\/besa\/wp-content\/uploads\/2019\/10\/brand-07-sm.jpg"},"brand_link":{"url":"#","is_external":"","nofollow":""},"_id":"981bdca"},{"brand_image":{"id":4746,"url":"https:\/\/elementor.thembay.com\/besa\/wp-content\/uploads\/2019\/10\/brand-08-sm.jpg"},"brand_link":{"url":"#","is_external":"","nofollow":""},"_id":"b2ed885"}],"col_desktop":"2","column":"2","column_tablet":"2","title_typography_typography":"custom","title_typography_font_family":"Open Sans","title_typography_font_size":{"unit":"px","size":14,"sizes":[]},"title_typography_font_weight":"700","title_typography_text_transform":"capitalize","title_bottom_space":{"unit":"px","size":13,"sizes":[]},"_margin":{"unit":"px","top":"0","right":"0","bottom":"0","left":"0","isLinked":false},"_padding":{"unit":"px","top":"0","right":"0","bottom":"0","left":"0","isLinked":false},"heading_title_typography_typography":"custom","heading_title_typography_font_family":"Open Sans","heading_title_typography_font_size":{"unit":"px","size":14,"sizes":[]},"heading_title_typography_font_weight":"700","heading_title_typography_line_height":{"unit":"px","size":"","sizes":[]},"heading_title_bottom_space":{"unit":"px","size":3,"sizes":[]},"heading_title":"Featured Brands"},"elements":[],"isInner":false,"widgetType":"besa-brands","elType":"widget"}],"isInner":false,"elType":"column"},{"id":"1c494aec","settings":{"_column_size":33,"_inline_size":null,"background_background":"classic","background_color":"#f9f9f9","space_between_widgets":0,"hide_tablet":"hidden-tablet","hide_mobile":"hidden-phone","_inline_size_tablet":100,"_inline_size_mobile":100},"elements":[{"id":"39faafc5","settings":{"image":{"id":2184,"url":"https:\/\/elementor.thembay.com\/besa\/wp-content\/uploads\/2019\/11\/banner-mega-02.png"},"link_to":"custom","link":{"url":"#","is_external":"","nofollow":""},"_padding":{"unit":"px","top":"0","right":"0","bottom":"0","left":"0","isLinked":true}},"elements":[],"isInner":false,"widgetType":"image","elType":"widget"}],"isInner":false,"elType":"column"}],"isInner":false,"elType":"section"}]}