{"version":"0.4","title":"Page","type":"page","content":[{"id":"4951337a","settings":{"structure":"40"},"elements":[{"id":"5afbdd2c","settings":{"_column_size":25,"_inline_size":null,"_inline_size_tablet":100,"margin_tablet":{"unit":"px","top":"0","right":"0","bottom":"20","left":"0","isLinked":false}},"elements":[{"id":"77948352","settings":{"title":"Product Elementor"},"elements":[],"isInner":false,"widgetType":"heading","elType":"widget"},{"id":"40992347","settings":{"layout":"vertical","toggle_menu_title":"Title","toggle_canvas_title":"Title","align_items":"flex-start","menu_typography_font_family":"Open Sans","menu_typography_font_size":{"unit":"px","size":14,"sizes":[]},"menu_typography_font_weight":"400","menu_typography_text_transform":"capitalize","menu_typography_line_height":{"unit":"px","size":28,"sizes":[]},"color_menu_item":"#999999","color_menu_item_hover":"#FA4F26"},"elements":[],"isInner":false,"widgetType":"besa-nav-menu","elType":"widget"}],"isInner":false,"elType":"column"},{"id":"1c311289","settings":{"_column_size":25,"_inline_size":null,"background_background":"classic","background_color":"#f5f5f5","_inline_size_tablet":100,"margin_tablet":{"unit":"px","top":"0","right":"0","bottom":"20","left":"0","isLinked":false}},"elements":[{"id":"2f01939b","settings":{"title":"Besa Elementor"},"elements":[],"isInner":false,"widgetType":"heading","elType":"widget"},{"id":"2f6d7173","settings":{"layout":"vertical","toggle_menu_title":"Title","toggle_canvas_title":"Title","align_items":"flex-start","menu_typography_font_family":"Open Sans","menu_typography_font_size":{"unit":"px","size":14,"sizes":[]},"menu_typography_font_weight":"400","menu_typography_text_transform":"capitalize","menu_typography_line_height":{"unit":"px","size":28,"sizes":[]},"color_menu_item":"#999999","color_menu_item_hover":"#FA4F26"},"elements":[],"isInner":false,"widgetType":"besa-nav-menu","elType":"widget"}],"isInner":false,"elType":"column"},{"id":"54827201","settings":{"_column_size":25,"_inline_size":null,"_inline_size_tablet":100,"margin_tablet":{"unit":"px","top":"0","right":"0","bottom":"20","left":"0","isLinked":false}},"elements":[{"id":"4d4700a","settings":{"title":"Product Layout"},"elements":[],"isInner":false,"widgetType":"heading","elType":"widget"},{"id":"34ee2cbd","settings":{"layout":"vertical","toggle_menu_title":"Title","toggle_canvas_title":"Title","align_items":"flex-start","menu_typography_font_family":"Open Sans","menu_typography_font_size":{"unit":"px","size":14,"sizes":[]},"menu_typography_font_weight":"400","menu_typography_text_transform":"capitalize","menu_typography_line_height":{"unit":"px","size":28,"sizes":[]},"color_menu_item":"#999999","color_menu_item_hover":"#FA4F26"},"elements":[],"isInner":false,"widgetType":"besa-nav-menu","elType":"widget"}],"isInner":false,"elType":"column"},{"id":"2ee1732c","settings":{"_column_size":25,"_inline_size":null,"background_background":"classic","background_color":"#f5f5f5","_inline_size_tablet":100},"elements":[{"id":"4d3f5023","settings":{"title":"Other Page"},"elements":[],"isInner":false,"widgetType":"heading","elType":"widget"},{"id":"3a70a1d6","settings":{"layout":"vertical","toggle_menu_title":"Title","toggle_canvas_title":"Title","align_items":"flex-start","menu_typography_font_family":"Open Sans","menu_typography_font_size":{"unit":"px","size":14,"sizes":[]},"menu_typography_font_weight":"400","menu_typography_text_transform":"capitalize","menu_typography_line_height":{"unit":"px","size":28,"sizes":[]},"color_menu_item":"#999999","color_menu_item_hover":"#FA4F26"},"elements":[],"isInner":false,"widgetType":"besa-nav-menu","elType":"widget"}],"isInner":false,"elType":"column"}],"isInner":false,"elType":"section"}]}