{"version":"0.4","title":"Shop","type":"page","content":[{"id":"1bfc19c7","settings":{"structure":"40","custom_height":{"unit":"px","size":600,"sizes":[]},"column_position":"top","content_position":"top","overflow":"hidden"},"elements":[{"id":"6d21e17d","settings":{"_column_size":25,"_inline_size":null,"space_between_widgets":0,"background_background":"classic","background_color":"#ffffff","_inline_size_tablet":100,"margin_tablet":{"unit":"px","top":"0","right":"0","bottom":"20","left":"0","isLinked":false}},"elements":[{"id":"61a7dd6a","settings":{"title":"Shop","_padding":{"unit":"px","top":"0","right":"0","bottom":"0","left":"0","isLinked":false},"typography_typography":"custom"},"elements":[],"isInner":false,"widgetType":"heading","elType":"widget"},{"id":"236de743","settings":{"layout":"vertical","align_items":"flex-start","toggle_menu_title":"Shop","toggle_canvas_title":"Title","menu_typography_font_family":"Open Sans","menu_typography_font_size":{"unit":"px","size":14,"sizes":[]},"menu_typography_font_weight":"400","menu_typography_text_transform":"capitalize","menu_typography_line_height":{"unit":"px","size":28,"sizes":[]},"color_menu_item":"#999999","color_menu_item_hover":"#FA4F26"},"elements":[],"isInner":false,"widgetType":"besa-nav-menu","elType":"widget"}],"isInner":false,"elType":"column"},{"id":"281b138a","settings":{"_column_size":25,"_inline_size":null,"space_between_widgets":0,"background_background":"classic","background_color":"#f5f5f5","_inline_size_tablet":100,"margin_tablet":{"unit":"px","top":"0","right":"0","bottom":"20","left":"0","isLinked":false}},"elements":[{"id":"6ffaaf7f","settings":{"title":"Product Types","_padding":{"unit":"px","top":"0","right":"0","bottom":"0","left":"0","isLinked":false}},"elements":[],"isInner":false,"widgetType":"heading","elType":"widget"},{"id":"2e649702","settings":{"layout":"vertical","align_items":"flex-start","toggle_menu_title":"Product Types","toggle_canvas_title":"Title","menu_typography_font_family":"Open Sans","menu_typography_font_size":{"unit":"px","size":14,"sizes":[]},"menu_typography_font_weight":"400","menu_typography_text_transform":"capitalize","menu_typography_line_height":{"unit":"px","size":28,"sizes":[]},"color_menu_item":"#999999","color_menu_item_hover":"#FA4F26"},"elements":[],"isInner":false,"widgetType":"besa-nav-menu","elType":"widget"}],"isInner":false,"elType":"column"},{"id":"6d234b72","settings":{"_column_size":25,"_inline_size":null,"space_between_widgets":0,"background_background":"classic","background_color":"#ffffff","_inline_size_tablet":100,"margin_tablet":{"unit":"px","top":"0","right":"0","bottom":"20","left":"0","isLinked":false}},"elements":[{"id":"5909e071","settings":{"title":"Vendor","_padding":{"unit":"px","top":"0","right":"0","bottom":"0","left":"0","isLinked":false}},"elements":[],"isInner":false,"widgetType":"heading","elType":"widget"},{"id":"2ebe1b96","settings":{"layout":"vertical","align_items":"flex-start","toggle_menu_title":"Vendor","toggle_canvas_title":"Title","menu_typography_font_family":"Open Sans","menu_typography_font_size":{"unit":"px","size":14,"sizes":[]},"menu_typography_font_weight":"400","menu_typography_text_transform":"capitalize","menu_typography_line_height":{"unit":"px","size":28,"sizes":[]},"color_menu_item":"#999999","color_menu_item_hover":"#FA4F26"},"elements":[],"isInner":false,"widgetType":"besa-nav-menu","elType":"widget"}],"isInner":false,"elType":"column"},{"id":"71487e19","settings":{"_column_size":25,"_inline_size":null,"space_between_widgets":0,"background_background":"classic","background_color":"#f5f5f5","_inline_size_tablet":100},"elements":[{"id":"430611da","settings":{"title":"Woocommerce","_padding":{"unit":"px","top":"0","right":"0","bottom":"0","left":"0","isLinked":false}},"elements":[],"isInner":false,"widgetType":"heading","elType":"widget"},{"id":"4f39e69f","settings":{"layout":"vertical","align_items":"flex-start","toggle_menu_title":"Woocommerce","toggle_canvas_title":"Title","menu_typography_font_family":"Open Sans","menu_typography_font_size":{"unit":"px","size":14,"sizes":[]},"menu_typography_font_weight":"400","menu_typography_text_transform":"capitalize","menu_typography_line_height":{"unit":"px","size":28,"sizes":[]},"color_menu_item":"#999999","color_menu_item_hover":"#FA4F26"},"elements":[],"isInner":false,"widgetType":"besa-nav-menu","elType":"widget"}],"isInner":false,"elType":"column"}],"isInner":false,"elType":"section"}]}