{"version":"0.4","title":"Electronic Accessories","type":"page","content":[{"id":"6eedccfd","settings":{"structure":"30"},"elements":[{"id":"16b2c578","settings":{"_column_size":33,"_inline_size":null,"_inline_size_tablet":100,"margin_tablet":{"unit":"px","top":"0","right":"0","bottom":"20","left":"0","isLinked":false}},"elements":[{"id":"29af9f08","settings":{"title":"Mobile Accessories","_padding":{"unit":"px","top":"0","right":"0","bottom":"0","left":"0","isLinked":true},"typography_font_family":"Open Sans","typography_font_size":{"unit":"px","size":14,"sizes":[]},"typography_font_weight":"700","typography_text_transform":"capitalize","_margin":{"unit":"px","top":"0","right":"0","bottom":"0","left":"0","isLinked":true}},"elements":[],"isInner":false,"widgetType":"heading","elType":"widget"},{"id":"71fb535a","settings":{"layout":"vertical","align_items":"flex-start","toggle_menu_title":"Title","toggle_canvas_title":"Title","menu_typography_font_family":"Open Sans","menu_typography_font_size":{"unit":"px","size":14,"sizes":[]},"menu_typography_font_weight":"400","menu_typography_text_transform":"capitalize","menu_typography_line_height":{"unit":"px","size":28,"sizes":[]},"color_menu_item":"#999999","color_menu_item_hover":"#FA4F26"},"elements":[],"isInner":false,"widgetType":"besa-nav-menu","elType":"widget"}],"isInner":false,"elType":"column"},{"id":"49e9181a","settings":{"_column_size":33,"_inline_size":null,"background_background":"classic","background_color":"#f9f9f9","_inline_size_tablet":100,"margin_tablet":{"unit":"px","top":"0","right":"0","bottom":"20","left":"0","isLinked":false}},"elements":[{"id":"2bd430e5","settings":{"title":"Computer Accessories","_padding":{"unit":"px","top":"0","right":"0","bottom":"0","left":"0","isLinked":true},"typography_font_family":"Open Sans","typography_font_size":{"unit":"px","size":14,"sizes":[]},"typography_font_weight":"700","typography_text_transform":"capitalize"},"elements":[],"isInner":false,"widgetType":"heading","elType":"widget"},{"id":"7e54e75","settings":{"layout":"vertical","align_items":"flex-start","toggle_menu_title":"Title","toggle_canvas_title":"Title","menu_typography_font_family":"Open Sans","menu_typography_font_size":{"unit":"px","size":14,"sizes":[]},"menu_typography_font_weight":"400","menu_typography_text_transform":"capitalize","menu_typography_line_height":{"unit":"px","size":28,"sizes":[]},"color_menu_item":"#999999","color_menu_item_hover":"#FA4F26"},"elements":[],"isInner":false,"widgetType":"besa-nav-menu","elType":"widget"}],"isInner":false,"elType":"column"},{"id":"33257c6f","settings":{"_column_size":33,"_inline_size":null,"background_background":"classic","background_color":"#ffffff","space_between_widgets":0,"hide_tablet":"hidden-tablet","hide_mobile":"hidden-phone","_inline_size_tablet":100,"margin_tablet":{"unit":"px","top":"0","right":"0","bottom":"20","left":"0","isLinked":false}},"elements":[{"id":"3bdf886f","settings":{"title":"Featured Brands","brands":[{"brand_image":{"id":4739,"url":"https:\/\/elementor.thembay.com\/besa\/wp-content\/uploads\/2019\/10\/brand-01-sm.jpg"},"brand_link":{"url":"#","is_external":"","nofollow":""},"_id":"7e7b246"},{"brand_image":{"id":4740,"url":"https:\/\/elementor.thembay.com\/besa\/wp-content\/uploads\/2019\/10\/brand-02-sm.jpg"},"brand_link":{"url":"#","is_external":"","nofollow":""},"_id":"7b5364e"},{"brand_image":{"id":4741,"url":"https:\/\/elementor.thembay.com\/besa\/wp-content\/uploads\/2019\/10\/brand-03-sm.jpg"},"brand_link":{"url":"#","is_external":"","nofollow":""},"_id":"cd8d676"},{"brand_image":{"id":4742,"url":"https:\/\/elementor.thembay.com\/besa\/wp-content\/uploads\/2019\/10\/brand-04-sm.jpg"},"brand_link":{"url":"#","is_external":"","nofollow":""},"_id":"c76f97e"},{"brand_image":{"id":4743,"url":"https:\/\/elementor.thembay.com\/besa\/wp-content\/uploads\/2019\/10\/brand-05-sm.jpg"},"brand_link":{"url":"#","is_external":"","nofollow":""},"_id":"bf1ecb5"},{"brand_image":{"id":4744,"url":"https:\/\/elementor.thembay.com\/besa\/wp-content\/uploads\/2019\/10\/brand-06-sm.jpg"},"brand_link":{"url":"#","is_external":"","nofollow":""},"_id":"8b0ccf4"},{"brand_image":{"id":4745,"url":"https:\/\/elementor.thembay.com\/besa\/wp-content\/uploads\/2019\/10\/brand-07-sm.jpg"},"brand_link":{"url":"#","is_external":"","nofollow":""},"_id":"981bdca"},{"brand_image":{"id":4746,"url":"https:\/\/elementor.thembay.com\/besa\/wp-content\/uploads\/2019\/10\/brand-08-sm.jpg"},"brand_link":{"url":"#","is_external":"","nofollow":""},"_id":"b2ed885"}],"col_desktop":"2","column":"2","column_tablet":"2","title_typography_typography":"custom","title_typography_font_family":"Open Sans","title_typography_font_size":{"unit":"px","size":14,"sizes":[]},"title_typography_font_weight":"700","title_typography_text_transform":"capitalize","title_bottom_space":{"unit":"px","size":13,"sizes":[]},"_margin":{"unit":"px","top":"0","right":"0","bottom":"0","left":"0","isLinked":false},"_padding":{"unit":"px","top":"0","right":"0","bottom":"0","left":"0","isLinked":false},"heading_title_typography_typography":"custom","heading_title_typography_font_family":"Open Sans","heading_title_typography_font_size":{"unit":"px","size":14,"sizes":[]},"heading_title_typography_font_weight":"700","heading_title_typography_line_height":{"unit":"px","size":28,"sizes":[]},"heading_title_bottom_space":{"unit":"px","size":7,"sizes":[]},"heading_title":"Featured Brands"},"elements":[],"isInner":false,"widgetType":"besa-brands","elType":"widget"}],"isInner":false,"elType":"column"}],"isInner":false,"elType":"section"},{"id":"3e32ca1c","settings":{"structure":"30"},"elements":[{"id":"401ba689","settings":{"_column_size":33,"_inline_size":null,"_inline_size_tablet":100,"margin_tablet":{"unit":"px","top":"0","right":"0","bottom":"20","left":"0","isLinked":false}},"elements":[{"id":"45e50d9a","settings":{"title":"Gadgets","_padding":{"unit":"px","top":"0","right":"0","bottom":"0","left":"0","isLinked":true},"typography_font_family":"Open Sans","typography_font_size":{"unit":"px","size":14,"sizes":[]},"typography_font_weight":"700"},"elements":[],"isInner":false,"widgetType":"heading","elType":"widget"},{"id":"1a44beca","settings":{"layout":"vertical","align_items":"flex-start","toggle_menu_title":"Title","toggle_canvas_title":"Title","menu_typography_font_family":"Open Sans","menu_typography_font_size":{"unit":"px","size":14,"sizes":[]},"menu_typography_font_weight":"400","menu_typography_text_transform":"capitalize","menu_typography_line_height":{"unit":"px","size":28,"sizes":[]},"color_menu_item":"#999999","color_menu_item_hover":"#FA4F26"},"elements":[],"isInner":false,"widgetType":"besa-nav-menu","elType":"widget"}],"isInner":false,"elType":"column"},{"id":"1be326b0","settings":{"_column_size":33,"_inline_size":null,"background_background":"classic","background_color":"#f9f9f9","_inline_size_tablet":100,"margin_tablet":{"unit":"px","top":"0","right":"0","bottom":"20","left":"0","isLinked":false}},"elements":[{"id":"6ccffe90","settings":{"title":"Network Components","_padding":{"unit":"px","top":"0","right":"0","bottom":"0","left":"0","isLinked":true},"typography_font_family":"Open Sans","typography_font_weight":"700"},"elements":[],"isInner":false,"widgetType":"heading","elType":"widget"},{"id":"4c4f07fc","settings":{"layout":"vertical","align_items":"flex-start","toggle_menu_title":"Title","toggle_canvas_title":"Title","menu_typography_font_family":"Open Sans","menu_typography_font_size":{"unit":"px","size":14,"sizes":[]},"menu_typography_font_weight":"400","menu_typography_text_transform":"capitalize","menu_typography_line_height":{"unit":"px","size":28,"sizes":[]},"color_menu_item":"#999999","color_menu_item_hover":"#FA4F26"},"elements":[],"isInner":false,"widgetType":"besa-nav-menu","elType":"widget"}],"isInner":false,"elType":"column"},{"id":"67363a16","settings":{"_column_size":33,"_inline_size":null,"css_classes":"banner-mega","hide_tablet":"hidden-tablet","hide_mobile":"hidden-phone"},"elements":[{"id":"28f0ec06","settings":{"image":{"id":2593,"url":"https:\/\/elementor.thembay.com\/besa\/wp-content\/uploads\/2019\/11\/banner-mega-03.png"},"image_size":"full","link_to":"custom","link":{"url":"#","is_external":"on","nofollow":""},"_margin":{"unit":"px","top":"0","right":"0","bottom":"0","left":"0","isLinked":true}},"elements":[],"isInner":false,"widgetType":"image","elType":"widget"}],"isInner":false,"elType":"column"}],"isInner":false,"elType":"section"}]}