{"content":[{"id":"16bd22ad","settings":{"structure":"21","content_position":"middle","border_border":"solid","border_width":{"unit":"px","top":"0","right":"0","bottom":"1","left":"0","isLinked":false},"border_color":"#e5e5e5"},"elements":[{"id":"2913675e","settings":{"_column_size":33,"_inline_size":25},"elements":[{"id":"578bb61c","settings":{"editor":"<span style=\"font-size:13px\">Shopping Hotline: <\/span><span style=\"color: #fa4f26;\"><strong>(+1) 658 567 - 5839 <\/strong><\/span>","align":"left","typography_typography":"custom","text_columns":"1","_css_classes":"mb-0","text_color":"#666666","typography_line_height":{"unit":"px","size":26,"sizes":[]}},"elements":[],"isInner":false,"widgetType":"text-editor","elType":"widget"}],"isInner":false,"elType":"column"},{"id":"1bcf20e0","settings":{"_column_size":66,"_inline_size":74.665,"content_position":"center","align":"flex-end","element_child_border_color":"#d0d0d0","element_child_border_height":{"unit":"px","size":15,"sizes":[]},"element_child_border_position_spacing_the_top":{"unit":"px","size":16,"sizes":[]},"element_child_border_margin":{"unit":"px","top":"0","right":"13","bottom":"0","left":"13","isLinked":false},"enable_element_child_border":"yes","element_child_border_line_height":{"unit":"px","size":"","sizes":[]}},"elements":[{"id":"41e2a8d","settings":{"text":"Guide & Support","typography_typography":"custom","typography_font_size":{"unit":"px","size":13,"sizes":[]},"button_text_color":"#555555","background_color":"rgba(0,0,0,0)","hover_color":"#fa4f26","text_padding":{"unit":"px","top":"0","right":"0","bottom":"0","left":"0","isLinked":true},"link":{"url":"https:\/\/elementor.thembay.com\/besa\/contact-us\/","is_external":"","nofollow":""},"text_shadow_text_shadow":{"horizontal":0,"vertical":0,"blur":10,"color":"rgba(0,0,0,0)"},"selected_icon":{"value":"icon- icon-support","library":"simple-line-icons"},"typography_line_height":{"unit":"px","size":26,"sizes":[]}},"elements":[],"isInner":false,"widgetType":"button","elType":"widget"},{"id":"39763635","settings":{"custom_language_size":{"unit":"px","size":13,"sizes":[]},"color_text_custom_language":"#555555","hover_color_text_custom_language":"#fa4f26","custom_language_line_height":{"unit":"px","size":26,"sizes":[]}},"elements":[],"isInner":false,"widgetType":"besa-custom-language","elType":"widget"},{"id":"36b9edfa","settings":{"header_title":"Recent Viewed","empty":"You have no recently viewed item.","readmore_text":"View More","readmore_page":"813","heading_header_style_padding":{"unit":"px","top":"9","right":"0","bottom":"9","left":"0","isLinked":false},"heading_header_size":{"unit":"px","size":13,"sizes":[]},"heading_header_style_color":"#555555","heading_header_style_color_hover":"#fa4f26","heading_header_line_height":{"unit":"px","size":26,"sizes":[]}},"elements":[],"isInner":false,"widgetType":"besa-product-recently-viewed","elType":"widget"},{"id":"749f86ea","settings":{"text":"Order Tracking","typography_typography":"custom","typography_font_size":{"unit":"px","size":13,"sizes":[]},"button_text_color":"#555555","background_color":"rgba(0,0,0,0)","hover_color":"#fa4f26","text_padding":{"unit":"px","top":"0","right":"0","bottom":"0","left":"0","isLinked":true},"link":{"url":"https:\/\/elementor.thembay.com\/besa\/track-my-order\/","is_external":"","nofollow":""},"text_shadow_text_shadow":{"horizontal":0,"vertical":0,"blur":10,"color":"rgba(0,0,0,0)"},"selected_icon":{"value":"linear-icon- linear-icon-loupe-zoom-in","library":"linear-icons"},"typography_line_height":{"unit":"px","size":26,"sizes":[]}},"elements":[],"isInner":false,"widgetType":"button","elType":"widget"},{"id":"159419ef","settings":{"sub_menu_account":"my-account","icon_account_size":{"unit":"px","size":13,"sizes":[]},"text_account_size":{"unit":"px","size":13,"sizes":[]},"text_account_line_height":{"unit":"px","size":26,"sizes":[]},"padding_icon_account":{"unit":"px","top":"0","right":"10","bottom":"0","left":"0","isLinked":false},"color_icon":"#555555","hover_color_icon":"#fa4f26","color_text":"#555555","hover_color_text":"#fa4f26"},"elements":[],"isInner":false,"widgetType":"besa-account","elType":"widget"}],"isInner":false,"elType":"column"}],"isInner":false,"elType":"section"},{"id":"68afba9f","settings":{"structure":"33","padding":{"unit":"px","top":"25","right":"0","bottom":"27","left":"0","isLinked":false},"enable_sticky_headers":"yes"},"elements":[{"id":"7485d75f","settings":{"_column_size":25,"_inline_size":null,"content_position":"center"},"elements":[{"id":"61ce6f9f","settings":{"logo_select":"customize","image_logo":{"id":2223,"url":"https:\/\/elementor.thembay.com\/besa\/wp-content\/uploads\/2019\/11\/logo-dark.png"},"width_logo":{"unit":"px","size":125,"sizes":[]}},"elements":[],"isInner":false,"widgetType":"besa-site-logo","elType":"widget"}],"isInner":false,"elType":"column"},{"id":"2d0c70b","settings":{"_column_size":50,"_inline_size":null},"elements":[{"id":"289df91c","settings":{"placeholder_text":"Search for products...","vali_input_search":"Enter at least 2 characters","text_button_search":"","text_categories_search":"All","border_category_search_border":"solid","border_category_search_width":{"unit":"px","top":"2","right":"0","bottom":"2","left":"2","isLinked":false},"border_category_search_color":"#fa4f26","border_btn_search_border":"solid","border_btn_search_width":{"unit":"px","top":"2","right":"0","bottom":"2","left":"0","isLinked":false},"border_btn_search_color":"#fa4f26","border_input_search_border":"solid","border_input_search_width":{"unit":"px","top":"2","right":"0","bottom":"2","left":"0","isLinked":false},"border_input_search_color":"#fa4f26","icon_button_search_size":{"unit":"px","size":20,"sizes":[]},"bg_btn":"#fa4f26","color_icon_btn":"#ffffff","padding_btn":{"unit":"px","top":"0","right":"12","bottom":"0","left":"12","isLinked":false},"border_radius_tbay_search_form":{"unit":"px","top":"3","right":"3","bottom":"3","left":"3","isLinked":true},"border_tbay_search_form_border":"solid","border_tbay_search_form_width":{"unit":"px","top":"6","right":"6","bottom":"6","left":"6","isLinked":true},"border_tbay_search_form_color":"#fa4f26","padding_categories_search_open":{"unit":"px","top":"2","right":"0","bottom":"0","left":"0","isLinked":false},"border_style_tbay_search_form":"solid","border_width_tbay_search_form":{"unit":"px","top":"2","right":"2","bottom":"2","left":"2","isLinked":false},"border_color_tbay_search_form":"#fa4f26","search_form_line_height":{"unit":"px","size":40,"sizes":[]},"icon_button_search":{"value":"tb-icon tb-icon-zt-search","library":"tbay-custom","liblary":"tbay-custom"}},"elements":[],"isInner":false,"widgetType":"besa-search-form","elType":"widget"}],"isInner":false,"elType":"column"},{"id":"215a9300","settings":{"_column_size":25,"_inline_size":null,"content_position":"center","align":"flex-end"},"elements":[{"id":"5cbaebd","settings":{"title_wishlist":"My Wishlist","icon_wishlist_size":{"unit":"px","size":30,"sizes":[]},"position_left":{"unit":"px","size":18,"sizes":[]}},"elements":[],"isInner":false,"widgetType":"besa-wishlist","elType":"widget"},{"id":"3b071829","settings":{"title_mini_cart":"Shopping cart","icon_mini_cart_size":{"unit":"px","size":30,"sizes":[]},"show_title_mini_cart":"yes","price_mini_cart":"yes","_margin":{"unit":"px","top":"0","right":"0","bottom":"0","left":"21","isLinked":false},"border_popup_border":"solid","border_popup_width":{"unit":"px","top":"1","right":"1","bottom":"1","left":"1","isLinked":true},"border_popup_color":"#cccccc","color_close_popup":"#000000"},"elements":[],"isInner":false,"widgetType":"besa-mini-cart","elType":"widget"}],"isInner":false,"elType":"column"}],"isInner":false,"elType":"section"},{"id":"1ea4ee31","settings":{"structure":"21","background_background":"classic","background_color":"#fa4f26"},"elements":[{"id":"1e081cb3","settings":{"_column_size":33,"_inline_size":25},"elements":[{"id":"19cd327f","settings":{"layout":"vertical","show_toggle_menu":"yes","toggle_menu_title":"All Departments","show_content_menu":"yes","toggle_canvas_title":"Title","style_toggle_menu":"#111111","toggle_menu_color":"#ffffff","toggle_menu_title_size":{"unit":"px","size":14,"sizes":[]},"align_items":"center","show_toggle_menu_icon":"yes","toggle_menu_icon":{"value":"tb-icon tb-icon-menu","library":"tbay-custom"},"ajax_toggle":"yes"},"elements":[],"isInner":false,"widgetType":"besa-nav-menu","elType":"widget"}],"isInner":false,"elType":"column"},{"id":"6d7035bd","settings":{"_column_size":66,"_inline_size":74.665},"elements":[{"id":"25124dc8","settings":{"toggle_menu_title":"Title","toggle_canvas_title":"Title","color_menu_item":"#FFFFFF","color_menu_item_hover":"rgba(255,255,255,0.7)"},"elements":[],"isInner":false,"widgetType":"besa-nav-menu","elType":"widget"}],"isInner":false,"elType":"column"}],"isInner":false,"elType":"section"}],"page_settings":[],"version":"0.4","title":"Header v1","type":"page"}