{"content":[{"id":"263cb93d","settings":{"structure":"21","content_position":"middle","border_border":"solid","border_width":{"unit":"px","top":"0","right":"0","bottom":"1","left":"0","isLinked":false},"border_color":"#e5e5e5"},"elements":[{"id":"5deb61e3","settings":{"_column_size":33,"_inline_size":25},"elements":[{"id":"48451059","settings":{"editor":"<span style=\"font-size:13px\">Shopping Hotline: <\/span><span style=\"color: #fa4f26;\"><strong>(+1) 658 567 - 5839 <\/strong><\/span>","align":"left","typography_typography":"custom","text_columns":"1","_css_classes":"mb-0","text_color":"#666666","typography_line_height":{"unit":"px","size":26,"sizes":[]}},"elements":[],"isInner":false,"widgetType":"text-editor","elType":"widget"}],"isInner":false,"elType":"column"},{"id":"223f31aa","settings":{"_column_size":66,"_inline_size":74.665,"content_position":"center","align":"flex-end","element_child_border_color":"#d0d0d0","element_child_border_height":{"unit":"px","size":15,"sizes":[]},"element_child_border_position_spacing_the_top":{"unit":"px","size":16,"sizes":[]},"element_child_border_margin":{"unit":"px","top":"0","right":"13","bottom":"0","left":"13","isLinked":false},"enable_element_child_border":"yes","element_child_border_line_height":{"unit":"px","size":"","sizes":[]}},"elements":[{"id":"6178274e","settings":{"text":"Guide & Support","typography_typography":"custom","typography_font_size":{"unit":"px","size":13,"sizes":[]},"button_text_color":"#555555","background_color":"rgba(0,0,0,0)","hover_color":"#fa4f26","text_padding":{"unit":"px","top":"0","right":"0","bottom":"0","left":"0","isLinked":true},"link":{"url":"https:\/\/elementor.thembay.com\/besa\/contact-us\/","is_external":"","nofollow":""},"text_shadow_text_shadow":{"horizontal":0,"vertical":0,"blur":10,"color":"rgba(0,0,0,0)"},"selected_icon":{"value":"icon- icon-support","library":"simple-line-icons"},"typography_line_height":{"unit":"px","size":26,"sizes":[]}},"elements":[],"isInner":false,"widgetType":"button","elType":"widget"},{"id":"78619df","settings":{"custom_language_size":{"unit":"px","size":13,"sizes":[]},"color_text_custom_language":"#555555","hover_color_text_custom_language":"#fa4f26","custom_language_line_height":{"unit":"px","size":26,"sizes":[]}},"elements":[],"isInner":false,"widgetType":"besa-custom-language","elType":"widget"},{"id":"511a2295","settings":{"text":"Order Tracking","typography_typography":"custom","typography_font_size":{"unit":"px","size":13,"sizes":[]},"button_text_color":"#555555","background_color":"rgba(0,0,0,0)","hover_color":"#fa4f26","text_padding":{"unit":"px","top":"0","right":"0","bottom":"0","left":"0","isLinked":true},"link":{"url":"https:\/\/elementor.thembay.com\/besa\/track-my-order\/","is_external":"","nofollow":""},"text_shadow_text_shadow":{"horizontal":0,"vertical":0,"blur":10,"color":"rgba(0,0,0,0)"},"selected_icon":{"value":"linear-icon- linear-icon-loupe-zoom-in","library":"linear-icons"},"typography_line_height":{"unit":"px","size":26,"sizes":[]}},"elements":[],"isInner":false,"widgetType":"button","elType":"widget"},{"id":"4d5f0f62","settings":{"sub_menu_account":"my-account","icon_account_size":{"unit":"px","size":13,"sizes":[]},"text_account_size":{"unit":"px","size":13,"sizes":[]},"text_account_line_height":{"unit":"px","size":26,"sizes":[]},"padding_icon_account":{"unit":"px","top":"0","right":"10","bottom":"0","left":"0","isLinked":false},"color_icon":"#555555","hover_color_icon":"#fa4f26","color_text":"#555555","hover_color_text":"#fa4f26"},"elements":[],"isInner":false,"widgetType":"besa-account","elType":"widget"}],"isInner":false,"elType":"column"}],"isInner":false,"elType":"section"},{"id":"bb22ead","settings":{"structure":"33","margin":{"unit":"px","top":"","right":0,"bottom":"","left":0,"isLinked":true},"padding":{"unit":"px","top":"20","right":"0","bottom":"20","left":"0","isLinked":false}},"elements":[{"id":"f1f7cab","settings":{"_column_size":25,"_inline_size":16.25,"content_position":"center","align":"space-between"},"elements":[{"id":"3a0b84a3","settings":{"logo_select":"customize","image_logo":{"id":2223,"url":"https:\/\/elementor.thembay.com\/besa\/wp-content\/uploads\/2019\/11\/logo-dark.png"},"width_logo":{"unit":"px","size":110,"sizes":[]}},"elements":[],"isInner":false,"widgetType":"besa-site-logo","elType":"widget"},{"id":"62726a09","settings":{"layout":"vertical","show_canvas_menu":"yes","toggle_menu_title":"Title","toggle_canvas_title":"All Departments","toggle_canvas_icon_size":{"unit":"px","size":20,"sizes":[]},"toggle_canvas_content_align":"left","toggle_canvas_menu_icon":{"value":"icon- icon-menu","library":"simple-line-icons"},"ajax_canvas":"yes"},"elements":[],"isInner":false,"widgetType":"besa-nav-menu","elType":"widget"}],"isInner":false,"elType":"column"},{"id":"6e2c7b92","settings":{"_column_size":50,"_inline_size":62.5,"content_position":"center","align":"center"},"elements":[{"id":"6bcfe5bc","settings":{"placeholder_text":"Search for products...","vali_input_search":"Enter at least 2 characters","text_button_search":"Search","text_categories_search":"All","border_style_tbay_search_form":"solid","border_width_tbay_search_form":{"unit":"px","top":"1","right":"1","bottom":"1","left":"1","isLinked":true},"search_form_line_height":{"unit":"px","size":44,"sizes":[]},"border_radius_tbay_search_form":{"unit":"px","top":"3","right":"3","bottom":"3","left":"3","isLinked":true},"border_color_tbay_search_form":"#cccccc","bg_category_search":"#f5f5f5","color_category_search":"#111111","bg_btn":"#fa4f26","color_icon_btn":"#ffffff","color_text_btn":"#ffffff","_margin":{"unit":"px","top":"0","right":"0","bottom":"0","left":"35","isLinked":false},"icon_button_search":{"value":"tb-icon tb-icon-zt-search","library":"tbay-custom"}},"elements":[],"isInner":false,"widgetType":"besa-search-form","elType":"widget"}],"isInner":false,"elType":"column"},{"id":"b1e3a8a","settings":{"_column_size":25,"_inline_size":21.25,"content_position":"center","align":"flex-end"},"elements":[{"id":"250ea25a","settings":{"icon_compare_size":{"unit":"px","size":28,"sizes":[]},"title_compare":"My Compare","color_icon":"#000000","hover_color_icon":"#fa4f26"},"elements":[],"isInner":false,"widgetType":"besa-compare","elType":"widget"},{"id":"770a3140","settings":{"icon_wishlist_size":{"unit":"px","size":26,"sizes":[]},"title_wishlist":"My Wishlist","color_icon":"#000000","hover_color_icon":"#fa4f26","_margin":{"unit":"px","top":"0","right":"15","bottom":"0","left":"15","isLinked":false},"show_title_wishlist":"","position_left":{"unit":"px","size":12,"sizes":[]}},"elements":[],"isInner":false,"widgetType":"besa-wishlist","elType":"widget"},{"id":"6bf9ccbc","settings":{"icon_mini_cart_size":{"unit":"px","size":26,"sizes":[]},"show_title_mini_cart":"yes","title_mini_cart":"My cart","price_mini_cart":"yes","color_icon":"#000000","hover_color_icon":"#fa4f26","margin_text_cart":{"unit":"px","top":"0","right":"0","bottom":"0","left":"15","isLinked":false},"color_text":"#666666","hover_color_text":"#fa4f26","border_popup_border":"solid","border_popup_width":{"unit":"px","top":"1","right":"1","bottom":"1","left":"1","isLinked":true},"border_popup_color":"#cccccc","color_close_popup":"#d0d0d0"},"elements":[],"isInner":false,"widgetType":"besa-mini-cart","elType":"widget"}],"isInner":false,"elType":"column"}],"isInner":false,"elType":"section"},{"id":"351e6eec","settings":{"structure":"22","background_background":"classic","background_color":"#fa4f26"},"elements":[{"id":"215bc63","settings":{"_column_size":66,"_inline_size":83.33},"elements":[{"id":"6ec7e20b","settings":{"toggle_menu_title":"Title","toggle_canvas_title":"Title","color_menu_item":"#ffffff","color_menu_item_hover":"rgba(255,255,255,0.7)"},"elements":[],"isInner":false,"widgetType":"besa-nav-menu","elType":"widget"}],"isInner":false,"elType":"column"},{"id":"7a7d7faf","settings":{"_column_size":33,"_inline_size":16.335,"align":"flex-end"},"elements":[{"id":"2e33f320","settings":{"header_title":"Recently Viewed","empty":"You have no recently viewed item.","heading_header_style_color":"#ffffff","readmore_text":"View More","readmore_page":"813","heading_header_style_color_hover":"rgba(255,255,255,0.7)"},"elements":[],"isInner":false,"widgetType":"besa-product-recently-viewed","elType":"widget"}],"isInner":false,"elType":"column"}],"isInner":false,"elType":"section"}],"page_settings":[],"version":"0.4","title":"Header v3","type":"page"}