{"content":[{"id":"6d963203","settings":{"stretch_section":"section-stretched","structure":"34","background_background":"classic","background_color":"#fa4f26","padding":{"unit":"px","top":"20","right":"0","bottom":"20","left":"0","isLinked":false},"enable_sticky_headers":"yes"},"elements":[{"id":"5c1894d2","settings":{"_column_size":16,"_inline_size":null,"content_position":"center","align":"space-between"},"elements":[{"id":"1c8ecc11","settings":{"width_logo":{"unit":"px","size":110,"sizes":[]}},"elements":[],"isInner":false,"widgetType":"besa-site-logo","elType":"widget"},{"id":"334ec7b0","settings":{"layout":"vertical","show_canvas_menu":"yes","toggle_menu_title":"Title","toggle_canvas_menu_icon":{"value":"linear-icon- linear-icon-menu","library":"linear-icons"},"toggle_canvas_icon_color":"#ffffff","toggle_canvas_content_align":"left","toggle_canvas_icon_size":{"unit":"px","size":26,"sizes":[]},"toggle_canvas_title":"All Departments"},"elements":[],"isInner":false,"widgetType":"besa-nav-menu","elType":"widget"}],"isInner":false,"elType":"column"},{"id":"7e152d1e","settings":{"_column_size":66,"_inline_size":null,"content_position":"center","margin":{"unit":"px","top":"0","right":"30","bottom":"0","left":"30","isLinked":false}},"elements":[{"id":"55a7f738","settings":{"placeholder_text":"Search for products...","vali_input_search":"Enter at least 2 characters","text_button_search":"Search","text_categories_search":"All Categories","icon_button_search_size":{"unit":"px","size":16,"sizes":[]},"border_radius_tbay_search_form":{"unit":"px","top":"3","right":"3","bottom":"3","left":"3","isLinked":true},"bg_btn":"#fcd537","icon_button_search":{"value":"tb-icon tb-icon-zt-search","library":"tbay-custom"}},"elements":[],"isInner":false,"widgetType":"besa-search-form","elType":"widget"}],"isInner":false,"elType":"column"},{"id":"557eb806","settings":{"_column_size":16,"_inline_size":null,"content_position":"center","align":"space-between"},"elements":[{"id":"4504b71c","settings":{"title_compare":"My Compare","color_icon":"#ffffff","icon_compare_size":{"unit":"px","size":26,"sizes":[]},"_margin":{"unit":"px","top":"0","right":"6","bottom":"0","left":"0","isLinked":false}},"elements":[],"isInner":false,"widgetType":"besa-compare","elType":"widget"},{"id":"40870aca","settings":{"icon_account_size":{"unit":"px","size":26,"sizes":[]},"sub_menu_account":"my-account","color_icon":"#ffffff","color_text":"#ffffff","show_text_account":"","_margin":{"unit":"px","top":"0","right":"0","bottom":"0","left":"8","isLinked":false}},"elements":[],"isInner":false,"widgetType":"besa-account","elType":"widget"},{"id":"2024fac5","settings":{"title_wishlist":"My Wishlist","color_icon":"#ffffff","icon_wishlist_size":{"unit":"px","size":26,"sizes":[]},"_margin":{"unit":"px","top":"0","right":"14","bottom":"0","left":"10","isLinked":false},"show_title_wishlist":""},"elements":[],"isInner":false,"widgetType":"besa-wishlist","elType":"widget"},{"id":"622c2516","settings":{"icon_mini_cart_size":{"unit":"px","size":26,"sizes":[]},"title_mini_cart":"Shopping cart","title_dropdown_mini_cart":"","color_icon":"#ffffff","_margin":{"unit":"px","top":"0","right":"8","bottom":"0","left":"0","isLinked":false}},"elements":[],"isInner":false,"widgetType":"besa-mini-cart","elType":"widget"}],"isInner":false,"elType":"column"}],"isInner":false,"elType":"section"},{"id":"30f68d73","settings":{"structure":"20","stretch_section":"section-stretched","background_background":"classic","background_color":"#ffffff","border_border":"solid","border_width":{"unit":"px","top":"0","right":"0","bottom":"1","left":"0","isLinked":false},"border_color":"#d0d0d0"},"elements":[{"id":"33b3dbdd","settings":{"_column_size":50,"_inline_size":83.333},"elements":[{"id":"568446ed","settings":{"align_items":"flex-start","toggle_menu_title":"Title","toggle_canvas_title":"Title","_border_width":{"unit":"px","top":"0","right":"0","bottom":"0","left":"0","isLinked":false}},"elements":[],"isInner":false,"widgetType":"besa-nav-menu","elType":"widget"}],"isInner":false,"elType":"column"},{"id":"4a490d35","settings":{"_column_size":50,"_inline_size":16.667,"align":"flex-end"},"elements":[{"id":"ef40bc5","settings":{"header_title":"Recently Viewed","empty":"You have no recently viewed item.","readmore_text":"View More","readmore_page":"813","header_column":"9","header_icon":{"value":"","library":""}},"elements":[],"isInner":false,"widgetType":"besa-product-recently-viewed","elType":"widget"}],"isInner":false,"elType":"column"}],"isInner":false,"elType":"section"}],"page_settings":[],"version":"0.4","title":"Header v2","type":"page"}