{"content":[{"id":"56329997","settings":{"stretch_section":"section-stretched","structure":"20"},"elements":[{"id":"78d88a8f","settings":{"_column_size":50,"_inline_size":24.665},"elements":[],"isInner":false,"elType":"column"},{"id":"4c44fa99","settings":{"_column_size":50,"_inline_size":75.335,"padding":{"unit":"px","top":"15","right":"15","bottom":"0","left":"5","isLinked":false},"_inline_size_tablet":100,"padding_tablet":{"unit":"px","top":"18","right":"15","bottom":"0","left":"15","isLinked":false}},"elements":[{"id":"28d127cc","settings":{"shortcode":"[rev_slider alias=\"home-1\"][\/rev_slider]"},"elements":[],"isInner":false,"widgetType":"shortcode","elType":"widget"}],"isInner":false,"elType":"column"}],"isInner":false,"elType":"section"},{"id":"7454161d","settings":{"stretch_section":"section-stretched","structure":"20","padding":{"unit":"px","top":"0","right":"0","bottom":"60","left":"0","isLinked":false}},"elements":[{"id":"1b494bff","settings":{"_column_size":50,"_inline_size":24.665},"elements":[],"isInner":false,"elType":"column"},{"id":"79c901d0","settings":{"_column_size":50,"_inline_size":75.335,"padding":{"unit":"px","top":"0","right":"15","bottom":"0","left":"5","isLinked":false},"_inline_size_tablet":100,"padding_tablet":{"unit":"px","top":"0","right":"15","bottom":"0","left":"15","isLinked":false},"hide_mobile":"hidden-phone"},"elements":[{"id":"28eea95b","settings":{"gap":"no","structure":"30"},"elements":[{"id":"4ea6f14b","settings":{"_column_size":33,"_inline_size":null,"padding_mobile":{"unit":"px","top":"10","right":"0","bottom":"5","left":"0","isLinked":false}},"elements":[{"id":"21bdf644","settings":{"image":{"url":"https:\/\/elementor.thembay.com\/besa\/wp-content\/uploads\/2019\/11\/banner-home-2-03.jpg","id":3629},"link_to":"custom","link":{"url":"https:\/\/elementor.thembay.com\/besa\/shop\/","is_external":"on","nofollow":""}},"elements":[],"isInner":false,"widgetType":"image","elType":"widget"}],"isInner":true,"elType":"column"},{"id":"7eecee89","settings":{"_column_size":33,"_inline_size":null,"padding_mobile":{"unit":"px","top":"5","right":"0","bottom":"5","left":"0","isLinked":false}},"elements":[{"id":"7596d9d8","settings":{"image":{"url":"https:\/\/elementor.thembay.com\/besa\/wp-content\/uploads\/2019\/11\/banner-home-2-02.jpg","id":3631},"link_to":"custom","link":{"url":"https:\/\/elementor.thembay.com\/besa\/shop\/","is_external":"","nofollow":""}},"elements":[],"isInner":false,"widgetType":"image","elType":"widget"}],"isInner":true,"elType":"column"},{"id":"f97a581","settings":{"_column_size":33,"_inline_size":null,"padding_mobile":{"unit":"px","top":"5","right":"0","bottom":"5","left":"0","isLinked":false}},"elements":[{"id":"6d0dab09","settings":{"image":{"url":"https:\/\/elementor.thembay.com\/besa\/wp-content\/uploads\/2019\/11\/banner-home-2-01.jpg","id":3630},"link_to":"custom","link":{"url":"https:\/\/elementor.thembay.com\/besa\/shop\/","is_external":"","nofollow":""}},"elements":[],"isInner":false,"widgetType":"image","elType":"widget"}],"isInner":true,"elType":"column"}],"isInner":true,"elType":"section"}],"isInner":false,"elType":"column"}],"isInner":false,"elType":"section"},{"id":"271473d4","settings":{"stretch_section":"section-stretched","padding":{"unit":"px","top":"0","right":"0","bottom":"50","left":"0","isLinked":false},"animation":"fadeInUp"},"elements":[{"id":"dd288fe","settings":{"_column_size":100},"elements":[{"id":"336d5e1b","settings":{"heading_title":"Lightning Deals","position_displayed":"main","header_text":"Flash Sale","header_page":725,"date_title":"Deals end in:","date_title_ended":"Deal ended.","end_date":"2023-02-10 12:00","layout_type":"carousel","main_products":["12","15","16","20","25","26"],"enable_readmore":"","readmore_text":"Read More","readmore_page":725,"column":"5","col_desktopsmall":"4","col_desktop":"5","col_landscape":"3","header_image":{"id":3189,"url":"https:\/\/elementor.thembay.com\/besa\/wp-content\/uploads\/2019\/11\/placeholder-3.png"}},"elements":[],"isInner":false,"widgetType":"besa-product-flash-sales","elType":"widget"}],"isInner":false,"elType":"column"}],"isInner":false,"elType":"section"},{"id":"7db83fdc","settings":{"stretch_section":"section-stretched","padding":{"unit":"px","top":"0","right":"0","bottom":"63","left":"0","isLinked":false},"padding_mobile":{"unit":"px","top":"0","right":"0","bottom":"0","left":"0","isLinked":false},"animation":"fadeInUp"},"elements":[{"id":"65b1fb30","settings":{"_column_size":100},"elements":[{"id":"73c8673c","settings":{"image_size":"full","image":{"url":"https:\/\/elementor.thembay.com\/besa\/wp-content\/uploads\/2019\/11\/banner-home2-03.jpg","id":3203},"link_to":"custom","link":{"url":"https:\/\/elementor.thembay.com\/besa\/shop\/","is_external":"","nofollow":""},"hide_mobile":"hidden-phone"},"elements":[],"isInner":false,"widgetType":"image","elType":"widget"}],"isInner":false,"elType":"column"}],"isInner":false,"elType":"section"},{"id":"15ba3289","settings":{"stretch_section":"section-stretched","background_background":"classic","animation":"fadeInUp"},"elements":[{"id":"559800e2","settings":{"_column_size":100},"elements":[{"id":"5ae2f1ea","settings":{"heading_title":"Most Popular Categories","list_category":[{"category":"electronic-devices","type_image":{"id":3218,"url":"https:\/\/elementor.thembay.com\/besa\/wp-content\/uploads\/2019\/11\/image-cat-3.jpg"},"display_count_category":"","_id":"168f131","custom_link":{"url":"","is_external":"","nofollow":""}},{"category":"electronic-accessories","type_image":{"id":3223,"url":"https:\/\/elementor.thembay.com\/besa\/wp-content\/uploads\/2019\/11\/image-cat-8.jpg"},"display_count_category":"","_id":"db50287","custom_link":{"url":"","is_external":"","nofollow":""}},{"category":"tv-home-appliances","type_image":{"id":3228,"url":"https:\/\/elementor.thembay.com\/besa\/wp-content\/uploads\/2019\/11\/image-cat-12.jpg"},"display_count_category":"","_id":"4286d06","custom_link":{"url":"","is_external":"","nofollow":""}},{"category":"health-beauty","type_image":{"id":3226,"url":"https:\/\/elementor.thembay.com\/besa\/wp-content\/uploads\/2019\/11\/image-cat-10.jpg"},"display_count_category":"","_id":"9cc4a09","custom_link":{"url":"","is_external":"","nofollow":""}},{"type_image":{"id":3225,"url":"https:\/\/elementor.thembay.com\/besa\/wp-content\/uploads\/2019\/11\/image-cat-9.jpg"},"display_count_category":"","_id":"ed6ba52","custom_link":{"url":"","is_external":"","nofollow":""}},{"category":"home-kitchen","type_image":{"id":3222,"url":"https:\/\/elementor.thembay.com\/besa\/wp-content\/uploads\/2019\/11\/image-cat-7.jpg"},"display_count_category":"","_id":"3acbe9f","custom_link":{"url":"","is_external":"","nofollow":""}},{"category":"fashion-clothing","type_image":{"id":3227,"url":"https:\/\/elementor.thembay.com\/besa\/wp-content\/uploads\/2019\/11\/image-cat-11.jpg"},"display_count_category":"","_id":"42149d6","custom_link":{"url":"","is_external":"","nofollow":""}},{"category":"sports-travel","type_image":{"id":3221,"url":"https:\/\/elementor.thembay.com\/besa\/wp-content\/uploads\/2019\/11\/image-cat-6.jpg"},"display_count_category":"","_id":"874d473","custom_link":{"url":"","is_external":"","nofollow":""}},{"category":"books-audible","type_image":{"id":3234,"url":"https:\/\/elementor.thembay.com\/besa\/wp-content\/uploads\/2019\/11\/image-cat-1-2.jpg"},"display_count_category":"","_id":"763b5d0","custom_link":{"url":"","is_external":"","nofollow":""}},{"category":"games-toys","type_image":{"id":3219,"url":"https:\/\/elementor.thembay.com\/besa\/wp-content\/uploads\/2019\/11\/image-cat-4.jpg"},"display_count_category":"","_id":"9e860e1","custom_link":{"url":"","is_external":"","nofollow":""}},{"category":"garden","type_image":{"id":3229,"url":"https:\/\/elementor.thembay.com\/besa\/wp-content\/uploads\/2019\/11\/image-cat-13.jpg"},"display_count_category":"","_id":"8f65748","custom_link":{"url":"","is_external":"","nofollow":""}},{"category":"pet-supplies","type_image":{"id":3230,"url":"https:\/\/elementor.thembay.com\/besa\/wp-content\/uploads\/2019\/11\/image-cat-14.jpg"},"display_count_category":"","_id":"94493f1","custom_link":{"url":"","is_external":"","nofollow":""}},{"category":"food","type_image":{"id":3235,"url":"https:\/\/elementor.thembay.com\/besa\/wp-content\/uploads\/2019\/11\/image-cat-2-2.jpg"},"display_custom":"","display_count_category":"","_id":"5f659f0","custom_link":{"url":"","is_external":"","nofollow":""}},{"category":"home-audio","type_image":{"id":3735,"url":"https:\/\/elementor.thembay.com\/besa\/wp-content\/uploads\/2019\/11\/sound.gif"},"display_custom":"","display_count_category":"","_id":"2b873a3","custom_link":{"url":"","is_external":"","nofollow":""}}],"show_all":"yes","text_show_all":"See all categories","column":"7","col_desktop":"6","col_desktopsmall":"5","cat_list_align":"center","spacing_content":{"unit":"px","top":"40","right":"0","bottom":"0","left":"0","isLinked":false},"col_landscape":"3","column_mobile":"2"},"elements":[],"isInner":false,"widgetType":"besa-custom-image-list-categories","elType":"widget"}],"isInner":false,"elType":"column"}],"isInner":false,"elType":"section"},{"id":"cdef9bb","settings":{"padding":{"unit":"px","top":"63","right":"0","bottom":"61","left":"0","isLinked":false},"stretch_section":"section-stretched","padding_mobile":{"unit":"px","top":"50","right":"0","bottom":"50","left":"0","isLinked":false},"animation":"fadeInUp"},"elements":[{"id":"7b6a82ab","settings":{"_column_size":100},"elements":[{"id":"245e610","settings":{"heading_title":"Trending In Baypress","tags":[{"tag_slug":"backpack","_id":"ca6cb9c"},{"_id":"c3b2819"},{"tag_slug":"sadida","_id":"6ea11cb"},{"tag_slug":"elppa","_id":"d0415ef"},{"tag_slug":"best-seller","_id":"4744b5f"},{"tag_slug":"clothes-rack","_id":"0172ed2"},{"tag_slug":"discount","_id":"4ce8721"},{"tag_slug":"dokan","_id":"4a6b0a0"},{"tag_slug":"electronic","_id":"3115f26"},{"tag_slug":"hoodies","_id":"ae05f5a"},{"tag_slug":"luxury","_id":"96e2d61"},{"tag_slug":"watch","_id":"4e82f0e"},{"tag_slug":"menswear","_id":"96a5329"}]},"elements":[],"isInner":false,"widgetType":"besa-product-list-tags","elType":"widget"}],"isInner":false,"elType":"column"}],"isInner":false,"elType":"section"},{"id":"515718b0","settings":{"stretch_section":"section-stretched","padding":{"unit":"px","top":"0","right":"0","bottom":"26","left":"0","isLinked":false},"animation":"fadeInUp"},"elements":[{"id":"5ecfe156","settings":{"_column_size":100},"elements":[{"id":"6de63d8c","settings":{"title_cat_tab":"Top Electronic Devices","enable_image":"yes","choose_image_future":{"url":"http:\/\/localhost\/thembay\/amaro\/wp-content\/uploads\/2019\/11\/banner-home2-05.jpg","id":2500},"show_more":"yes","text_button":"See all products","icon_button":{"value":"linear-icon- linear-icon-chevron-right","library":"linear-icons"},"width_image":{"unit":"px","size":235,"sizes":[]},"limit":4,"bg_heading":"#ffffff","heading_padding":{"unit":"px","top":"20","right":"26","bottom":"22","left":"26","isLinked":false},"categories":["electronic-accessories","electronic-devices","tv-home-appliances"],"col_desktopsmall":"4","navigation":"","arrows_width":{"unit":"px","size":10,"sizes":[]},"arrows_height":{"unit":"px","size":10,"sizes":[]},"arrows_size_icon":{"unit":"px","size":10,"sizes":[]},"arrows_size_position":{"unit":"px","size":-100,"sizes":[]},"col_landscape":"3","disable_mobile":"","image_banner_desktop":{"url":"https:\/\/elementor.thembay.com\/besa\/wp-content\/uploads\/2019\/11\/banner-home2-04.jpg","id":3204},"image_banner_mobile":{"url":"","id":""},"link_image_banner":{"url":"https:\/\/elementor.thembay.com\/besa\/shop\/","is_external":"on","nofollow":""},"layout_type":"carousel","auto":"","ajax_tabs":"yes"},"elements":[],"isInner":false,"widgetType":"besa-product-categories-tabs","elType":"widget"}],"isInner":false,"elType":"column"}],"isInner":false,"elType":"section"},{"id":"6c4b794a","settings":{"stretch_section":"section-stretched","padding":{"unit":"px","top":"0","right":"0","bottom":"26","left":"0","isLinked":false},"animation":"fadeInUp"},"elements":[{"id":"6eabc459","settings":{"_column_size":100},"elements":[{"id":"6fbedbfa","settings":{"title_cat_tab":"Home & Kitchen ","enable_image":"yes","choose_image_future":{"url":"http:\/\/localhost\/thembay\/amaro\/wp-content\/uploads\/2019\/11\/banner-home2-05.jpg","id":2500},"show_more":"yes","text_button":"See all products","icon_button":{"value":"linear-icon- linear-icon-chevron-right","library":"linear-icons"},"width_image":{"unit":"px","size":235,"sizes":[]},"limit":4,"bg_heading":"#ffffff","heading_padding":{"unit":"px","top":"20","right":"26","bottom":"22","left":"26","isLinked":false},"categories":["babies-toys","electronic-accessories","electronic-devices","fashion-clothing"],"col_desktopsmall":"4","navigation":"","arrows_width":{"unit":"px","size":10,"sizes":[]},"arrows_height":{"unit":"px","size":10,"sizes":[]},"arrows_size_icon":{"unit":"px","size":10,"sizes":[]},"arrows_size_position":{"unit":"px","size":-100,"sizes":[]},"position_image_banner":"left","col_landscape":"3","image_banner_desktop":{"url":"https:\/\/elementor.thembay.com\/besa\/wp-content\/uploads\/2019\/11\/banner-home2-05.jpg","id":3205},"link_image_banner":{"url":"https:\/\/elementor.thembay.com\/besa\/shop\/","is_external":"on","nofollow":""},"ajax_tabs":"yes"},"elements":[],"isInner":false,"widgetType":"besa-product-categories-tabs","elType":"widget"}],"isInner":false,"elType":"column"}],"isInner":false,"elType":"section"},{"id":"6b9234db","settings":{"stretch_section":"section-stretched","padding":{"unit":"px","top":"0","right":"0","bottom":"26","left":"0","isLinked":false},"animation":"fadeInUp"},"elements":[{"id":"363f198","settings":{"_column_size":100},"elements":[{"id":"4860ceee","settings":{"title_cat_tab":"Home & Kitchen ","enable_image":"yes","choose_image_future":{"url":"http:\/\/localhost\/thembay\/amaro\/wp-content\/uploads\/2019\/11\/banner-home2-05.jpg","id":2500},"show_more":"yes","text_button":"See all products","icon_button":{"value":"linear-icon- linear-icon-chevron-right","library":"linear-icons"},"width_image":{"unit":"px","size":235,"sizes":[]},"limit":4,"bg_heading":"#ffffff","heading_padding":{"unit":"px","top":"20","right":"26","bottom":"22","left":"26","isLinked":false},"categories":["home-kitchen","sports-travel","tv-home-appliances"],"col_desktopsmall":"4","navigation":"","arrows_width":{"unit":"px","size":10,"sizes":[]},"arrows_height":{"unit":"px","size":10,"sizes":[]},"arrows_size_icon":{"unit":"px","size":10,"sizes":[]},"arrows_size_position":{"unit":"px","size":-100,"sizes":[]},"col_landscape":"3","image_banner_desktop":{"url":"https:\/\/elementor.thembay.com\/besa\/wp-content\/uploads\/2019\/11\/banner-home2-06.jpg","id":3206},"link_image_banner":{"url":"https:\/\/elementor.thembay.com\/besa\/shop\/","is_external":"on","nofollow":""},"ajax_tabs":"yes"},"elements":[],"isInner":false,"widgetType":"besa-product-categories-tabs","elType":"widget"}],"isInner":false,"elType":"column"}],"isInner":false,"elType":"section"},{"id":"126c2b0b","settings":{"stretch_section":"section-stretched","padding":{"unit":"px","top":"0","right":"0","bottom":"63","left":"0","isLinked":false},"padding_mobile":{"unit":"px","top":"0","right":"0","bottom":"50","left":"0","isLinked":false},"animation":"fadeInUp"},"elements":[{"id":"53d919a9","settings":{"_column_size":100},"elements":[{"id":"650d4725","settings":{"title_cat_tab":"Health & Beauty","enable_image":"yes","position_image_banner":"left","width_image":{"unit":"px","size":235,"sizes":[]},"limit":4,"categories":["health-beauty","sports-travel","tv-home-appliances"],"show_more":"yes","text_button":"See all products","icon_button":{"value":"linear-icon- linear-icon-chevron-right","library":"linear-icons"},"bg_heading":"#ffffff","heading_padding":{"unit":"px","top":"20","right":"26","bottom":"22","left":"26","isLinked":false},"col_desktopsmall":"4","col_landscape":"3","image_banner_desktop":{"url":"https:\/\/elementor.thembay.com\/besa\/wp-content\/uploads\/2019\/11\/banner-home2-07.jpg","id":3207},"link_image_banner":{"url":"https:\/\/elementor.thembay.com\/besa\/shop\/","is_external":"on","nofollow":""},"ajax_tabs":"yes"},"elements":[],"isInner":false,"widgetType":"besa-product-categories-tabs","elType":"widget"}],"isInner":false,"elType":"column"}],"isInner":false,"elType":"section"},{"id":"58b2dd6e","settings":{"stretch_section":"section-stretched","padding":{"unit":"px","top":"0","right":"0","bottom":"100","left":"0","isLinked":false},"padding_mobile":{"unit":"px","top":"0","right":"0","bottom":"50","left":"0","isLinked":false},"animation":"fadeInUp"},"elements":[{"id":"48aa7396","settings":{"_column_size":100},"elements":[{"id":"601a08b8","settings":{"heading_title":"Recommendations","layout_type":"carousel","list_product_tabs":[{"_id":"5f20b48"},{"product_tabs":"on_sale","_id":"7acfd84"},{"product_tabs":"best_selling","_id":"e8e6539"},{"product_tabs":"top_rated","_id":"7d8265d"},{"product_tabs":"featured","_id":"f13c40c"}],"column":"5","col_desktopsmall":"4","col_desktop":"5","col_landscape":"3","categories":["babies-toys","electronic-devices"],"ajax_tabs":"yes"},"elements":[],"isInner":false,"widgetType":"besa-product-tabs","elType":"widget"}],"isInner":false,"elType":"column"}],"isInner":false,"elType":"section"}],"page_settings":[],"version":"0.4","title":"Home 1","type":"page"}