{"content":[{"id":"4cbe22eb","settings":{"margin":{"unit":"px","top":"35","right":0,"bottom":"0","left":0,"isLinked":false},"stretch_section":"section-stretched","margin_mobile":{"unit":"px","top":"15","right":0,"bottom":"0","left":0,"isLinked":false}},"elements":[{"id":"3f6b164f","settings":{"_column_size":100,"_inline_size":null},"elements":[{"id":"45dc29a1","settings":{"revslidertitle":"Home 3","shortcode":"[rev_slider alias=\"home-3\" slidertitle=\"Home 3\"][\/rev_slider]","_border_border":"solid","_border_width":{"unit":"px","top":"1","right":"1","bottom":"1","left":"1","isLinked":true},"_border_color":"#dddddd"},"elements":[],"isInner":false,"widgetType":"slider_revolution","elType":"widget"}],"isInner":false,"elType":"column"}],"isInner":false,"elType":"section"},{"id":"3ef78cf5","settings":{"stretch_section":"section-stretched","margin":{"unit":"px","top":"","right":0,"bottom":"","left":0,"isLinked":true},"padding":{"unit":"px","top":"10","right":"0","bottom":"0","left":"0","isLinked":false}},"elements":[{"id":"337c39a1","settings":{"_column_size":100,"_inline_size":null,"padding":{"unit":"px","top":"0","right":"10","bottom":"0","left":"10","isLinked":false},"padding_mobile":{"unit":"px","top":"0","right":"15","bottom":"0","left":"15","isLinked":false}},"elements":[{"id":"3c640540","settings":{"structure":"30"},"elements":[{"id":"7fed317e","settings":{"_column_size":33,"_inline_size":null,"padding":{"unit":"px","top":"0","right":"5","bottom":"0","left":"5","isLinked":false},"padding_mobile":{"unit":"px","top":"0","right":"0","bottom":"0","left":"0","isLinked":false}},"elements":[{"id":"5d146ec8","settings":{"image":{"url":"https:\/\/elementor.thembay.com\/besa\/wp-content\/uploads\/2019\/11\/Banner-04.svg","id":3526},"width":{"unit":"%","size":100,"sizes":[]},"link_to":"custom","link":{"url":"https:\/\/elementor.thembay.com\/besa\/shop\/","is_external":"on","nofollow":"","custom_attributes":""}},"elements":[],"isInner":false,"widgetType":"image","elType":"widget"}],"isInner":true,"elType":"column"},{"id":"377509b0","settings":{"_column_size":33,"_inline_size":null,"padding":{"unit":"px","top":"0","right":"5","bottom":"0","left":"5","isLinked":false},"padding_mobile":{"unit":"px","top":"10","right":"0","bottom":"0","left":"0","isLinked":false}},"elements":[{"id":"3d079a9f","settings":{"image":{"url":"https:\/\/elementor.thembay.com\/besa\/wp-content\/uploads\/2019\/11\/Banner-02.svg","id":3524},"width":{"unit":"%","size":100,"sizes":[]},"link_to":"custom","link":{"url":"https:\/\/elementor.thembay.com\/besa\/shop\/","is_external":"on","nofollow":"","custom_attributes":""}},"elements":[],"isInner":false,"widgetType":"image","elType":"widget"}],"isInner":true,"elType":"column"},{"id":"2baa658a","settings":{"_column_size":33,"_inline_size":null,"padding":{"unit":"px","top":"0","right":"5","bottom":"0","left":"5","isLinked":false},"padding_mobile":{"unit":"px","top":"10","right":"0","bottom":"0","left":"0","isLinked":false}},"elements":[{"id":"70274d3c","settings":{"image":{"url":"https:\/\/elementor.thembay.com\/besa\/wp-content\/uploads\/2019\/11\/Banner-03.svg","id":3525},"width":{"unit":"%","size":100,"sizes":[]},"link_to":"custom","link":{"url":"https:\/\/elementor.thembay.com\/besa\/shop\/","is_external":"on","nofollow":"","custom_attributes":""}},"elements":[],"isInner":false,"widgetType":"image","elType":"widget"}],"isInner":true,"elType":"column"}],"isInner":true,"elType":"section"}],"isInner":false,"elType":"column"}],"isInner":false,"elType":"section"},{"id":"557f8c80","settings":{"margin":{"unit":"px","top":"72","right":0,"bottom":"0","left":0,"isLinked":false},"stretch_section":"section-stretched","margin_mobile":{"unit":"px","top":"57","right":0,"bottom":"0","left":0,"isLinked":false}},"elements":[{"id":"648bbb0e","settings":{"_column_size":100},"elements":[{"id":"412d5d24","settings":{"heading_title":"Shop Flash Deals","heading_subtitle":"Daily updates of all special deals. Bookmark this page & come back often so you don't miss it!","position_displayed":"main","header_text":"Flash Sale","header_page":725,"date_title":"Deal ends in:","date_title_ended":"Deal ended.","end_date":"2023-03-30 12:00","main_products":["12","14","16","18","21","22","26","471","479","487"],"readmore_text":"Read More","readmore_page":725,"layout_type":"carousel","column":"5","enable_readmore":"","col_desktop":"5","col_desktopsmall":"4","col_landscape":"2","heading_title_typography_typography":"custom","heading_title_typography_font_size_mobile":{"unit":"px","size":22,"sizes":[]},"column_mobile":"2","rows":"1","pagination":"yes","heading_style_padding_mobile":{"unit":"px","top":"0","right":"25","bottom":"17","left":"0","isLinked":false},"heading_title_bottom_space_mobile":{"unit":"px","size":3,"sizes":[]},"header_image":{"id":"2208","url":"https:\/\/elementor.thembay.com\/besa\/wp-content\/uploads\/2019\/11\/placeholder.png"}},"elements":[],"isInner":false,"widgetType":"besa-product-flash-sales","elType":"widget"}],"isInner":false,"elType":"column"}],"isInner":false,"elType":"section"},{"id":"2997067","settings":{"margin":{"unit":"px","top":"30","right":0,"bottom":"0","left":0,"isLinked":false},"stretch_section":"section-stretched"},"elements":[{"id":"b27ebb1","settings":{"_column_size":100},"elements":[{"id":"3afbfcc7","settings":{"title_cat_tab":"Top Electronic Devices","enable_image":"","categories":["electronic-accessories","electronic-devices","tv-home-appliances"],"product_style":"vertical-v2","show_more":"yes","text_button":"See all products","icon_button":{"value":"icon- icon-arrow-right","library":"simple-line-icons"},"column":"3","col_desktop":"3","col_desktopsmall":"3","bg_heading":"#ffffff","column_mobile":"1","column_tablet":"2","limit":12,"layout_type":"carousel","rows":"2","disable_mobile":"","image_banner_desktop":{"id":"2208","url":"https:\/\/elementor.thembay.com\/besa\/wp-content\/uploads\/2019\/11\/placeholder.png"},"image_banner_mobile":{"id":"2208","url":"https:\/\/elementor.thembay.com\/besa\/wp-content\/uploads\/2019\/11\/placeholder.png"},"ajax_tabs":"yes"},"elements":[],"isInner":false,"widgetType":"besa-product-categories-tabs","elType":"widget"}],"isInner":false,"elType":"column"}],"isInner":false,"elType":"section"},{"id":"345696c5","settings":{"margin":{"unit":"px","top":"70","right":0,"bottom":"0","left":0,"isLinked":false},"stretch_section":"section-stretched","margin_mobile":{"unit":"px","top":"40","right":0,"bottom":"0","left":0,"isLinked":false}},"elements":[{"id":"6ff7bdc3","settings":{"_column_size":100},"elements":[{"id":"54fa3779","settings":{"image":{"id":2640,"url":"https:\/\/elementor.thembay.com\/besa\/wp-content\/uploads\/2019\/11\/banner-bot.jpg"},"image_size":"full","link_to":"custom","link":{"url":"https:\/\/elementor.thembay.com\/besa\/shop\/","is_external":"","nofollow":""},"hide_mobile":"hidden-phone"},"elements":[],"isInner":false,"widgetType":"image","elType":"widget"}],"isInner":false,"elType":"column"}],"isInner":false,"elType":"section"},{"id":"44f4f51f","settings":{"margin":{"unit":"px","top":"30","right":0,"bottom":"0","left":0,"isLinked":false},"stretch_section":"section-stretched","margin_mobile":{"unit":"px","top":"0","right":0,"bottom":"0","left":0,"isLinked":false}},"elements":[{"id":"54047813","settings":{"_column_size":100},"elements":[{"id":"2a4065d7","settings":{"title_cat_tab":"Trending Fashion","product_type":"random_product","categories":["fashion-clothing","health-beauty","home-kitchen","sports-travel"],"show_more":"yes","text_button":"See all products","product_style":"vertical-v2","icon_button":{"value":"icon- icon-arrow-right","library":"simple-line-icons"},"column":"3","col_desktop":"3","col_desktopsmall":"3","arrows_size_position":{"unit":"px","size":-35,"sizes":[]},"bg_heading":"#ffffff","enable_image":"","column_tablet":"2","column_mobile":"1","limit":12,"layout_type":"carousel","rows":"2","disable_mobile":"","image_banner_desktop":{"id":"2208","url":"https:\/\/elementor.thembay.com\/besa\/wp-content\/uploads\/2019\/11\/placeholder.png"},"image_banner_mobile":{"id":"2208","url":"https:\/\/elementor.thembay.com\/besa\/wp-content\/uploads\/2019\/11\/placeholder.png"},"ajax_tabs":"yes"},"elements":[],"isInner":false,"widgetType":"besa-product-categories-tabs","elType":"widget"}],"isInner":false,"elType":"column"}],"isInner":false,"elType":"section"},{"id":"41c2a00a","settings":{"margin":{"unit":"px","top":"72","right":0,"bottom":"0","left":0,"isLinked":false},"padding":{"unit":"px","top":"0","right":"0","bottom":"80","left":"0","isLinked":false},"stretch_section":"section-stretched","margin_mobile":{"unit":"px","top":"50","right":0,"bottom":"0","left":0,"isLinked":false},"padding_mobile":{"unit":"px","top":"0","right":"0","bottom":"45","left":"0","isLinked":false}},"elements":[{"id":"14d2ae2b","settings":{"_column_size":100},"elements":[{"id":"1120aa04","settings":{"heading_title":"Recommendations","layout_type":"carousel","categories":["automotive","electronic-accessories","electronic-devieces","fashion-clothing","health-beauty","sports-travel"],"list_product_tabs":[{"_id":"e9636fe"},{"product_tabs":"on_sale","_id":"dd4152f"},{"product_tabs":"best_selling","_id":"0235846"},{"product_tabs":"featured","_id":"e997066"}],"column":"5","col_desktop":"5","col_desktopsmall":"4","col_landscape":"3","ajax_tabs":"yes"},"elements":[],"isInner":false,"widgetType":"besa-product-tabs","elType":"widget"}],"isInner":false,"elType":"column"}],"isInner":false,"elType":"section"},{"id":"102718ab","settings":{"stretch_section":"section-stretched","background_background":"classic","background_color":"#ffffff","padding":{"unit":"px","top":"73","right":"0","bottom":"100","left":"0","isLinked":false},"padding_mobile":{"unit":"px","top":"46","right":"0","bottom":"20","left":"0","isLinked":false}},"elements":[{"id":"30d445e4","settings":{"_column_size":100},"elements":[{"id":"742ad9d5","settings":{"heading_title":"Latest News & Blogs","layout_type":"carousel","thumbnail_size_size":"full","read_more_text":"Read More","column":"3","col_desktop":"3","col_desktopsmall":"3","col_landscape":"2","categories":[],"show_excerpt":"","show_read_more":"","show_author":"","show_comments_text":"","column_tablet":"2","column_mobile":"1","disable_mobile":"","heading_title_typography_line_height_mobile":{"unit":"px","size":26,"sizes":[]},"img_border_radius":{"unit":"%","top":"","right":"","bottom":"","left":"","isLinked":true},"post_title_typography_typography":"custom","post_title_typography_line_height_mobile":{"unit":"px","size":26,"sizes":[]},"post_title_spacing":{"unit":"px","size":9,"sizes":[]},"meta_spacing":{"unit":"px","size":28,"sizes":[]},"img_border_margin":{"unit":"px","top":"0","right":"0","bottom":"17","left":"0","isLinked":false}},"elements":[],"isInner":false,"widgetType":"besa-posts-grid","elType":"widget"}],"isInner":false,"elType":"column"}],"isInner":false,"elType":"section"}],"page_settings":[],"version":"0.4","title":"Home 3","type":"page"}