{"content":[{"id":"5bfb3285","settings":[],"elements":[{"id":"38960d2e","settings":{"_column_size":100},"elements":[{"id":"1fbff466","settings":{"revslidertitle":"Home 2","shortcode":"[rev_slider alias=\"home-2\" slidertitle=\"Home 2\"][\/rev_slider]"},"elements":[],"isInner":false,"widgetType":"slider_revolution","elType":"widget"}],"isInner":false,"elType":"column"}],"isInner":false,"elType":"section"},{"id":"dc2fa50","settings":{"margin":{"unit":"px","top":"0","right":0,"bottom":"0","left":0,"isLinked":false},"stretch_section":"section-stretched","background_background":"classic","background_color":"#ffffff","padding":{"unit":"px","top":"57","right":"0","bottom":"67","left":"0","isLinked":false},"padding_mobile":{"unit":"px","top":"50","right":"0","bottom":"50","left":"0","isLinked":false}},"elements":[{"id":"781f7966","settings":{"_column_size":100},"elements":[{"id":"7e844fa7","settings":{"heading_title":"Trending In besa","tags":[{"tags_id":"28","tags_style":"images","images":{"id":2198,"url":"https:\/\/elementor.thembay.com\/besa\/wp-content\/uploads\/2019\/11\/img-tag-1.jpg"},"tags_add_link":"no","_id":"e6dc7dc","tags_custom_link":{"url":"","is_external":"","nofollow":""},"tag_slug":"enohpi-11","image":{"url":"https:\/\/elementor.thembay.com\/besa\/wp-content\/uploads\/2019\/11\/img-tag-1.jpg","id":2198},"tag_custom_link":{"url":"","is_external":"","nofollow":""}},{"tags_id":"29","tags_style":"images","images":{"id":2199,"url":"https:\/\/elementor.thembay.com\/besa\/wp-content\/uploads\/2019\/11\/img-tag-2.jpg"},"tags_add_link":"no","_id":"ba2a0e7","tags_custom_link":{"url":"","is_external":"","nofollow":""},"tag_slug":"sadida","image":{"url":"https:\/\/elementor.thembay.com\/besa\/wp-content\/uploads\/2019\/10\/img-tag-2.jpg","id":1433},"tag_custom_link":{"url":"","is_external":"","nofollow":""}},{"tags_id":"30","tags_style":"images","images":{"id":2200,"url":"https:\/\/elementor.thembay.com\/besa\/wp-content\/uploads\/2019\/11\/img-tag-3.jpg"},"tags_add_link":"no","_id":"043c373","tags_custom_link":{"url":"","is_external":"","nofollow":""},"tag_slug":"usb-hub","image":{"url":"https:\/\/elementor.thembay.com\/besa\/wp-content\/uploads\/2019\/11\/img-tag-3.jpg","id":2200},"tag_custom_link":{"url":"","is_external":"","nofollow":""}},{"tags_id":"31","tags_style":"images","images":{"id":2201,"url":"https:\/\/elementor.thembay.com\/besa\/wp-content\/uploads\/2019\/11\/img-tag-4.jpg"},"tags_add_link":"no","_id":"0db1a56","tags_custom_link":{"url":"","is_external":"","nofollow":""},"tag_slug":"dapi","image":{"url":"https:\/\/elementor.thembay.com\/besa\/wp-content\/uploads\/2019\/11\/img-tag-4.jpg","id":2201},"tag_custom_link":{"url":"","is_external":"","nofollow":""}},{"tags_id":"32","tags_style":"images","images":{"id":2202,"url":"https:\/\/elementor.thembay.com\/besa\/wp-content\/uploads\/2019\/11\/img-tag-5.jpg"},"tags_add_link":"no","_id":"ff14d7e","tags_custom_link":{"url":"","is_external":"","nofollow":""},"tag_slug":"speaker","image":{"url":"https:\/\/elementor.thembay.com\/besa\/wp-content\/uploads\/2019\/11\/img-tag-5.jpg","id":2202},"tag_custom_link":{"url":"","is_external":"","nofollow":""}},{"tags_id":"32","tags_style":"images","images":{"id":2199,"url":"https:\/\/elementor.thembay.com\/besa\/wp-content\/uploads\/2019\/11\/img-tag-2.jpg"},"tags_add_link":"no","_id":"74111b5","tags_custom_link":{"url":"","is_external":"","nofollow":""},"tag_slug":"sadida","image":{"url":"https:\/\/elementor.thembay.com\/besa\/wp-content\/uploads\/2019\/11\/img-tag-2.jpg","id":2199},"tag_custom_link":{"url":"","is_external":"","nofollow":""}}],"show_all":"yes","text_button":"Shop all products\u00a0","icon_button":{"value":"linear-icon- linear-icon-chevron-right","library":"linear-icons"},"show_count":"yes","column":"5","layout_type":"carousel","col_desktop":"5","rows":"1","col_desktopsmall":"4","col_landscape":"3","align_content":"left"},"elements":[],"isInner":false,"widgetType":"besa-custom-image-list-tags","elType":"widget"}],"isInner":false,"elType":"column"}],"isInner":false,"elType":"section"},{"id":"5a09860e","settings":{"stretch_section":"section-stretched","gap":"no","structure":"30","background_background":"classic","background_color":"#ffffff","margin":{"unit":"px","top":"0","right":0,"bottom":"0","left":0,"isLinked":false},"padding":{"unit":"px","top":"0","right":"0","bottom":"65","left":"0","isLinked":false},"padding_mobile":{"unit":"px","top":"0","right":"0","bottom":"50","left":"0","isLinked":false},"section_stretch_padding":{"unit":"px","top":"0","right":"10","bottom":"0","left":"10","isLinked":false},"section_stretch_padding_mobile":{"unit":"px","top":"0","right":"0","bottom":"0","left":"0","isLinked":true}},"elements":[{"id":"276496cd","settings":{"_column_size":33,"_inline_size":null,"padding":{"unit":"px","top":"0","right":"5","bottom":"0","left":"5","isLinked":false},"padding_mobile":{"unit":"px","top":"0","right":"15","bottom":"0","left":"15","isLinked":false}},"elements":[{"id":"6dbe8f20","settings":{"image":{"url":"https:\/\/elementor.thembay.com\/besa\/wp-content\/uploads\/2019\/11\/Banner-01.svg","id":3523},"image_size":"full","link_to":"custom","link":{"url":"https:\/\/elementor.thembay.com\/besa\/shop\/","is_external":"","nofollow":""},"width":{"unit":"%","size":100,"sizes":[]}},"elements":[],"isInner":false,"widgetType":"image","elType":"widget"}],"isInner":false,"elType":"column"},{"id":"41eea7c0","settings":{"_column_size":33,"_inline_size":null,"padding":{"unit":"px","top":"0","right":"5","bottom":"0","left":"5","isLinked":false},"padding_mobile":{"unit":"px","top":"0","right":"15","bottom":"0","left":"15","isLinked":false}},"elements":[{"id":"50a6c061","settings":{"image":{"url":"https:\/\/elementor.thembay.com\/besa\/wp-content\/uploads\/2019\/11\/Banner-02.svg","id":3524},"image_size":"full","align":"center","link_to":"custom","link":{"url":"https:\/\/elementor.thembay.com\/besa\/shop\/","is_external":"","nofollow":""},"width":{"unit":"%","size":100,"sizes":[]},"_margin":{"unit":"px","top":"0","right":"0","bottom":"10","left":"0","isLinked":false},"_padding_mobile":{"unit":"px","top":"10","right":"0","bottom":"0","left":"0","isLinked":false}},"elements":[],"isInner":false,"widgetType":"image","elType":"widget"},{"id":"3421b70d","settings":{"image":{"url":"https:\/\/elementor.thembay.com\/besa\/wp-content\/uploads\/2019\/11\/Banner-03.svg","id":3525},"image_size":"full","link_to":"custom","link":{"url":"https:\/\/elementor.thembay.com\/besa\/shop\/","is_external":"","nofollow":""},"width":{"unit":"%","size":100,"sizes":[]}},"elements":[],"isInner":false,"widgetType":"image","elType":"widget"}],"isInner":false,"elType":"column"},{"id":"7458df8d","settings":{"_column_size":33,"_inline_size":null,"padding":{"unit":"px","top":"0","right":"5","bottom":"0","left":"5","isLinked":false},"padding_mobile":{"unit":"px","top":"0","right":"15","bottom":"0","left":"15","isLinked":false}},"elements":[{"id":"71fa0928","settings":{"image":{"url":"https:\/\/elementor.thembay.com\/besa\/wp-content\/uploads\/2019\/11\/Banner-04.svg","id":3526},"image_size":"full","align":"center","link_to":"custom","link":{"url":"https:\/\/elementor.thembay.com\/besa\/shop\/","is_external":"","nofollow":""},"width":{"unit":"%","size":100,"sizes":[]},"_margin":{"unit":"px","top":"0","right":"0","bottom":"10","left":"0","isLinked":false},"_padding_mobile":{"unit":"px","top":"10","right":"0","bottom":"0","left":"0","isLinked":false}},"elements":[],"isInner":false,"widgetType":"image","elType":"widget"},{"id":"5e366d0c","settings":{"image":{"url":"https:\/\/elementor.thembay.com\/besa\/wp-content\/uploads\/2019\/11\/Banner-05.svg","id":3527},"image_size":"full","link_to":"custom","link":{"url":"https:\/\/elementor.thembay.com\/besa\/shop\/","is_external":"","nofollow":""},"width":{"unit":"%","size":100,"sizes":[]}},"elements":[],"isInner":false,"widgetType":"image","elType":"widget"}],"isInner":false,"elType":"column"}],"isInner":false,"elType":"section"},{"id":"49a9b512","settings":{"stretch_section":"section-stretched","padding":{"unit":"px","top":"65","right":"0","bottom":"0","left":"0","isLinked":false},"padding_mobile":{"unit":"px","top":"50","right":"0","bottom":"0","left":"0","isLinked":false}},"elements":[{"id":"10df443d","settings":{"_column_size":100},"elements":[{"id":"79b9191d","settings":{"heading_title":"Daily Recommended","show_more":"yes","text_button":"See all products","icon_button":{"value":"linear-icon- linear-icon-chevron-right","library":"linear-icons"},"layout_type":"carousel","column":"5","col_desktop":"5","column_mobile":"2","col_desktopsmall":"4","col_landscape":"3","disable_mobile":"","column_tablet":"3","feature_image":{"id":"","url":""},"category":"electronic-accessories"},"elements":[],"isInner":false,"widgetType":"besa-product-category","elType":"widget"}],"isInner":false,"elType":"column"}],"isInner":false,"elType":"section"},{"id":"7ef5c558","settings":{"background_background":"classic","padding":{"unit":"px","top":"58","right":"0","bottom":"0","left":"0","isLinked":false},"stretch_section":"section-stretched","padding_mobile":{"unit":"px","top":"50","right":"0","bottom":"0","left":"0","isLinked":false}},"elements":[{"id":"132b0b70","settings":{"_column_size":100},"elements":[{"id":"44e09ab9","settings":{"heading_title":"Featured Categories","list_category":[{"category":"electronic-devices","type_image":{"id":2209,"url":"https:\/\/elementor.thembay.com\/besa\/wp-content\/uploads\/2019\/11\/img-cate-1.jpg"},"display_count_category":"","_id":"ca5285e","type_icon":{"value":"","library":""},"custom_link":{"url":"","is_external":"","nofollow":""}},{"category":"electronic-accessories","type_image":{"id":2210,"url":"https:\/\/elementor.thembay.com\/besa\/wp-content\/uploads\/2019\/11\/img-cate-2.jpg"},"display_count_category":"","_id":"34a56a8","type_icon":{"value":"","library":""},"custom_link":{"url":"","is_external":"","nofollow":""}},{"category":"tv-home-appliances","type_image":{"id":2211,"url":"https:\/\/elementor.thembay.com\/besa\/wp-content\/uploads\/2019\/11\/img-cate-3.jpg"},"display_count_category":"","_id":"e06ee36","type_icon":{"value":"","library":""},"custom_link":{"url":"","is_external":"","nofollow":""}},{"category":"fashion-clothing","type_image":{"id":2212,"url":"https:\/\/elementor.thembay.com\/besa\/wp-content\/uploads\/2019\/11\/img-cate-4.jpg"},"display_count_category":"","_id":"c90722f","type_icon":{"value":"","library":""},"custom_link":{"url":"","is_external":"","nofollow":""}},{"type_image":{"id":2213,"url":"https:\/\/elementor.thembay.com\/besa\/wp-content\/uploads\/2019\/11\/img-cate-5.jpg"},"display_count_category":"","_id":"87e3139","type_icon":{"value":"","library":""},"custom_link":{"url":"","is_external":"","nofollow":""}},{"category":"home-kitchen","type_image":{"id":2214,"url":"https:\/\/elementor.thembay.com\/besa\/wp-content\/uploads\/2019\/11\/img-cate-6.jpg"},"display_count_category":"","_id":"84932aa","type_icon":{"value":"","library":""},"custom_link":{"url":"","is_external":"","nofollow":""}},{"category":"home-audio","type_image":{"id":2212,"url":"https:\/\/elementor.thembay.com\/besa\/wp-content\/uploads\/2019\/11\/img-cate-4.jpg"},"display_count_category":"","_id":"2994fec","type_icon":{"value":"","library":""},"custom_link":{"url":"","is_external":"","nofollow":""}}],"layout_type":"carousel","text_show_all":"See all categories","column":"6","navigation":"","pagination":"yes","_margin":{"unit":"px","top":"0","right":"0","bottom":"0","left":"0","isLinked":false},"_padding":{"unit":"px","top":"0","right":"0","bottom":"0","left":"0","isLinked":false},"_background_background":"classic","col_desktopsmall":"5","col_landscape":"3","disable_mobile":"","show_all":"yes","column_tablet":"4","col_desktop":"5","spacing_content":{"unit":"px","top":"40","right":"0","bottom":"0","left":"0","isLinked":false},"spacing_content_mobile":{"unit":"px","top":"20","right":"8","bottom":"0","left":"8","isLinked":false}},"elements":[],"isInner":false,"widgetType":"besa-custom-image-list-categories","elType":"widget"}],"isInner":false,"elType":"column"}],"isInner":false,"elType":"section"},{"id":"76abd86f","settings":{"background_background":"classic","padding":{"unit":"px","top":"0","right":"0","bottom":"65","left":"0","isLinked":false},"stretch_section":"section-stretched","padding_mobile":{"unit":"px","top":"0","right":"0","bottom":"50","left":"0","isLinked":false}},"elements":[{"id":"541c3e0a","settings":{"_column_size":100},"elements":[{"id":"5de3c5d7","settings":{"heading_title":"Shop Flash Deals","heading_subtitle":"Daily updates of all special deals. Bookmark this page & come back often so you don't miss it!","position_displayed":"main","header_text":"Flash Sale","header_page":725,"date_title":"Deals end in:","date_title_ended":"Deal ended.","end_date":"2022-06-10 12:00","main_products":["12","14","16","18","19","20","21","22","24","25"],"readmore_text":"See all products","readmore_page":"719","column":"5","_margin":{"unit":"px","top":"57","right":"0","bottom":"0","left":"0","isLinked":false},"header_image":{"id":2215,"url":"https:\/\/elementor.thembay.com\/besa\/wp-content\/uploads\/2019\/11\/placeholder-1.png"},"col_desktopsmall":"4","col_landscape":"3","col_desktop":"5","heading_subtitle_size":{"unit":"px","size":14,"sizes":[]},"heading_subtitle_line_height":{"unit":"px","size":28,"sizes":[]},"heading_subtitle_line_height_mobile":{"unit":"px","size":21,"sizes":[]}},"elements":[],"isInner":false,"widgetType":"besa-product-flash-sales","elType":"widget"}],"isInner":false,"elType":"column"}],"isInner":false,"elType":"section"},{"id":"2a2e7d7f","settings":{"stretch_section":"section-stretched","padding_mobile":{"unit":"px","top":"0","right":"0","bottom":"50","left":"0","isLinked":false}},"elements":[{"id":"fd17c00","settings":{"_column_size":100,"_inline_size":null},"elements":[{"id":"42bb29fa","settings":{"gap":"no","structure":"20","background_background":"classic","background_image":{"url":"https:\/\/elementor.thembay.com\/besa\/wp-content\/uploads\/2019\/11\/Banner-06.jpg","id":2216},"background_position":"center center","background_repeat":"no-repeat","background_size":"cover","padding":{"unit":"px","top":"20","right":"20","bottom":"20","left":"20","isLinked":true},"padding_tablet":{"unit":"px","top":"0","right":"0","bottom":"0","left":"0","isLinked":true},"padding_mobile":{"unit":"px","top":"0","right":"0","bottom":"0","left":"0","isLinked":true}},"elements":[{"id":"21b70b59","settings":{"_column_size":50,"_inline_size":25},"elements":[],"isInner":true,"elType":"column"},{"id":"5da31f5","settings":{"_column_size":50,"_inline_size":75,"_inline_size_tablet":100,"background_background":"classic","background_color":"#FFFFFF","margin_tablet":{"unit":"px","top":"-1","right":"0","bottom":"0","left":"0","isLinked":false},"margin_mobile":{"unit":"px","top":"-1","right":"0","bottom":"0","left":"0","isLinked":false}},"elements":[{"id":"20bb0ec6","settings":{"layout_type":"carousel","categories":["electronic-devices"],"product_type":"featured","product_style":"vertical-v2","column":"2","heading_title_bottom_space":{"unit":"px","size":0,"sizes":[]},"_margin":{"unit":"px","top":"0","right":"0","bottom":"0","left":"0","isLinked":false},"_border_width":{"unit":"px","top":"0","right":"0","bottom":"0","left":"0","isLinked":false},"_padding":{"unit":"px","top":"30","right":"30","bottom":"0","left":"30","isLinked":false},"heading_title_size":{"unit":"px","size":18,"sizes":[]},"_background_background":"classic","_element_custom_width":{"unit":"%","size":100,"sizes":[]},"col_desktop":"2","auto":"","autospeed":10000,"column_tablet":"2","column_mobile":"1","disable_mobile":"","heading_title":"Popular Electronic Products","pagination":"yes","_padding_tablet":{"unit":"px","top":"20","right":"15","bottom":"0","left":"15","isLinked":false},"navigation":""},"elements":[],"isInner":false,"widgetType":"besa-products","elType":"widget"}],"isInner":true,"elType":"column"}],"isInner":true,"elType":"section"}],"isInner":false,"elType":"column"}],"isInner":false,"elType":"section"},{"id":"51bdc78e","settings":{"background_background":"classic","padding":{"unit":"px","top":"58","right":"0","bottom":"54","left":"0","isLinked":false},"stretch_section":"section-stretched","padding_mobile":{"unit":"px","top":"0","right":"0","bottom":"0","left":"0","isLinked":false},"margin_mobile":{"unit":"px","top":"0","right":0,"bottom":"50","left":0,"isLinked":false}},"elements":[{"id":"15907d60","settings":{"_column_size":100},"elements":[{"id":"a56ca3f","settings":{"heading_title":"Recommended For You","layout_type":"carousel","categories":["electronic-devices"],"product_type":"best_selling","show_more":"yes","text_button":"See more products","column":"5","col_desktop":"5","navigation":"","pagination":"yes","_margin":{"unit":"px","top":"0","right":"0","bottom":"0","left":"0","isLinked":false},"_padding":{"unit":"px","top":"0","right":"0","bottom":"0","left":"0","isLinked":false},"icon_button":{"value":"linear-icon- linear-icon-chevron-right","library":"linear-icons"},"_margin_mobile":{"unit":"px","top":"0","right":"0","bottom":"0","left":"0","isLinked":false},"_padding_mobile":{"unit":"px","top":"0","right":"0","bottom":"45","left":"0","isLinked":false},"_background_background":"classic","_background_color":"#ffffff","heading_style_bg":"#F5F5F5","col_desktopsmall":"4","col_landscape":"3"},"elements":[],"isInner":false,"widgetType":"besa-products","elType":"widget"}],"isInner":false,"elType":"column"}],"isInner":false,"elType":"section"},{"id":"187e9b3f","settings":{"background_background":"classic","padding":{"unit":"px","top":"0","right":"0","bottom":"65","left":"0","isLinked":false},"stretch_section":"section-stretched","padding_mobile":{"unit":"px","top":"0","right":"0","bottom":"0","left":"0","isLinked":false}},"elements":[{"id":"631dc501","settings":{"_column_size":100,"margin":{"unit":"px","top":"0","right":"0","bottom":"0","left":"0","isLinked":false}},"elements":[{"id":"3f5d9daf","settings":{"list_category":[{"category":"electronic-devices","type":"icon","type_icon":{"value":"zmdi zmdi-laptop-mac","library":"material-design-iconic"},"type_image":{"id":2208,"url":"https:\/\/elementor.thembay.com\/besa\/wp-content\/uploads\/2019\/11\/placeholder.png"},"display_count_category":"","_id":"b54bd68","custom_link":{"url":"","is_external":"","nofollow":""}},{"category":"electronic-accessories","type":"icon","type_icon":{"value":"fas fa-plug","library":"fa-solid"},"type_image":{"id":2208,"url":"https:\/\/elementor.thembay.com\/besa\/wp-content\/uploads\/2019\/11\/placeholder.png"},"display_count_category":"","_id":"b626fd2","custom_link":{"url":"","is_external":"","nofollow":""}},{"category":"tv-home-appliances","type":"icon","type_icon":{"value":"zmdi zmdi-tv-alt-play","library":"material-design-iconic"},"type_image":{"id":2208,"url":"https:\/\/elementor.thembay.com\/besa\/wp-content\/uploads\/2019\/11\/placeholder.png"},"display_count_category":"","_id":"c83e2d9","custom_link":{"url":"","is_external":"","nofollow":""}},{"category":"health-beauty","type":"icon","type_icon":{"value":"fas fa-heartbeat","library":"fa-solid"},"type_image":{"id":2208,"url":"https:\/\/elementor.thembay.com\/besa\/wp-content\/uploads\/2019\/11\/placeholder.png"},"display_count_category":"","_id":"7ee72c0","custom_link":{"url":"","is_external":"","nofollow":""}},{"type":"icon","type_icon":{"value":"fas fa-baby","library":"fa-solid"},"type_image":{"id":2208,"url":"https:\/\/elementor.thembay.com\/besa\/wp-content\/uploads\/2019\/11\/placeholder.png"},"display_count_category":"","_id":"9953025","custom_link":{"url":"","is_external":"","nofollow":""}},{"category":"home-kitchen","type":"icon","type_icon":{"value":"fas fa-home","library":"fa-solid"},"type_image":{"id":2208,"url":"https:\/\/elementor.thembay.com\/besa\/wp-content\/uploads\/2019\/11\/placeholder.png"},"display_count_category":"","_id":"dda24e7","custom_link":{"url":"","is_external":"","nofollow":""}},{"category":"fashion-clothing","type":"icon","type_icon":{"value":"fas fa-tshirt","library":"fa-solid"},"type_image":{"id":2208,"url":"https:\/\/elementor.thembay.com\/besa\/wp-content\/uploads\/2019\/11\/placeholder.png"},"display_count_category":"","_id":"bbd4b5f","custom_link":{"url":"","is_external":"","nofollow":""}},{"category":"sports-travel","type":"icon","type_icon":{"value":"far fa-futbol","library":"fa-regular"},"type_image":{"id":2208,"url":"https:\/\/elementor.thembay.com\/besa\/wp-content\/uploads\/2019\/11\/placeholder.png"},"display_count_category":"","_id":"aebfb19","custom_link":{"url":"","is_external":"","nofollow":""}},{"category":"books-audible","type":"icon","type_icon":{"value":"fas fa-book","library":"fa-solid"},"type_image":{"id":2208,"url":"https:\/\/elementor.thembay.com\/besa\/wp-content\/uploads\/2019\/11\/placeholder.png"},"display_count_category":"","_id":"49215c2","custom_link":{"url":"","is_external":"","nofollow":""}},{"category":"home-audio","type":"icon","type_icon":{"value":"fas fa-microphone","library":"fa-solid"},"type_image":{"id":2208,"url":"https:\/\/elementor.thembay.com\/besa\/wp-content\/uploads\/2019\/11\/placeholder.png"},"display_count_category":"","_id":"0406f8f","custom_link":{"url":"","is_external":"","nofollow":""}},{"category":"garden","type":"icon","type_icon":{"value":"fab fa-pagelines","library":"fa-brands"},"type_image":{"id":2208,"url":"https:\/\/elementor.thembay.com\/besa\/wp-content\/uploads\/2019\/11\/placeholder.png"},"display_custom":"","display_count_category":"","_id":"2f99fcc","custom_link":{"url":"","is_external":"","nofollow":""}},{"category":"pet-supplies","type":"icon","type_icon":{"value":"fas fa-paw","library":"fa-solid"},"type_image":{"id":2208,"url":"https:\/\/elementor.thembay.com\/besa\/wp-content\/uploads\/2019\/11\/placeholder.png"},"display_count_category":"","_id":"345bb63","custom_link":{"url":"","is_external":"","nofollow":""}}],"text_show_all":"See all categories","col_desktopsmall":"4","col_landscape":"3","type_style":"style-2","spacing_content":{"unit":"px","top":"0","right":"0","bottom":"0","left":"0","isLinked":true}},"elements":[],"isInner":false,"widgetType":"besa-custom-image-list-categories","elType":"widget"}],"isInner":false,"elType":"column"}],"isInner":false,"elType":"section"},{"id":"17f20483","settings":{"background_background":"classic","stretch_section":"section-stretched","padding":{"unit":"px","top":"0","right":"0","bottom":"70","left":"0","isLinked":false},"hide_mobile":"hidden-phone"},"elements":[{"id":"4931c01c","settings":{"_column_size":100},"elements":[{"id":"2eb3ab77","settings":{"image":{"id":2640,"url":"https:\/\/elementor.thembay.com\/besa\/wp-content\/uploads\/2019\/11\/banner-bot.jpg"},"image_size":"full","align":"center","link_to":"custom","link":{"url":"https:\/\/elementor.thembay.com\/besa\/shop\/","is_external":"on","nofollow":""}},"elements":[],"isInner":false,"widgetType":"image","elType":"widget"}],"isInner":false,"elType":"column"}],"isInner":false,"elType":"section"}],"page_settings":{"hide_title":"yes"},"version":"0.4","title":"Home 2","type":"page"}