{"version":"0.4","title":"Template &#8211; Become A Vendor","type":"page","content":[{"id":"7dcd5feb","settings":{"stretch_section":"section-stretched","layout":"full_width","gap":"no","margin_mobile":{"unit":"px","top":"-25","right":0,"bottom":"0","left":0,"isLinked":false}},"elements":[{"id":"733fbe62","settings":{"_column_size":100},"elements":[{"id":"3cdcbbcf","settings":{"shortcode":"[rev_slider alias=\"slider-1\"][\/rev_slider]"},"elements":[],"isInner":false,"widgetType":"shortcode","elType":"widget"}],"isInner":false,"elType":"column"}],"isInner":false,"elType":"section"},{"id":"6f738df8","settings":{"structure":"30","margin":{"unit":"px","top":"0","right":0,"bottom":"0","left":0,"isLinked":false},"stretch_section":"section-stretched","background_background":"classic","background_color":"#ffffff","padding":{"unit":"px","top":"95","right":"0","bottom":"0","left":"0","isLinked":false},"padding_mobile":{"unit":"px","top":"50","right":"0","bottom":"0","left":"0","isLinked":false}},"elements":[{"id":"4a252975","settings":{"_column_size":33,"_inline_size":8.0830000000000002},"elements":[],"isInner":false,"elType":"column"},{"id":"5945f752","settings":{"_column_size":33,"_inline_size":83.832999999999998},"elements":[{"id":"78a5cce9","settings":{"title":"Besa Vendor Program","typography_font_size":{"unit":"px","size":30,"sizes":[]},"typography_font_weight":"700","typography_typography":"custom","typography_font_size_mobile":{"unit":"px","size":20,"sizes":[]}},"elements":[],"isInner":false,"widgetType":"heading","elType":"widget"},{"id":"49db41f3","settings":{"editor":"<p>Etiam dictum porttitor malesuada. In justo massa, venenatis eu laoreet vel, pellentesque non ligula. Nulla laoreet ut eros id maximus. Quisque odio orci, vulputate varius rutrum ut, elementum id sapien. Cras elementum nec quam ut molestie. Donec eu nibh sem. <a href=\"#\"><span style=\"color: #fa4f26;\">Praesent Quis Cangue Justo<\/span><\/a>, pharetra mollis ipsum. Sed scelerisque nunc eu finibus pellentesque. Etiam non eros ex. Maecenas eu faucibus lectus.<\/p>","typography_typography":"custom","typography_line_height":{"unit":"px","size":24,"sizes":[]},"text_columns":"1","column_gap":{"unit":"px","size":0,"sizes":[]},"_margin":{"unit":"px","top":"30","right":"0","bottom":"0","left":"0","isLinked":false}},"elements":[],"isInner":false,"widgetType":"text-editor","elType":"widget"},{"id":"3600e3a7","settings":{"editor":"<p>Morbi mattis turpis in leo fermentum egestas. Maecenas accumsan dolor id varius euismod. Phasellus ac nisi eu augue tristique ullamcorper. Nam eu consectetur justo. Curabitur sit amet vulputate lacus, sed feugiat ante. Nam id commodo arcu, eu venenatis nisl. Aenean sed porttitor nulla.<\/p>","typography_typography":"custom","typography_line_height":{"unit":"px","size":24,"sizes":[]},"_margin":{"unit":"px","top":"10","right":"0","bottom":"0","left":"0","isLinked":false}},"elements":[],"isInner":false,"widgetType":"text-editor","elType":"widget"}],"isInner":false,"elType":"column"},{"id":"730a06f4","settings":{"_column_size":33,"_inline_size":8.0800000000000001},"elements":[],"isInner":false,"elType":"column"}],"isInner":false,"elType":"section"},{"id":"1ebae512","settings":{"structure":"40","stretch_section":"section-stretched","background_background":"classic","background_color":"#ffffff","padding":{"unit":"px","top":"55","right":"0","bottom":"90","left":"0","isLinked":false},"css_classes":"featured-vendor","padding_mobile":{"unit":"px","top":"35","right":"0","bottom":"50","left":"0","isLinked":false}},"elements":[{"id":"49238ac9","settings":{"_column_size":25,"_inline_size":null,"_inline_size_tablet":50,"margin_tablet":{"unit":"px","top":"0","right":"0","bottom":"30","left":"0","isLinked":false},"margin_mobile":{"unit":"px","top":"0","right":"0","bottom":"15","left":"0","isLinked":false}},"elements":[{"id":"5dc46a2d","settings":{"selected_icon":{"value":"icon- icon-chart","library":"simple-line-icons"},"title_text":"Report Center","description_text":"Better insight of business data from various aspects, enchance operation and increase sales.","icon_space":{"unit":"px","size":0,"sizes":[]},"description_typography_typography":"custom","description_typography_line_height":{"unit":"px","size":24,"sizes":[]}},"elements":[],"isInner":false,"widgetType":"icon-box","elType":"widget"},{"id":"48e795d8","settings":{"text":"Learn more","selected_icon":{"value":"icon- icon-arrow-right","library":"simple-line-icons"},"icon_align":"right"},"elements":[],"isInner":false,"widgetType":"button","elType":"widget"}],"isInner":false,"elType":"column"},{"id":"53d49531","settings":{"_column_size":25,"_inline_size":null,"_inline_size_tablet":50,"margin_tablet":{"unit":"px","top":"0","right":"0","bottom":"30","left":"0","isLinked":false},"margin_mobile":{"unit":"px","top":"0","right":"0","bottom":"15","left":"0","isLinked":false}},"elements":[{"id":"6ad7104","settings":{"selected_icon":{"value":"far fa-registered","library":"fa-regular"},"title_text":"Content Management","description_text":"Get feedback from customer directly and reply questions on the fly","icon_space":{"unit":"px","size":0,"sizes":[]},"description_typography_typography":"custom","description_typography_line_height":{"unit":"px","size":24,"sizes":[]}},"elements":[],"isInner":false,"widgetType":"icon-box","elType":"widget"},{"id":"3e1c5221","settings":{"text":"Learn more","selected_icon":{"value":"icon- icon-arrow-right","library":"simple-line-icons"},"icon_align":"right"},"elements":[],"isInner":false,"widgetType":"button","elType":"widget"}],"isInner":false,"elType":"column"},{"id":"4c2a6098","settings":{"_column_size":25,"_inline_size":null,"_inline_size_tablet":50,"margin_tablet":{"unit":"px","top":"0","right":"0","bottom":"0","left":"0","isLinked":false},"margin_mobile":{"unit":"px","top":"0","right":"0","bottom":"15","left":"0","isLinked":false}},"elements":[{"id":"29d5b5a4","settings":{"selected_icon":{"value":"tb-icon tb-icon-cart-full","library":"tbay-custom"},"title_text":"Order Management","description_text":"Rich and convenient user inter-face of order, shipnotice and invoice","icon_space":{"unit":"px","size":0,"sizes":[]},"description_typography_typography":"custom","description_typography_line_height":{"unit":"px","size":24,"sizes":[]}},"elements":[],"isInner":false,"widgetType":"icon-box","elType":"widget"},{"id":"5f810bc1","settings":{"text":"Learn more","selected_icon":{"value":"icon- icon-arrow-right","library":"simple-line-icons"},"icon_align":"right"},"elements":[],"isInner":false,"widgetType":"button","elType":"widget"}],"isInner":false,"elType":"column"},{"id":"c3e466e","settings":{"_column_size":25,"_inline_size":null,"_inline_size_tablet":50,"margin_mobile":{"unit":"px","top":"0","right":"0","bottom":"15","left":"0","isLinked":false}},"elements":[{"id":"147fde2c","settings":{"selected_icon":{"value":"zmdi zmdi-laptop-chromebook","library":"material-design-iconic"},"title_text":"Access Anywhere","description_text":"Consistent user experence no matter where the entry point is, e.g. mobile, laptop, tablet and","icon_space":{"unit":"px","size":0,"sizes":[]},"description_typography_typography":"custom","description_typography_line_height":{"unit":"px","size":24,"sizes":[]}},"elements":[],"isInner":false,"widgetType":"icon-box","elType":"widget"},{"id":"7808709c","settings":{"text":"Learn more","selected_icon":{"value":"icon- icon-arrow-right","library":"simple-line-icons"},"icon_align":"right"},"elements":[],"isInner":false,"widgetType":"button","elType":"widget"}],"isInner":false,"elType":"column"}],"isInner":false,"elType":"section"},{"id":"23f07807","settings":{"stretch_section":"section-stretched","background_background":"classic","background_color":"#f5f5f5","padding":{"unit":"px","top":"0","right":"0","bottom":"95","left":"0","isLinked":false}},"elements":[{"id":"54b84531","settings":{"_column_size":100},"elements":[{"id":"34cdd538","settings":{"structure":"30","margin":{"unit":"px","top":"095","right":0,"bottom":"0","left":0,"isLinked":false},"margin_mobile":{"unit":"px","top":"50","right":0,"bottom":"0","left":0,"isLinked":false}},"elements":[{"id":"5d9f96e9","settings":{"_column_size":33,"_inline_size":8.0830000000000002},"elements":[],"isInner":false,"elType":"column"},{"id":"3850aed8","settings":{"_column_size":33,"_inline_size":83.829999999999998},"elements":[{"id":"43ad5ef","settings":{"title":"Why Collaborate With Us","typography_font_size":{"unit":"px","size":30,"sizes":[]},"typography_font_weight":"700","typography_typography":"custom","typography_font_size_mobile":{"unit":"px","size":20,"sizes":[]}},"elements":[],"isInner":false,"widgetType":"heading","elType":"widget"},{"id":"41b9a9ee","settings":{"editor":"<p>Phasellus ac nisi eu augue tristique ullamcorper. Nam eu consectetur justo. Curabitur sit amet vulputate lacus, sed feugiat ante. Nam id commodo arcu, eu venenatis nisl. Aenean sed porttitor nulla.<\/p>","typography_typography":"custom","typography_line_height":{"unit":"px","size":24,"sizes":[]},"text_columns":"1","column_gap":{"unit":"px","size":0,"sizes":[]},"_margin":{"unit":"px","top":"30","right":"0","bottom":"0","left":"0","isLinked":false}},"elements":[],"isInner":false,"widgetType":"text-editor","elType":"widget"}],"isInner":false,"elType":"column"},{"id":"f7e046","settings":{"_column_size":33,"_inline_size":8.0830000000000002},"elements":[],"isInner":false,"elType":"column"}],"isInner":false,"elType":"section"},{"id":"16535176","settings":{"gap":"no","background_background":"classic","background_color":"#ffffff","margin":{"unit":"px","top":"53","right":0,"bottom":"0","left":0,"isLinked":false},"css_classes":"collaborate","margin_mobile":{"unit":"px","top":"35","right":0,"bottom":"0","left":0,"isLinked":false}},"elements":[{"id":"5f1de056","settings":{"_column_size":100,"_inline_size":null},"elements":[{"id":"d25562f","settings":{"structure":"30"},"elements":[{"id":"4e9da04c","settings":{"_column_size":33,"_inline_size":null},"elements":[{"id":"31a3c211","settings":{"heading_title":"1.000+","heading_subtitle":"Official brands all over the world"},"elements":[],"isInner":false,"widgetType":"besa-heading","elType":"widget"}],"isInner":true,"elType":"column"},{"id":"4e24f295","settings":{"_column_size":33,"_inline_size":null,"_inline_size_mobile":50},"elements":[{"id":"20e16e0e","settings":{"heading_title":"95%","heading_subtitle":"Sattisfied Completely Customers"},"elements":[],"isInner":false,"widgetType":"besa-heading","elType":"widget"}],"isInner":true,"elType":"column"},{"id":"5ee007c0","settings":{"_column_size":33,"_inline_size":null,"_inline_size_mobile":50},"elements":[{"id":"6d785a27","settings":{"heading_title":"99+","heading_subtitle":"Featured Products Categories"},"elements":[],"isInner":false,"widgetType":"besa-heading","elType":"widget"}],"isInner":true,"elType":"column"}],"isInner":true,"elType":"section"},{"id":"3c186ef9","settings":{"structure":"30"},"elements":[{"id":"5e751780","settings":{"_column_size":33,"_inline_size":null},"elements":[{"id":"7680dd87","settings":{"heading_title":"11.154","heading_subtitle":"Orders has been shipped"},"elements":[],"isInner":false,"widgetType":"besa-heading","elType":"widget"}],"isInner":true,"elType":"column"},{"id":"10427842","settings":{"_column_size":33,"_inline_size":null,"_inline_size_mobile":50},"elements":[{"id":"42efc335","settings":{"heading_title":"200.000+","heading_subtitle":"Monthly customers visit websites"},"elements":[],"isInner":false,"widgetType":"besa-heading","elType":"widget"}],"isInner":true,"elType":"column"},{"id":"65c026b2","settings":{"_column_size":33,"_inline_size":null,"_inline_size_mobile":50},"elements":[{"id":"526cba9f","settings":{"heading_title":"39%","heading_subtitle":"Yearly profit incomes developing"},"elements":[],"isInner":false,"widgetType":"besa-heading","elType":"widget"}],"isInner":true,"elType":"column"}],"isInner":true,"elType":"section"}],"isInner":false,"elType":"column"}],"isInner":false,"elType":"section"}],"isInner":false,"elType":"column"}],"isInner":false,"elType":"section"},{"id":"33300e3f","settings":{"structure":"30","margin":{"unit":"px","top":"","right":0,"bottom":"","left":0,"isLinked":true},"stretch_section":"section-stretched","background_background":"classic","background_color":"#ffffff","padding":{"unit":"px","top":"90","right":"0","bottom":"0","left":"0","isLinked":false},"margin_mobile":{"unit":"px","top":"0","right":0,"bottom":"0","left":0,"isLinked":false},"padding_mobile":{"unit":"px","top":"50","right":"0","bottom":"0","left":"0","isLinked":false}},"elements":[{"id":"6cdeb970","settings":{"_column_size":33,"_inline_size":8.0830000000000002},"elements":[],"isInner":false,"elType":"column"},{"id":"50d3a62e","settings":{"_column_size":33,"_inline_size":83.829999999999998},"elements":[{"id":"194411c6","settings":{"title":"Getting Started Is Easy","typography_font_size":{"unit":"px","size":30,"sizes":[]},"typography_font_weight":"700","typography_typography":"custom","typography_font_size_mobile":{"unit":"px","size":20,"sizes":[]}},"elements":[],"isInner":false,"widgetType":"heading","elType":"widget"},{"id":"69db562a","settings":{"editor":"<p>Maecenas accumsan dolor id varius euismod. Phasellus ac nisi eu augue tristique ullamcorper. Nam eu consectetur justo. Curabitur sit amet vulputate lacus, sed feugiat ante. Nam id commodo arcu, eu venenatis nisl. Aenean sed porttitor nulla.<\/p>","typography_typography":"custom","typography_line_height":{"unit":"px","size":24,"sizes":[]},"text_columns":"1","column_gap":{"unit":"px","size":0,"sizes":[]},"_margin":{"unit":"px","top":"30","right":"0","bottom":"0","left":"0","isLinked":false}},"elements":[],"isInner":false,"widgetType":"text-editor","elType":"widget"}],"isInner":false,"elType":"column"},{"id":"42b44429","settings":{"_column_size":33,"_inline_size":8.0830000000000002},"elements":[],"isInner":false,"elType":"column"}],"isInner":false,"elType":"section"},{"id":"94740ed","settings":{"stretch_section":"section-stretched","background_background":"classic","background_color":"#ffffff","padding":{"unit":"px","top":"68","right":"0","bottom":"73","left":"0","isLinked":false},"padding_mobile":{"unit":"px","top":"50","right":"0","bottom":"0","left":"0","isLinked":false}},"elements":[{"id":"34df8a22","settings":{"_column_size":100,"margin":{"unit":"px","top":"0","right":"0","bottom":"0","left":"0","isLinked":false}},"elements":[{"id":"f63c3ca","settings":{"features":[{"feature_title":"01. Register Account","feature_title_font":{"unit":"px","size":"","sizes":[]},"feature_title_font_tablet":{"unit":"px","size":"","sizes":[]},"feature_title_font_mobile":{"unit":"px","size":"","sizes":[]},"feature_desc":"","feature_desc_font":{"unit":"px","size":"","sizes":[]},"feature_desc_font_tablet":{"unit":"px","size":"","sizes":[]},"feature_desc_font_mobile":{"unit":"px","size":"","sizes":[]},"feature_type":"image","feature_margin_icon":{"unit":"px","top":"","right":"","bottom":"","left":"","isLinked":true},"feature_margin_icon_tablet":{"unit":"px","top":"","right":"","bottom":"","left":"","isLinked":true},"feature_margin_icon_mobile":{"unit":"px","top":"","right":"","bottom":"","left":"","isLinked":true},"type_icon":{"value":"linear-icon-arrow-right","library":"linear-icon"},"type_image":{"id":2256,"url":"https:\/\/elementor.thembay.com\/besa\/wp-content\/uploads\/2019\/11\/feature-vendor-01.png"},"feature_align":"","feature_align_tablet":"","feature_align_mobile":"","_id":"a3e2f80"},{"feature_title":"02. Product Listing","feature_title_font":{"unit":"px","size":"","sizes":[]},"feature_title_font_tablet":{"unit":"px","size":"","sizes":[]},"feature_title_font_mobile":{"unit":"px","size":"","sizes":[]},"feature_desc":"","feature_desc_font":{"unit":"px","size":"","sizes":[]},"feature_desc_font_tablet":{"unit":"px","size":"","sizes":[]},"feature_desc_font_mobile":{"unit":"px","size":"","sizes":[]},"feature_type":"image","feature_margin_icon":{"unit":"px","top":"","right":"","bottom":"","left":"","isLinked":true},"feature_margin_icon_tablet":{"unit":"px","top":"","right":"","bottom":"","left":"","isLinked":true},"feature_margin_icon_mobile":{"unit":"px","top":"","right":"","bottom":"","left":"","isLinked":true},"type_icon":{"value":"linear-icon-arrow-right","library":"linear-icon"},"type_image":{"id":2257,"url":"https:\/\/elementor.thembay.com\/besa\/wp-content\/uploads\/2019\/11\/feature-vendor-02.png"},"feature_align":"","feature_align_tablet":"","feature_align_mobile":"","_id":"c804fa7"},{"feature_title":"04. Receive Payment","feature_title_font":{"unit":"px","size":"","sizes":[]},"feature_title_font_tablet":{"unit":"px","size":"","sizes":[]},"feature_title_font_mobile":{"unit":"px","size":"","sizes":[]},"feature_desc":"","feature_desc_font":{"unit":"px","size":"","sizes":[]},"feature_desc_font_tablet":{"unit":"px","size":"","sizes":[]},"feature_desc_font_mobile":{"unit":"px","size":"","sizes":[]},"feature_type":"image","feature_margin_icon":{"unit":"px","top":"","right":"","bottom":"","left":"","isLinked":true},"feature_margin_icon_tablet":{"unit":"px","top":"","right":"","bottom":"","left":"","isLinked":true},"feature_margin_icon_mobile":{"unit":"px","top":"","right":"","bottom":"","left":"","isLinked":true},"type_icon":{"value":"linear-icon-arrow-right","library":"linear-icon"},"type_image":{"id":2259,"url":"https:\/\/elementor.thembay.com\/besa\/wp-content\/uploads\/2019\/11\/feature-vendor-03.png"},"feature_align":"","feature_align_tablet":"","feature_align_mobile":"","_id":"25eb843"},{"feature_title":"03. Order & Shipping","feature_title_font":{"unit":"px","size":"","sizes":[]},"feature_title_font_tablet":{"unit":"px","size":"","sizes":[]},"feature_title_font_mobile":{"unit":"px","size":"","sizes":[]},"feature_desc":"","feature_desc_font":{"unit":"px","size":"","sizes":[]},"feature_desc_font_tablet":{"unit":"px","size":"","sizes":[]},"feature_desc_font_mobile":{"unit":"px","size":"","sizes":[]},"feature_type":"image","feature_margin_icon":{"unit":"px","top":"","right":"","bottom":"","left":"","isLinked":true},"feature_margin_icon_tablet":{"unit":"px","top":"","right":"","bottom":"","left":"","isLinked":true},"feature_margin_icon_mobile":{"unit":"px","top":"","right":"","bottom":"","left":"","isLinked":true},"type_icon":{"value":"linear-icon-arrow-right","library":"linear-icon"},"type_image":{"id":2258,"url":"https:\/\/elementor.thembay.com\/besa\/wp-content\/uploads\/2019\/11\/feature-vendor-04.png"},"feature_align":"","feature_align_tablet":"","feature_align_mobile":"","_id":"b695517"}],"_margin":{"unit":"px","top":"0","right":"0","bottom":"80","left":"0","isLinked":false},"col_desktopsmall":"4","_margin_mobile":{"unit":"px","top":"0","right":"0","bottom":"0","left":"0","isLinked":false}},"elements":[],"isInner":false,"widgetType":"besa-features","elType":"widget"},{"id":"60811a41","settings":{"text":"Divider","color":"#e5e5e5"},"elements":[],"isInner":false,"widgetType":"divider","elType":"widget"}],"isInner":false,"elType":"column"}],"isInner":false,"elType":"section"},{"id":"530cfdc1","settings":{"structure":"30","margin":{"unit":"px","top":"","right":0,"bottom":"","left":0,"isLinked":true},"stretch_section":"section-stretched","background_background":"classic","background_color":"#ffffff","margin_mobile":{"unit":"px","top":"0","right":0,"bottom":"0","left":0,"isLinked":false},"padding_mobile":{"unit":"px","top":"35","right":"0","bottom":"0","left":"0","isLinked":false}},"elements":[{"id":"79606355","settings":{"_column_size":33,"_inline_size":8.0830000000000002},"elements":[],"isInner":false,"elType":"column"},{"id":"5551b78e","settings":{"_column_size":33,"_inline_size":83.829999999999998},"elements":[{"id":"5c695d19","settings":{"title":"The Success Stories","typography_font_size":{"unit":"px","size":30,"sizes":[]},"typography_font_weight":"700","typography_typography":"custom","typography_font_size_mobile":{"unit":"px","size":20,"sizes":[]}},"elements":[],"isInner":false,"widgetType":"heading","elType":"widget"},{"id":"64f8f460","settings":{"editor":"<p>Pellentesque lacus eros, porta rutrum tortor ac, blandit malesu<\/p>","typography_typography":"custom","typography_line_height":{"unit":"px","size":24,"sizes":[]},"text_columns":"1","column_gap":{"unit":"px","size":0,"sizes":[]},"_margin":{"unit":"px","top":"30","right":"0","bottom":"0","left":"0","isLinked":false}},"elements":[],"isInner":false,"widgetType":"text-editor","elType":"widget"}],"isInner":false,"elType":"column"},{"id":"7a143235","settings":{"_column_size":33,"_inline_size":8.0830000000000002},"elements":[],"isInner":false,"elType":"column"}],"isInner":false,"elType":"section"},{"id":"31539c99","settings":{"stretch_section":"section-stretched","background_background":"classic","background_color":"#ffffff","margin":{"unit":"px","top":"0","right":0,"bottom":"0","left":0,"isLinked":false},"padding":{"unit":"px","top":"18","right":"0","bottom":"61","left":"0","isLinked":false},"padding_mobile":{"unit":"px","top":"18","right":"0","bottom":"35","left":"0","isLinked":false},"gap":"no"},"elements":[{"id":"3fb3a3fd","settings":{"_column_size":100},"elements":[{"id":"13269428","settings":{"testimonials":[{"testimonial_image":{"id":2260,"url":"https:\/\/elementor.thembay.com\/besa\/wp-content\/uploads\/2019\/11\/term-01.png"},"testimonial_name":"Dorolice P.","testimonial_job":"Founder at huntercell.com","testimonial_excerpt":"\"We have no regrets! Since I invested in Urna Market I made over 100,000 dollars profits. I have gotten at least 50 times the value from Urna Market.\"","_id":"d7b657a"},{"testimonial_image":{"id":2261,"url":"https:\/\/elementor.thembay.com\/besa\/wp-content\/uploads\/2019\/11\/term-02.png"},"testimonial_name":"Verina L.","testimonial_job":"Founder at ponla.com","testimonial_excerpt":"\"I didn't even need training. I would be lost without Urna Market. Thank you for making it painless, pleasant and most of all hassle free!\"","_id":"bdbabe7"},{"testimonial_image":{"id":"2250","url":"https:\/\/elementor.thembay.com\/besa\/wp-content\/uploads\/2019\/11\/term-03.png"},"testimonial_name":"Jack F.","testimonial_job":"CEO at Sellnan","testimonial_excerpt":"\"Urna Market is awesome! I am really satisfied with my Urna Market. No matter where you go, Urna Market is the coolest, most happening thing around!\"","_id":"176f0ef"}],"column":"3","column_mobile":"1","col_desktop":"3","col_desktopsmall":"3","col_landscape":"1"},"elements":[],"isInner":false,"widgetType":"besa-testimonials","elType":"widget"}],"isInner":false,"elType":"column"}],"isInner":false,"elType":"section"}]}