{"version":"0.4","title":"Template &#8211; Contactus","type":"page","content":[{"id":"35fa383c","settings":{"stretch_section":"section-stretched","background_background":"classic","background_color":"#f5f5f5","margin_mobile":{"unit":"px","top":"-25","right":0,"bottom":"-100","left":0,"isLinked":false}},"elements":[{"id":"40b25bcd","settings":{"_column_size":100,"_inline_size":null,"padding_mobile":{"unit":"px","top":"0","right":"0","bottom":"0","left":"0","isLinked":true}},"elements":[{"id":"183f3afb","settings":{"gap":"no","structure":"20","background_background":"classic","background_color":"#f5f5f5","margin_tablet":{"unit":"px","top":"","right":0,"bottom":"","left":0,"isLinked":true}},"elements":[{"id":"7f037852","settings":{"_column_size":50,"_inline_size":null,"_inline_size_tablet":50,"background_background":"classic","background_color":"#ffffff","padding":{"unit":"px","top":"30","right":"29","bottom":"100","left":"29","isLinked":false},"padding_tablet":{"unit":"px","top":"30","right":"30","bottom":"30","left":"30","isLinked":false},"padding_mobile":{"unit":"px","top":"30","right":"15","bottom":"37","left":"15","isLinked":false},"css_classes":"contact-wrapper"},"elements":[{"id":"72743bda","settings":{"editor":"<ul class=\"contact-info\"><li><span class=\"head\"><i class=\"linear-icon-telephone\"><\/i>Call Us: <\/span>(+1) 123 444 6666<\/li><li><span class=\"head\"><i class=\"linear-icon-envelope\"><\/i>Email Address: <\/span><a>example@besa.com<\/a><\/li><li><span class=\"head\"><i class=\"linear-icon-map-marker\"><\/i>Store Location: <\/span>70 Bowman St. South Windsor, CT 06074, Ohio<\/li><\/ul>"},"elements":[],"isInner":false,"widgetType":"text-editor","elType":"widget"},{"id":"57026054","settings":{"heading_title":"Follow Us:","heading_title_size":{"unit":"px","size":14,"sizes":[]},"heading_title_color":"#555555","_css_classes":"head"},"elements":[],"isInner":false,"widgetType":"besa-heading","elType":"widget"},{"id":"5da3c51f","settings":{"social_icon_list":[{"social_icon":{"value":"fab fa-facebook-f","library":"fa-brands"},"_id":"81100a2","link":{"url":"facebook.com","is_external":"true","nofollow":""},"item_icon_color":"default","item_icon_primary_color":"","item_icon_secondary_color":""},{"social_icon":{"value":"fab fa-twitter","library":"fa-brands"},"_id":"ae9d6ea","link":{"url":"twitter.com","is_external":"true","nofollow":""},"item_icon_color":"default","item_icon_primary_color":"","item_icon_secondary_color":""},{"social_icon":{"value":"fab fa-youtube","library":"fa-brands"},"link":{"url":"youtube.com","is_external":"true","nofollow":""},"item_icon_color":"default","item_icon_primary_color":"","item_icon_secondary_color":"","_id":"715ddae"},{"social_icon":{"value":"fab fa-google-plus-g","library":"fa-brands"},"_id":"20b6021","link":{"url":"google.com","is_external":"true","nofollow":""},"item_icon_color":"default","item_icon_primary_color":"","item_icon_secondary_color":""},{"social_icon":{"value":"fab fa-pinterest","library":"fa-brands"},"link":{"url":"https:\/\/www.pinterest.com\/","is_external":"true","nofollow":""},"item_icon_color":"default","item_icon_primary_color":"","item_icon_secondary_color":"","_id":"0577291"}],"align":"left","icon_size":{"unit":"px","size":18,"sizes":[]},"icon_spacing":{"unit":"px","size":8,"sizes":[]}},"elements":[],"isInner":false,"widgetType":"social-icons","elType":"widget"}],"isInner":true,"elType":"column"},{"id":"66282e2","settings":{"_column_size":50,"_inline_size":null,"_inline_size_tablet":50,"background_background":"classic","background_color":"#ffffff","padding":{"unit":"px","top":"50","right":"29","bottom":"50","left":"29","isLinked":false},"padding_tablet":{"unit":"px","top":"30","right":"30","bottom":"50","left":"30","isLinked":false},"padding_mobile":{"unit":"px","top":"0","right":"15","bottom":"30","left":"15","isLinked":false},"css_classes":"contact-wrapper"},"elements":[{"id":"72a4032f","settings":{"address":"London Eye, London, United Kingdom"},"elements":[],"isInner":false,"widgetType":"google_maps","elType":"widget"}],"isInner":true,"elType":"column"}],"isInner":true,"elType":"section"},{"id":"41e26b0b","settings":{"gap":"no","background_background":"classic","background_color":"#f5f5f5","margin":{"unit":"px","top":"0","right":0,"bottom":"0","left":0,"isLinked":false},"padding":{"unit":"px","top":"0","right":"0","bottom":"0","left":"0","isLinked":false}},"elements":[{"id":"5da5d0c2","settings":{"_column_size":100,"_inline_size":null,"background_background":"classic","background_color":"#ffffff","padding":{"unit":"px","top":"10","right":"29","bottom":"70","left":"29","isLinked":false},"padding_mobile":{"unit":"px","top":"30","right":"15","bottom":"50","left":"15","isLinked":false}},"elements":[{"id":"677fbc19","settings":{"title":"Get In Touch","subtitle":"Your email address will not be published. Required fields are marked (*)","heading_title":"Have Question? Contact Us","heading_subtitle":"Your email address will not be published. Required fields are marked <span style=\"color: red;\">*<\/span>"},"elements":[],"isInner":false,"widgetType":"besa-heading","elType":"widget"},{"id":"45a4ecda","settings":{"shortcode":"[contact-form-7 id=\"4\" title=\"Contact form 1\"]"},"elements":[],"isInner":false,"widgetType":"shortcode","elType":"widget"}],"isInner":true,"elType":"column"}],"isInner":true,"elType":"section"}],"isInner":false,"elType":"column"}],"isInner":false,"elType":"section"}]}