{"version":"0.4","title":"Footer v3","type":"page","content":[{"id":"3098a7d9","settings":{"structure":"40","stretch_section":"section-stretched","background_background":"classic","background_color":"#ffffff","border_width":{"unit":"px","top":"1","right":"0","bottom":"0","left":"0","isLinked":false},"padding":{"unit":"px","top":"100","right":"15","bottom":"60","left":"15","isLinked":false},"border_border":"solid","border_color":"#dddddd","padding_mobile":{"unit":"px","top":"68","right":"0","bottom":"0","left":"0","isLinked":false},"padding_tablet":{"unit":"px","top":"100","right":"0","bottom":"60","left":"0","isLinked":false}},"elements":[{"id":"5e1d1671","settings":{"_column_size":25,"_inline_size":null,"margin_mobile":{"unit":"px","top":"0","right":"0","bottom":"30","left":"0","isLinked":false},"_inline_size_tablet":33.3},"elements":[{"id":"3e99d224","settings":{"heading_title":"Contact Us","heading_title_size":{"unit":"px","size":15,"sizes":[]},"heading_title_bottom_space":{"unit":"px","size":19,"sizes":[]},"heading_subtitle_bottom_space":{"unit":"px","size":0,"sizes":[]},"_margin":{"unit":"px","top":"0","right":"0","bottom":"-15","left":"0","isLinked":false},"_padding":{"unit":"px","top":"0","right":"0","bottom":"0","left":"0","isLinked":true}},"elements":[],"isInner":false,"widgetType":"besa-heading","elType":"widget"},{"id":"6d76c351","settings":{"editor":"<p><span style=\"color: #21ab0b;\">HOTLINE: 658 567-5839<\/span><\/p>","typography_typography":"custom","typography_font_family":"Work Sans","typography_font_size":{"unit":"px","size":16,"sizes":[]},"typography_font_weight":"600","typography_line_height":{"unit":"px","size":24,"sizes":[]}},"elements":[],"isInner":false,"widgetType":"text-editor","elType":"widget"},{"id":"10b5d9bc","settings":{"editor":"<p><span style=\"color: #555555;\">(Free Call, 8:00 - 22:00)<\/span><\/p>","typography_typography":"custom","typography_line_height":{"unit":"px","size":24,"sizes":[]},"_margin":{"unit":"px","top":"3","right":"0","bottom":"0","left":"0","isLinked":false}},"elements":[],"isInner":false,"widgetType":"text-editor","elType":"widget"},{"id":"1765e08d","settings":{"editor":"<p><span style=\"color: #999999;\">7039 Grandrose St.\u00a0<\/span><span style=\"color: #999999;\">Lumberton, NC 28358 <\/span><span style=\"background-color: #ffffff; color: #fa4f26;\"><a style=\"background-color: #ffffff; color: #fa4f26;\" href=\"#\">contact@besa.com<\/a><\/span><\/p>","typography_typography":"custom","typography_line_height":{"unit":"px","size":24,"sizes":[]},"_margin":{"unit":"px","top":"19","right":"0","bottom":"0","left":"0","isLinked":false},"_padding":{"unit":"px","top":"0","right":"65","bottom":"0","left":"0","isLinked":false},"_padding_mobile":{"unit":"px","top":"0","right":"0","bottom":"0","left":"0","isLinked":true},"_padding_tablet":{"unit":"px","top":"0","right":"50","bottom":"0","left":"0","isLinked":false}},"elements":[],"isInner":false,"widgetType":"text-editor","elType":"widget"}],"isInner":false,"elType":"column"},{"id":"7b990efc","settings":{"_column_size":25,"_inline_size":null,"margin_mobile":{"unit":"px","top":"0","right":"0","bottom":"33","left":"0","isLinked":false},"_inline_size_tablet":33.3},"elements":[{"id":"614e8fdd","settings":{"heading_title":"About","heading_title_size":{"unit":"px","size":15,"sizes":[]},"heading_title_bottom_space":{"unit":"px","size":3,"sizes":[]}},"elements":[],"isInner":false,"widgetType":"besa-heading","elType":"widget"},{"id":"5525c28","settings":{"wp":{"title":"","nav_menu":"94"}},"elements":[],"isInner":false,"widgetType":"wp-widget-nav_menu","elType":"widget"}],"isInner":false,"elType":"column"},{"id":"16673211","settings":{"_column_size":25,"_inline_size":null,"margin_mobile":{"unit":"px","top":"0","right":"0","bottom":"30","left":"0","isLinked":false},"_inline_size_tablet":33.3},"elements":[{"id":"74cc8084","settings":{"heading_title":"Help & Guide","heading_title_size":{"unit":"px","size":15,"sizes":[]},"heading_title_bottom_space":{"unit":"px","size":3,"sizes":[]}},"elements":[],"isInner":false,"widgetType":"besa-heading","elType":"widget"},{"id":"1f974573","settings":{"wp":{"title":"","nav_menu":"95"}},"elements":[],"isInner":false,"widgetType":"wp-widget-nav_menu","elType":"widget"}],"isInner":false,"elType":"column"},{"id":"638aa98d","settings":{"_column_size":25,"_inline_size":null,"margin_mobile":{"unit":"px","top":"0","right":"0","bottom":"50","left":"0","isLinked":false},"_inline_size_tablet":100},"elements":[{"id":"36973611","settings":{"heading_title":"Subscribe Newsletter","heading_title_size":{"unit":"px","size":15,"sizes":[]},"heading_subtitle":"Don't miss out on thousands of super  cool products and promotions","heading_title_bottom_space":{"unit":"px","size":14,"sizes":[]},"heading_style_margin_mobile":{"unit":"px","top":"0","right":"0","bottom":"-10","left":"0","isLinked":false},"heading_title_bottom_space_mobile":{"unit":"px","size":15,"sizes":[]},"_margin_tablet":{"unit":"px","top":"30","right":"0","bottom":"0","left":"0","isLinked":false},"heading_title_bottom_space_tablet":{"unit":"px","size":0,"sizes":[]},"heading_subtitle_bottom_space_tablet":{"unit":"px","size":0,"sizes":[]}},"elements":[],"isInner":false,"widgetType":"besa-heading","elType":"widget"},{"id":"4059d820","settings":{"setting_align":"flex-start","text_hide":"none","_margin":{"unit":"px","top":"7","right":"0","bottom":"0","left":"2","isLinked":false},"icon_margin":{"unit":"px","top":"0","right":"0","bottom":"0","left":"0","isLinked":true},"width_button":{"unit":"px","size":44,"sizes":[]},"typography_typography":"custom","typography_font_size":{"unit":"px","size":20,"sizes":[]},"button_padding":{"unit":"px","top":"0","right":"0","bottom":"0","left":"0","isLinked":true},"typography_font_weight":"400","_margin_tablet":{"unit":"px","top":"0","right":"0","bottom":"0","left":"0","isLinked":false}},"elements":[],"isInner":false,"widgetType":"besa-newsletter","elType":"widget"}],"isInner":false,"elType":"column"}],"isInner":false,"elType":"section"},{"id":"378f2c4","settings":{"background_background":"classic","background_color":"#ffffff","padding_tablet":{"unit":"px","top":"0","right":"0","bottom":"0","left":"0","isLinked":false}},"elements":[{"id":"6d64f34e","settings":{"_column_size":100,"_inline_size":null,"margin_mobile":{"unit":"px","top":"0","right":"0","bottom":"0","left":"0","isLinked":false}},"elements":[{"id":"614b1558","settings":{"space":{"unit":"px","size":1,"sizes":[]},"_background_background":"classic","_background_color":"#dddddd"},"elements":[],"isInner":false,"widgetType":"spacer","elType":"widget"}],"isInner":false,"elType":"column"}],"isInner":false,"elType":"section"},{"id":"5ce12941","settings":{"content_position":"middle","structure":"32","stretch_section":"section-stretched","background_background":"classic","background_color":"#ffffff","padding":{"unit":"px","top":"41","right":"15","bottom":"25","left":"15","isLinked":false},"padding_mobile":{"unit":"px","top":"45","right":"0","bottom":"50","left":"0","isLinked":false},"padding_tablet":{"unit":"px","top":"41","right":"0","bottom":"25","left":"0","isLinked":false}},"elements":[{"id":"43079939","settings":{"_column_size":50,"_inline_size":null,"border_width":{"unit":"px","top":"1","right":"0","bottom":"0","left":"0","isLinked":false},"border_color":"#000000","margin":{"unit":"px","top":"-10","right":"0","bottom":"0","left":"0","isLinked":false},"margin_mobile":{"unit":"px","top":"0","right":"0","bottom":"31","left":"0","isLinked":false}},"elements":[{"id":"2f8e2972","settings":{"heading_title":"Accepted Payment","heading_title_size":{"unit":"px","size":14,"sizes":[]},"heading_title_typography_typography":"custom","heading_title_typography_font_weight":"400","_margin":{"unit":"px","top":"4","right":"0","bottom":"0","left":"0","isLinked":false},"heading_title_bottom_space_mobile":{"unit":"px","size":0,"sizes":[]},"heading_style_margin_mobile":{"unit":"px","top":"0","right":"0","bottom":"-3","left":"0","isLinked":false}},"elements":[],"isInner":false,"widgetType":"besa-heading","elType":"widget"},{"id":"6aba6789","settings":{"image_size":"full","align":"left","image":{"url":"https:\/\/elementor.thembay.com\/besa\/wp-content\/uploads\/2019\/10\/payment1.png","id":3556},"link_to":"custom","link":{"url":"#","is_external":"","nofollow":""}},"elements":[],"isInner":false,"widgetType":"image","elType":"widget"}],"isInner":false,"elType":"column"},{"id":"24d003bb","settings":{"_column_size":25,"_inline_size":null,"border_width":{"unit":"px","top":"1","right":"0","bottom":"0","left":"0","isLinked":false},"border_color":"#000000","margin":{"unit":"px","top":"7","right":"0","bottom":"0","left":"0","isLinked":false},"margin_mobile":{"unit":"px","top":"7","right":"0","bottom":"19","left":"0","isLinked":false}},"elements":[{"id":"6f9aa75e","settings":{"heading_title":"Stay Connected","heading_title_size":{"unit":"px","size":14,"sizes":[]},"heading_title_typography_typography":"custom","heading_title_typography_font_weight":"400"},"elements":[],"isInner":false,"widgetType":"besa-heading","elType":"widget"},{"id":"1b0bf251","settings":{"social_icon_list":[{"social_icon":{"value":"fab fa-facebook","library":"fa-brands"},"_id":"90170e1","link":{"url":"facebook.com","is_external":"true","nofollow":""}},{"social_icon":{"value":"fab fa-twitter","library":"fa-brands"},"_id":"ad2e882","link":{"url":"twitter.com","is_external":"true","nofollow":""}},{"social_icon":{"value":"fab fa-google-plus","library":"fa-brands"},"_id":"b4b8151","link":{"url":"google.com","is_external":"true","nofollow":""}},{"social_icon":{"value":"fab fa-youtube","library":"fa-brands"},"link":{"url":"youtube.com","is_external":"true","nofollow":""},"_id":"4cccfb4"}],"align":"left","icon_size":{"unit":"px","size":14,"sizes":[]}},"elements":[],"isInner":false,"widgetType":"social-icons","elType":"widget"}],"isInner":false,"elType":"column"},{"id":"520d2b4","settings":{"_column_size":25,"_inline_size":null,"border_width":{"unit":"px","top":"1","right":"0","bottom":"0","left":"0","isLinked":false},"border_color":"#000000","content_position":"top"},"elements":[{"id":"57a7b2b0","settings":{"editor":"<span style=\"color: #999999;\">\u00a9 2020 <span style=\"color: #000000;\">Besa<\/span><\/span>","align":"right","align_mobile":"left"},"elements":[],"isInner":false,"widgetType":"text-editor","elType":"widget"}],"isInner":false,"elType":"column"}],"isInner":false,"elType":"section"}]}