{"version":"0.4","title":"Footer","type":"page","content":[{"id":"1fdd7fc5","settings":{"stretch_section":"section-stretched","content_position":"middle","structure":"20","background_background":"classic","background_color":"#f5f5f5","margin":{"unit":"px","top":"0","right":0,"bottom":"0","left":0,"isLinked":false},"padding":{"unit":"px","top":"45","right":"15","bottom":"27","left":"15","isLinked":false},"border_border":"solid","border_width":{"unit":"px","top":"1","right":"0","bottom":"0","left":"0","isLinked":false},"border_color":"#dddddd","padding_mobile":{"unit":"px","top":"50","right":"0","bottom":"30","left":"0","isLinked":false},"border_width_mobile":{"unit":"px","top":"0","right":"0","bottom":"0","left":"0","isLinked":false}},"elements":[{"id":"6c998262","settings":{"_column_size":50,"_inline_size":null},"elements":[{"id":"326f8902","settings":{"align":"left","heading_title":"Subscribe Newsletter","heading_subtitle":"Don't miss out on thousands of super cool products and promotions"},"elements":[],"isInner":false,"widgetType":"besa-heading","elType":"widget"}],"isInner":false,"elType":"column"},{"id":"65351cf3","settings":{"_column_size":50,"_inline_size":null},"elements":[{"id":"fd03262","settings":{"_margin":{"unit":"px","top":"0","right":"0","bottom":"0","left":"0","isLinked":false},"_padding":{"unit":"px","top":"0","right":"0","bottom":"25","left":"0","isLinked":false},"icon_hide":"none"},"elements":[],"isInner":false,"widgetType":"besa-newsletter","elType":"widget"}],"isInner":false,"elType":"column"}],"isInner":false,"elType":"section"},{"id":"71d2e848","settings":{"structure":"40","stretch_section":"section-stretched","background_background":"classic","background_color":"#ffffff","border_width":{"unit":"px","top":"0","right":"0","bottom":"0","left":"0","isLinked":false},"padding":{"unit":"px","top":"73","right":"15","bottom":"63","left":"15","isLinked":false},"padding_mobile":{"unit":"px","top":"43","right":"15","bottom":"0","left":"15","isLinked":false}},"elements":[{"id":"44c146d3","settings":{"_column_size":25,"_inline_size":null,"padding_mobile":{"unit":"px","top":"0","right":"0","bottom":"30","left":"0","isLinked":false}},"elements":[{"id":"3fda5bb8","settings":{"heading_title":"Contact Us","heading_title_size":{"unit":"px","size":15,"sizes":[]},"heading_title_bottom_space":{"unit":"px","size":17,"sizes":[]},"heading_subtitle_bottom_space":{"unit":"px","size":0,"sizes":[]},"_margin":{"unit":"px","top":"0","right":"0","bottom":"-15","left":"0","isLinked":false},"_padding":{"unit":"px","top":"0","right":"0","bottom":"0","left":"0","isLinked":true}},"elements":[],"isInner":false,"widgetType":"besa-heading","elType":"widget"},{"id":"7f91e709","settings":{"editor":"<p><strong><span style=\"color: #21ab0b;\">HOTLINE: 658 567-5839<\/span><\/strong><\/p>"},"elements":[],"isInner":false,"widgetType":"text-editor","elType":"widget"},{"id":"1cf5b474","settings":{"editor":"<p><span style=\"color: #555555;\">(Free Call, 8:00 - 22:00)<\/span><\/p>"},"elements":[],"isInner":false,"widgetType":"text-editor","elType":"widget"},{"id":"29be3368","settings":{"editor":"<p><span style=\"color: #999999;\">7039 Grandrose St.<\/span><\/p><p><span style=\"color: #999999;\">Lumberton, NC 28358<\/span><\/p><p><a href=\"#\"><span style=\"color: #fa4f26;\">contact@besa.com<\/span><\/a><\/p>","_margin":{"unit":"px","top":"20","right":"0","bottom":"0","left":"0","isLinked":false}},"elements":[],"isInner":false,"widgetType":"text-editor","elType":"widget"}],"isInner":false,"elType":"column"},{"id":"43451adb","settings":{"_column_size":25,"_inline_size":null,"padding_mobile":{"unit":"px","top":"0","right":"0","bottom":"30","left":"0","isLinked":false}},"elements":[{"id":"7355f2ee","settings":{"heading_title":"About Us","heading_title_size":{"unit":"px","size":15,"sizes":[]}},"elements":[],"isInner":false,"widgetType":"besa-heading","elType":"widget"},{"id":"3abceaad","settings":{"wp":{"title":"","nav_menu":"94"}},"elements":[],"isInner":false,"widgetType":"wp-widget-nav_menu","elType":"widget"}],"isInner":false,"elType":"column"},{"id":"5a456607","settings":{"_column_size":25,"_inline_size":null,"padding_mobile":{"unit":"px","top":"0","right":"0","bottom":"30","left":"0","isLinked":false}},"elements":[{"id":"3808ebc0","settings":{"heading_title":"Help & Guide","heading_title_size":{"unit":"px","size":15,"sizes":[]}},"elements":[],"isInner":false,"widgetType":"besa-heading","elType":"widget"},{"id":"68e5689","settings":{"wp":{"title":"","nav_menu":"95"}},"elements":[],"isInner":false,"widgetType":"wp-widget-nav_menu","elType":"widget"}],"isInner":false,"elType":"column"},{"id":"1dc81dbd","settings":{"_column_size":25,"_inline_size":null,"padding_mobile":{"unit":"px","top":"0","right":"0","bottom":"50","left":"0","isLinked":false}},"elements":[{"id":"36a6396c","settings":{"heading_title":"Download the App","heading_title_size":{"unit":"px","size":15,"sizes":[]}},"elements":[],"isInner":false,"widgetType":"besa-heading","elType":"widget"},{"id":"470fe89f","settings":{"editor":"<p><span style=\"color: #999999;\">- Fast &amp; Simple for shopping anywhere<\/span><\/p><p><span style=\"color: #999999;\">- Support for iOS &amp; Android<\/span><\/p>","_padding":{"unit":"px","top":"0","right":"0","bottom":"20","left":"0","isLinked":false}},"elements":[],"isInner":false,"widgetType":"text-editor","elType":"widget"},{"id":"2f853113","settings":{"structure":"20"},"elements":[{"id":"3556913d","settings":{"_column_size":50,"_inline_size":null,"padding":{"unit":"px","top":"0","right":"5","bottom":"0","left":"0","isLinked":false},"_inline_size_mobile":50,"padding_mobile":{"unit":"px","top":"0","right":"0","bottom":"0","left":"0","isLinked":true}},"elements":[{"id":"2b67c4f6","settings":{"image":{"url":"https:\/\/elementor.thembay.com\/besa\/wp-content\/uploads\/2019\/10\/app-store.jpg","id":1456},"image_size":"medium","width":{"unit":"px","size":130,"sizes":[]},"align_mobile":"left","link_to":"custom","link":{"url":"#","is_external":"","nofollow":""},"width_mobile":{"unit":"px","size":"","sizes":[]}},"elements":[],"isInner":false,"widgetType":"image","elType":"widget"}],"isInner":true,"elType":"column"},{"id":"22866ba1","settings":{"_column_size":50,"_inline_size":null,"padding":{"unit":"px","top":"0","right":"0","bottom":"0","left":"5","isLinked":false},"_inline_size_mobile":50},"elements":[{"id":"58c66a8f","settings":{"image":{"url":"https:\/\/elementor.thembay.com\/besa\/wp-content\/uploads\/2019\/10\/google-play.jpg","id":1457},"image_size":"medium","width":{"unit":"px","size":130,"sizes":[]},"align_mobile":"left","link_to":"custom","link":{"url":"#","is_external":"","nofollow":""}},"elements":[],"isInner":false,"widgetType":"image","elType":"widget"}],"isInner":true,"elType":"column"}],"isInner":true,"elType":"section"}],"isInner":false,"elType":"column"}],"isInner":false,"elType":"section"},{"id":"422eea2a","settings":{"background_background":"classic","background_color":"#ffffff"},"elements":[{"id":"596a8118","settings":{"_column_size":100},"elements":[{"id":"2f08af42","settings":{"space":{"unit":"px","size":1,"sizes":[]},"_background_background":"classic","_background_color":"#dddddd"},"elements":[],"isInner":false,"widgetType":"spacer","elType":"widget"}],"isInner":false,"elType":"column"}],"isInner":false,"elType":"section"},{"id":"685ab93a","settings":{"structure":"40","stretch_section":"section-stretched","background_background":"classic","background_color":"#ffffff","padding":{"unit":"px","top":"68","right":"15","bottom":"25","left":"15","isLinked":false},"margin_mobile":{"unit":"px","top":"0","right":0,"bottom":"0","left":0,"isLinked":true},"padding_mobile":{"unit":"px","top":"50","right":"15","bottom":"0","left":"15","isLinked":false}},"elements":[{"id":"7feaa6d9","settings":{"_column_size":25,"_inline_size":null,"padding_mobile":{"unit":"px","top":"0","right":"0","bottom":"30","left":"0","isLinked":false}},"elements":[{"id":"53605725","settings":{"heading_title":"Mobile & Tablets","heading_title_size":{"unit":"px","size":14,"sizes":[]},"_padding":{"unit":"px","top":"0","right":"0","bottom":"0","left":"0","isLinked":false}},"elements":[],"isInner":false,"widgetType":"besa-heading","elType":"widget"},{"id":"62a93754","settings":{"list_menu_separator":" , "},"elements":[],"isInner":false,"widgetType":"besa-list-menu","elType":"widget"}],"isInner":false,"elType":"column"},{"id":"d5ab567","settings":{"_column_size":25,"_inline_size":null,"padding_mobile":{"unit":"px","top":"0","right":"0","bottom":"30","left":"0","isLinked":false}},"elements":[{"id":"1db0aeea","settings":{"heading_title":"Televisions","heading_title_size":{"unit":"px","size":14,"sizes":[]}},"elements":[],"isInner":false,"widgetType":"besa-heading","elType":"widget"},{"id":"2ed5bee3","settings":{"list_menu_separator":" , "},"elements":[],"isInner":false,"widgetType":"besa-list-menu","elType":"widget"}],"isInner":false,"elType":"column"},{"id":"1609af16","settings":{"_column_size":25,"_inline_size":null,"padding_mobile":{"unit":"px","top":"0","right":"0","bottom":"30","left":"0","isLinked":false}},"elements":[{"id":"5919a179","settings":{"heading_title":"Computer & Laptop","heading_title_size":{"unit":"px","size":14,"sizes":[]}},"elements":[],"isInner":false,"widgetType":"besa-heading","elType":"widget"},{"id":"33022599","settings":{"list_menu_separator":" , "},"elements":[],"isInner":false,"widgetType":"besa-list-menu","elType":"widget"}],"isInner":false,"elType":"column"},{"id":"321dffe0","settings":{"_column_size":25,"_inline_size":null,"padding_mobile":{"unit":"px","top":"0","right":"0","bottom":"30","left":"0","isLinked":false}},"elements":[{"id":"249a6d04","settings":{"heading_title":"Health & Beauty","heading_title_size":{"unit":"px","size":14,"sizes":[]},"_padding_mobile":{"unit":"px","top":"0","right":"0","bottom":"0","left":"0","isLinked":false}},"elements":[],"isInner":false,"widgetType":"besa-heading","elType":"widget"},{"id":"dba2261","settings":{"list_menu_separator":" , "},"elements":[],"isInner":false,"widgetType":"besa-list-menu","elType":"widget"}],"isInner":false,"elType":"column"}],"isInner":false,"elType":"section"},{"id":"711966fa","settings":{"structure":"40","stretch_section":"section-stretched","background_background":"classic","background_color":"#ffffff","padding":{"unit":"px","top":"0","right":"15","bottom":"60","left":"15","isLinked":false},"padding_mobile":{"unit":"px","top":"0","right":"15","bottom":"50","left":"15","isLinked":false}},"elements":[{"id":"40422a81","settings":{"_column_size":25,"_inline_size":null,"padding_mobile":{"unit":"px","top":"0","right":"0","bottom":"30","left":"0","isLinked":false}},"elements":[{"id":"261360bf","settings":{"heading_title":"Cameras","heading_title_size":{"unit":"px","size":14,"sizes":[]}},"elements":[],"isInner":false,"widgetType":"besa-heading","elType":"widget"},{"id":"2dfdd858","settings":{"list_menu_separator":" , "},"elements":[],"isInner":false,"widgetType":"besa-list-menu","elType":"widget"}],"isInner":false,"elType":"column"},{"id":"1bef2e7e","settings":{"_column_size":25,"_inline_size":null,"padding_mobile":{"unit":"px","top":"0","right":"0","bottom":"30","left":"0","isLinked":false}},"elements":[{"id":"64ef09e5","settings":{"heading_title":"Air Conditioners","heading_title_size":{"unit":"px","size":14,"sizes":[]}},"elements":[],"isInner":false,"widgetType":"besa-heading","elType":"widget"},{"id":"2ddc3ce0","settings":{"list_menu_separator":" , "},"elements":[],"isInner":false,"widgetType":"besa-list-menu","elType":"widget"}],"isInner":false,"elType":"column"},{"id":"698a6433","settings":{"_column_size":25,"_inline_size":null,"padding_mobile":{"unit":"px","top":"0","right":"0","bottom":"30","left":"0","isLinked":false}},"elements":[{"id":"5d5749b3","settings":{"heading_title":"Washing Machines","heading_title_size":{"unit":"px","size":14,"sizes":[]}},"elements":[],"isInner":false,"widgetType":"besa-heading","elType":"widget"},{"id":"3878743c","settings":{"list_menu_separator":" , "},"elements":[],"isInner":false,"widgetType":"besa-list-menu","elType":"widget"}],"isInner":false,"elType":"column"},{"id":"6081adbc","settings":{"_column_size":25,"_inline_size":null,"padding_mobile":{"unit":"px","top":"0","right":"0","bottom":"0","left":"0","isLinked":false}},"elements":[{"id":"79f945de","settings":{"heading_title":"Microwaves","heading_title_size":{"unit":"px","size":14,"sizes":[]}},"elements":[],"isInner":false,"widgetType":"besa-heading","elType":"widget"},{"id":"1d7e828c","settings":{"list_menu_separator":" , "},"elements":[],"isInner":false,"widgetType":"besa-list-menu","elType":"widget"}],"isInner":false,"elType":"column"}],"isInner":false,"elType":"section"},{"id":"2076e263","settings":{"background_background":"classic","background_color":"#ffffff"},"elements":[{"id":"252d3721","settings":{"_column_size":100},"elements":[{"id":"cdb6312","settings":{"space":{"unit":"px","size":1,"sizes":[]},"_background_background":"classic","_background_color":"#dddddd"},"elements":[],"isInner":false,"widgetType":"spacer","elType":"widget"}],"isInner":false,"elType":"column"}],"isInner":false,"elType":"section"},{"id":"13d80228","settings":{"structure":"40","background_background":"classic","background_color":"#ffffff","padding":{"unit":"px","top":"50","right":"15","bottom":"25","left":"15","isLinked":false},"border_width":{"unit":"px","top":"1","right":"0","bottom":"0","left":"0","isLinked":false},"border_color":"#dddddd","padding_tablet":{"unit":"px","top":"50","right":"15","bottom":"90","left":"15","isLinked":false},"padding_mobile":{"unit":"px","top":"50","right":"15","bottom":"50","left":"15","isLinked":false}},"elements":[{"id":"4ffbc183","settings":{"_column_size":25,"_inline_size":24,"border_width":{"unit":"px","top":"1","right":"0","bottom":"0","left":"0","isLinked":false},"border_color":"#000000","padding_mobile":{"unit":"px","top":"0","right":"0","bottom":"030","left":"0","isLinked":false}},"elements":[{"id":"1cd7c47c","settings":{"heading_title":"Accepted Payment","heading_title_size":{"unit":"px","size":14,"sizes":[]},"heading_title_typography_typography":"custom","heading_title_typography_font_weight":"400","heading_title_bottom_space":{"unit":"px","size":0,"sizes":[]}},"elements":[],"isInner":false,"widgetType":"besa-heading","elType":"widget"},{"id":"374c1ec5","settings":{"gap":"no","structure":"50","padding":{"unit":"px","top":"0","right":"0","bottom":"0","left":"0","isLinked":false}},"elements":[{"id":"765b0779","settings":{"_column_size":20,"_inline_size":null,"_inline_size_tablet":25,"_inline_size_mobile":16},"elements":[{"id":"4c248b49","settings":{"image":{"url":"https:\/\/elementor.thembay.com\/besa\/wp-content\/uploads\/2019\/10\/Visa.svg","id":3913},"align":"left","width":{"unit":"%","size":100,"sizes":[]},"_padding":{"unit":"px","top":"0","right":"6","bottom":"0","left":"0","isLinked":false}},"elements":[],"isInner":false,"widgetType":"image","elType":"widget"}],"isInner":true,"elType":"column"},{"id":"5f6c204b","settings":{"_column_size":20,"_inline_size":null,"_inline_size_tablet":25,"_inline_size_mobile":16},"elements":[{"id":"4efafebc","settings":{"image":{"url":"https:\/\/elementor.thembay.com\/besa\/wp-content\/uploads\/2019\/10\/Master-Card.svg","id":3916},"width":{"unit":"%","size":100,"sizes":[]},"_padding":{"unit":"px","top":"0","right":"6","bottom":"0","left":"0","isLinked":false}},"elements":[],"isInner":false,"widgetType":"image","elType":"widget"}],"isInner":true,"elType":"column"},{"id":"1e071641","settings":{"_column_size":20,"_inline_size":null,"_inline_size_tablet":25,"_inline_size_mobile":16},"elements":[{"id":"37ad8d80","settings":{"image":{"url":"https:\/\/elementor.thembay.com\/besa\/wp-content\/uploads\/2019\/10\/Discover.svg","id":3915},"width":{"unit":"%","size":100,"sizes":[]},"_padding":{"unit":"px","top":"0","right":"6","bottom":"0","left":"0","isLinked":false}},"elements":[],"isInner":false,"widgetType":"image","elType":"widget"}],"isInner":true,"elType":"column"},{"id":"f7ca6ad","settings":{"_column_size":20,"_inline_size":null,"_inline_size_tablet":25,"_inline_size_mobile":16},"elements":[{"id":"1f5549fa","settings":{"image":{"url":"https:\/\/elementor.thembay.com\/besa\/wp-content\/uploads\/2019\/10\/Amazon.svg","id":3914},"width":{"unit":"%","size":100,"sizes":[]},"_padding":{"unit":"px","top":"0","right":"6","bottom":"0","left":"0","isLinked":false}},"elements":[],"isInner":false,"widgetType":"image","elType":"widget"}],"isInner":true,"elType":"column"},{"id":"33c3987f","settings":{"_column_size":20,"_inline_size":null,"_inline_size_mobile":20,"hide_tablet":"hidden-tablet","hide_mobile":"hidden-phone"},"elements":[],"isInner":true,"elType":"column"}],"isInner":true,"elType":"section"}],"isInner":false,"elType":"column"},{"id":"e5ddfd1","settings":{"_column_size":25,"_inline_size":26,"border_width":{"unit":"px","top":"1","right":"0","bottom":"0","left":"0","isLinked":false},"border_color":"#000000","padding_mobile":{"unit":"px","top":"0","right":"0","bottom":"030","left":"0","isLinked":false}},"elements":[],"isInner":false,"elType":"column"},{"id":"54348807","settings":{"_column_size":25,"_inline_size":null,"border_width":{"unit":"px","top":"1","right":"0","bottom":"0","left":"0","isLinked":false},"border_color":"#000000","padding_mobile":{"unit":"px","top":"0","right":"0","bottom":"20","left":"0","isLinked":false}},"elements":[{"id":"32a340de","settings":{"heading_title":"Stay Connected","heading_title_size":{"unit":"px","size":14,"sizes":[]},"heading_title_typography_typography":"custom","heading_title_typography_font_weight":"400","heading_title_bottom_space":{"unit":"px","size":0,"sizes":[]}},"elements":[],"isInner":false,"widgetType":"besa-heading","elType":"widget"},{"id":"73184194","settings":{"social_icon_list":[{"social_icon":{"value":"fab fa-facebook-f","library":"fa-brands"},"_id":"90170e1","link":{"url":"#","is_external":"true","nofollow":""}},{"social_icon":{"value":"fab fa-twitter","library":"fa-brands"},"_id":"ad2e882","link":{"url":"#","is_external":"true","nofollow":""}},{"social_icon":{"value":"fab fa-google-plus-g","library":"fa-brands"},"_id":"b4b8151","link":{"url":"#","is_external":"true","nofollow":""}},{"social_icon":{"value":"fab fa-youtube","library":"fa-brands"},"link":{"url":"#","is_external":"true","nofollow":""},"_id":"4cccfb4"}],"align":"left","icon_size":{"unit":"px","size":14,"sizes":[]},"icon_padding":{"unit":"em","size":0.6,"sizes":[]}},"elements":[],"isInner":false,"widgetType":"social-icons","elType":"widget"}],"isInner":false,"elType":"column"},{"id":"185615dc","settings":{"_column_size":25,"_inline_size":null,"border_width":{"unit":"px","top":"1","right":"0","bottom":"0","left":"0","isLinked":false},"border_color":"#000000","content_position":"top","padding_mobile":{"unit":"px","top":"0","right":"0","bottom":"0","left":"0","isLinked":false}},"elements":[{"id":"25a485ce","settings":{"editor":"<p><span style=\"color: #999999;\">\u00a9 2021 <span style=\"color: #000000;\">Besa<\/span><\/span><\/p>","align":"right","align_mobile":"left"},"elements":[],"isInner":false,"widgetType":"text-editor","elType":"widget"}],"isInner":false,"elType":"column"}],"isInner":false,"elType":"section"}]}