{"content":[{"id":"3dc46d02","settings":{"content_width":{"unit":"px","size":1170,"sizes":[]},"structure":"20","stretch_section":"section-stretched"},"elements":[{"id":"54d56b68","settings":{"_column_size":50,"_inline_size":23.08,"padding":{"unit":"px","top":"0","right":"0","bottom":"0","left":"0","isLinked":false},"_inline_size_tablet":10},"elements":[],"isInner":false,"elType":"column"},{"id":"6d4db65a","settings":{"_column_size":50,"_inline_size":76.92,"padding":{"unit":"px","top":"0","right":"0","bottom":"0","left":"0","isLinked":false},"_inline_size_tablet":80,"padding_mobile":{"unit":"px","top":"0","right":"0","bottom":"0","left":"0","isLinked":false}},"elements":[{"id":"6010480","settings":{"revslidertitle":"Slider 2","shortcode":"[rev_slider alias=\"slider-2\" slidertitle=\"Slider 2\"][\/rev_slider]"},"elements":[],"isInner":false,"widgetType":"slider_revolution","elType":"widget"},{"id":"153e0f67","settings":{"gap":"no","structure":"20"},"elements":[{"id":"432ee17f","settings":{"_column_size":50,"_inline_size":null,"padding_mobile":{"unit":"px","top":"0","right":"0","bottom":"0","left":"0","isLinked":false}},"elements":[{"id":"184ea0d2","settings":{"image_size":"full","link_to":"custom","link":{"url":"https:\/\/el3.thembaydev.com\/besa2\/shop\/","is_external":"","nofollow":"","custom_attributes":""},"image":{"url":"http:\/\/el3.thembaydev.com\/besa2\/wp-content\/uploads\/2021\/07\/banner-home2-01.jpg","id":8146}},"elements":[],"isInner":false,"widgetType":"image","elType":"widget"}],"isInner":true,"elType":"column"},{"id":"4bc12141","settings":{"_column_size":50,"_inline_size":null,"padding_mobile":{"unit":"px","top":"0","right":"0","bottom":"0","left":"0","isLinked":false}},"elements":[{"id":"61cb8ed0","settings":{"image_size":"full","link_to":"custom","link":{"url":"https:\/\/el3.thembaydev.com\/besa2\/shop\/","is_external":"","nofollow":"","custom_attributes":""},"image":{"url":"http:\/\/el3.thembaydev.com\/besa2\/wp-content\/uploads\/2021\/07\/banner-home2-02.jpg","id":8147}},"elements":[],"isInner":false,"widgetType":"image","elType":"widget"}],"isInner":true,"elType":"column"}],"isInner":true,"elType":"section"}],"isInner":false,"elType":"column"}],"isInner":false,"elType":"section"},{"id":"4145c17b","settings":{"content_width":{"unit":"px","size":1170,"sizes":[]},"stretch_section":"section-stretched","padding":{"unit":"px","top":"32","right":"0","bottom":"0","left":"0","isLinked":false},"padding_mobile":{"unit":"px","top":"0","right":"0","bottom":"0","left":"0","isLinked":false}},"elements":[{"id":"787ee51a","settings":{"_column_size":100,"_inline_size":null,"background_background":"classic","background_color":"#FFFFFF","padding":{"unit":"px","top":"0","right":"0","bottom":"0","left":"0","isLinked":false}},"elements":[{"id":"6220e33f","settings":{"twb_title":"Popular Categories","twb_text_button":"Shop all","twb_link_button":{"url":"https:\/\/el3.thembaydev.com\/besa2\/shop\/","is_external":"","nofollow":"","custom_attributes":""},"twb_add_icon":"yes","twb_title_typography_typography":"custom","twb_title_typography_font_size":{"unit":"px","size":22,"sizes":[]},"twb_title_typography_font_weight":"600","twb_title_typography_line_height":{"unit":"px","size":32,"sizes":[]},"twb_button_typography_typography":"custom","twb_button_typography_font_size":{"unit":"px","size":14,"sizes":[]},"twb_button_typography_line_height":{"unit":"px","size":32,"sizes":[]},"color_twb_button":"#FA4F26","twb_button_spacing":{"unit":"px","top":"0","right":"0","bottom":"0","left":"6","isLinked":false},"_padding":{"unit":"px","top":"16","right":"24","bottom":"0","left":"24","isLinked":false},"twb_title_typography_font_size_mobile":{"unit":"px","size":18,"sizes":[]},"_padding_mobile":{"unit":"px","top":"18","right":"15","bottom":"0","left":"15","isLinked":false}},"elements":[],"isInner":false,"widgetType":"besa-title-width-button","elType":"widget"},{"id":"6978b098","settings":{"list_category":[{"_id":"2c62cca","category":"electronic-devices","display_count_category":"","type_image":{"url":"http:\/\/el3.thembaydev.com\/besa2\/wp-content\/uploads\/2021\/06\/cat-home2-01.jpg","id":6671}},{"category":"electronic-accessories","display_count_category":"","_id":"5349a0e","type_image":{"url":"http:\/\/el3.thembaydev.com\/besa2\/wp-content\/uploads\/2021\/06\/cat-home2-02.jpg","id":6672}},{"category":"tv-home-appliances","display_count_category":"","_id":"53c2702","type_image":{"url":"http:\/\/el3.thembaydev.com\/besa2\/wp-content\/uploads\/2021\/06\/cat-home2-03.jpg","id":6673}},{"category":"health-beauty","display_count_category":"","_id":"5c27e03","type_image":{"url":"http:\/\/el3.thembaydev.com\/besa2\/wp-content\/uploads\/2021\/06\/cat-home2-04.jpg","id":6674}},{"display_count_category":"","_id":"1f0f76c","type_image":{"url":"http:\/\/el3.thembaydev.com\/besa2\/wp-content\/uploads\/2021\/06\/cat-home2-05.jpg","id":6675}},{"category":"home-kitchen","display_count_category":"","_id":"5a32c85","type_image":{"url":"http:\/\/el3.thembaydev.com\/besa2\/wp-content\/uploads\/2021\/06\/cat-home2-06.jpg","id":6676}},{"category":"sports-travel","display_count_category":"","_id":"20dc9a3","type_image":{"url":"http:\/\/el3.thembaydev.com\/besa2\/wp-content\/uploads\/2021\/06\/cat-home2-07.jpg","id":6677}},{"category":"books-audible","display_count_category":"","_id":"f18ac1c","type_image":{"url":"http:\/\/el3.thembaydev.com\/besa2\/wp-content\/uploads\/2021\/06\/cat-home2-08.jpg","id":6678}},{"category":"home-kitchen","display_count_category":"","_id":"742e98a","type_image":{"url":"http:\/\/el3.thembaydev.com\/besa2\/wp-content\/uploads\/2021\/06\/cat-home2-09.jpg","id":6679}},{"category":"games-toys","display_count_category":"","_id":"bf21db9","type_image":{"url":"http:\/\/el3.thembaydev.com\/besa2\/wp-content\/uploads\/2021\/06\/cat-home2-10.jpg","id":6680}},{"category":"games-toys","display_count_category":"","_id":"f6f603b","type_image":{"url":"http:\/\/el3.thembaydev.com\/besa2\/wp-content\/uploads\/2021\/06\/cat-home2-11.jpg","id":6681}},{"category":"pet-supplies","display_count_category":"","_id":"46aee0c","type_image":{"url":"http:\/\/el3.thembaydev.com\/besa2\/wp-content\/uploads\/2021\/06\/cat-home2-12.jpg","id":6682}}],"text_show_all":"See all categories","_padding":{"unit":"px","top":"0","right":"60","bottom":"15","left":"60","isLinked":false},"_margin":{"unit":"px","top":"0","right":"0","bottom":"0","left":"0","isLinked":false},"layout_type":"carousel","column":"6","col_desktop":"6","rows":"2","spacing_content":{"unit":"px","top":"23","right":"0","bottom":"0","left":"0","isLinked":false},"column_mobile":"3","col_desktopsmall":"6","col_landscape":"3","disable_mobile":"","_padding_tablet":{"unit":"px","top":"0","right":"0","bottom":"15","left":"0","isLinked":false},"_padding_mobile":{"unit":"%","top":"","right":"","bottom":"","left":"","isLinked":true},"spacing_content_mobile":{"unit":"px","top":"15","right":"0","bottom":"0","left":"0","isLinked":false}},"elements":[],"isInner":false,"widgetType":"besa-custom-image-list-categories","elType":"widget"}],"isInner":false,"elType":"column"}],"isInner":false,"elType":"section"},{"id":"4253dbdc","settings":{"stretch_section":"section-stretched","padding":{"unit":"px","top":"19","right":"0","bottom":"0","left":"0","isLinked":false},"content_width":{"unit":"px","size":1170,"sizes":[]},"padding_mobile":{"unit":"px","top":"10","right":"0","bottom":"0","left":"0","isLinked":false}},"elements":[{"id":"6fd17f97","settings":{"_column_size":100,"_inline_size":null,"background_background":"classic","background_color":"#FFFFFF","padding":{"unit":"px","top":"0","right":"0","bottom":"0","left":"0","isLinked":false}},"elements":[{"id":"5889ca19","settings":{"position_displayed":"main","header_text":"Flash Sale","header_page":725,"date_title":"","date_title_ended":"Deal ended.","main_products":["14","15","16","18","19","20","428","447"],"readmore_text":"Shop all flash deals","readmore_page":"719","heading_title":"Lightning Deals","heading_style_bg":"#FFFFFF","end_date":"2022-10-13 12:00","column":"5","col_desktop":"5","heading_style_padding":{"unit":"px","top":"0","right":"16","bottom":"0","left":"0","isLinked":false},"_padding":{"unit":"px","top":"0","right":"0","bottom":"0","left":"0","isLinked":false},"layout_type":"carousel","enable_readmore":"","col_desktopsmall":"4","heading_style_padding_mobile":{"unit":"px","top":"0","right":"15","bottom":"0","left":"0","isLinked":false},"disable_mobile":"","header_image":{"id":7889,"url":"http:\/\/el3.thembaydev.com\/besa2\/wp-content\/uploads\/2021\/06\/placeholder.png"}},"elements":[],"isInner":false,"widgetType":"besa-product-flash-sales","elType":"widget"}],"isInner":false,"elType":"column"}],"isInner":false,"elType":"section"},{"id":"5195e17f","settings":{"content_width":{"unit":"px","size":1170,"sizes":[]},"stretch_section":"section-stretched","padding":{"unit":"px","top":"20","right":"0","bottom":"0","left":"0","isLinked":false},"padding_mobile":{"unit":"px","top":"10","right":"0","bottom":"0","left":"0","isLinked":false}},"elements":[{"id":"74d9b734","settings":{"_column_size":100,"_inline_size":null,"background_background":"classic","background_color":"#FFFFFF"},"elements":[{"id":"6abc1e7b","settings":{"heading_title":"Trending on Besa","heading_style_padding":{"unit":"px","top":"15","right":"0","bottom":"24","left":"0","isLinked":false},"limit":17,"_padding":{"unit":"px","top":"0","right":"9","bottom":"8","left":"9","isLinked":false},"heading_style_padding_mobile":{"unit":"px","top":"15","right":"0","bottom":"20","left":"0","isLinked":false},"_padding_mobile":{"unit":"px","top":"0","right":"0","bottom":"0","left":"0","isLinked":false}},"elements":[],"isInner":false,"widgetType":"besa-woocommerce-tags","elType":"widget"}],"isInner":false,"elType":"column"}],"isInner":false,"elType":"section"},{"id":"6613e6c2","settings":{"content_width":{"unit":"px","size":1170,"sizes":[]},"stretch_section":"section-stretched","padding":{"unit":"px","top":"20","right":"0","bottom":"0","left":"0","isLinked":false},"padding_mobile":{"unit":"px","top":"10","right":"0","bottom":"0","left":"0","isLinked":false}},"elements":[{"id":"e547f0f","settings":{"_column_size":100,"_inline_size":null,"background_background":"classic","background_color":"#FFFFFF","padding":{"unit":"px","top":"0","right":"0","bottom":"0","left":"0","isLinked":false}},"elements":[{"id":"276bb8f8","settings":{"title_cat_tab":"Top Electronic Devices ","enable_image":"yes","show_more":"yes","text_button":"Shop all","icon_button":{"value":"","library":""},"categories":["electronic-accessories","electronic-devices","tv-home-appliances"],"ajax_tabs":"yes","width_image":{"unit":"px","size":240,"sizes":[]},"layout_type":"carousel","col_desktopsmall":"4","disable_mobile":"","image_banner_desktop":{"url":"http:\/\/el3.thembaydev.com\/besa2\/wp-content\/uploads\/2021\/06\/banner-home2-04.jpg","id":6694},"link_image_banner":{"url":"https:\/\/el3.thembaydev.com\/besa2\/shop\/","is_external":"","nofollow":"","custom_attributes":""}},"elements":[],"isInner":false,"widgetType":"besa-product-categories-tabs","elType":"widget"}],"isInner":false,"elType":"column"}],"isInner":false,"elType":"section"},{"id":"277d74ea","settings":{"content_width":{"unit":"px","size":1170,"sizes":[]},"stretch_section":"section-stretched","padding":{"unit":"px","top":"20","right":"0","bottom":"0","left":"0","isLinked":false},"padding_mobile":{"unit":"px","top":"10","right":"0","bottom":"0","left":"0","isLinked":false}},"elements":[{"id":"570454c9","settings":{"_column_size":100,"_inline_size":null,"background_background":"classic","background_color":"#FFFFFF","padding":{"unit":"px","top":"0","right":"0","bottom":"0","left":"0","isLinked":false}},"elements":[{"id":"4835ed5d","settings":{"title_cat_tab":"Fashion & Clothing","enable_image":"yes","show_more":"yes","text_button":"Shop all","icon_button":{"value":"","library":""},"categories":["babies-toys","electronic-accessories","fashion-clothing"],"position_image_banner":"left","ajax_tabs":"yes","width_image":{"unit":"px","size":240,"sizes":[]},"layout_type":"carousel","col_desktopsmall":"4","disable_mobile":"","image_banner_desktop":{"url":"http:\/\/el3.thembaydev.com\/besa2\/wp-content\/uploads\/2021\/06\/banner-home2-05.jpg","id":6710},"link_image_banner":{"url":"https:\/\/el3.thembaydev.com\/besa2\/shop\/","is_external":"","nofollow":"","custom_attributes":""}},"elements":[],"isInner":false,"widgetType":"besa-product-categories-tabs","elType":"widget"}],"isInner":false,"elType":"column"}],"isInner":false,"elType":"section"},{"id":"b45246","settings":{"content_width":{"unit":"px","size":1170,"sizes":[]},"stretch_section":"section-stretched","padding":{"unit":"px","top":"20","right":"0","bottom":"0","left":"0","isLinked":false},"padding_mobile":{"unit":"px","top":"10","right":"0","bottom":"0","left":"0","isLinked":false}},"elements":[{"id":"34ee72fb","settings":{"_column_size":100,"_inline_size":null,"background_background":"classic","background_color":"#FFFFFF","padding":{"unit":"px","top":"0","right":"0","bottom":"0","left":"0","isLinked":false}},"elements":[{"id":"70f0df91","settings":{"title_cat_tab":"Home & Kitchen","enable_image":"yes","show_more":"yes","text_button":"Shop all","icon_button":{"value":"","library":""},"categories":["home-kitchen","sports-travel","tv-home-appliances"],"ajax_tabs":"yes","width_image":{"unit":"px","size":240,"sizes":[]},"layout_type":"carousel","col_desktopsmall":"4","disable_mobile":"","image_banner_desktop":{"url":"http:\/\/el3.thembaydev.com\/besa2\/wp-content\/uploads\/2021\/06\/banner-home2-06.jpg","id":6711},"link_image_banner":{"url":"https:\/\/el3.thembaydev.com\/besa2\/shop\/","is_external":"","nofollow":"","custom_attributes":""}},"elements":[],"isInner":false,"widgetType":"besa-product-categories-tabs","elType":"widget"}],"isInner":false,"elType":"column"}],"isInner":false,"elType":"section"},{"id":"2e1d6d54","settings":{"content_width":{"unit":"px","size":1170,"sizes":[]},"stretch_section":"section-stretched","padding":{"unit":"px","top":"20","right":"0","bottom":"0","left":"0","isLinked":false},"padding_mobile":{"unit":"px","top":"10","right":"0","bottom":"0","left":"0","isLinked":false}},"elements":[{"id":"42b0abb8","settings":{"_column_size":100,"_inline_size":null,"background_background":"classic","background_color":"#FFFFFF","padding":{"unit":"px","top":"0","right":"0","bottom":"0","left":"0","isLinked":false}},"elements":[{"id":"33a1e6d2","settings":{"title_cat_tab":"Health & Beauty","enable_image":"yes","show_more":"yes","text_button":"Shop all","icon_button":{"value":"","library":""},"categories":["health-beauty","sports-travel","tv-home-appliances"],"position_image_banner":"left","ajax_tabs":"yes","width_image":{"unit":"px","size":240,"sizes":[]},"layout_type":"carousel","col_desktopsmall":"4","disable_mobile":"","image_banner_desktop":{"url":"http:\/\/el3.thembaydev.com\/besa2\/wp-content\/uploads\/2021\/06\/banner-home2-07.jpg","id":6712},"link_image_banner":{"url":"https:\/\/el3.thembaydev.com\/besa2\/shop\/","is_external":"","nofollow":"","custom_attributes":""}},"elements":[],"isInner":false,"widgetType":"besa-product-categories-tabs","elType":"widget"}],"isInner":false,"elType":"column"}],"isInner":false,"elType":"section"},{"id":"3420d4a6","settings":{"content_width":{"unit":"px","size":1170,"sizes":[]},"padding":{"unit":"px","top":"20","right":"0","bottom":"0","left":"0","isLinked":false},"stretch_section":"section-stretched","padding_mobile":{"unit":"px","top":"10","right":"0","bottom":"0","left":"0","isLinked":false}},"elements":[{"id":"66dca956","settings":{"_column_size":100,"_inline_size":null,"background_background":"classic","background_color":"#FFFFFF","padding":{"unit":"px","top":"0","right":"0","bottom":"0","left":"0","isLinked":false}},"elements":[{"id":"3c15b138","settings":{"heading_title":"Recommendations","limit":8,"layout_type":"carousel","categories":["babies-toys","electronic-accessories"],"list_product_tabs":[{"_id":"b997605"},{"_id":"aca777c","product_tabs":"on_sale"},{"_id":"8c97015","product_tabs":"best_selling"},{"_id":"dc71b3f","product_tabs":"top_rated"},{"_id":"918c538","product_tabs":"featured"}],"column":"5","col_desktop":"5","ajax_tabs":"yes","col_desktopsmall":"4","disable_mobile":""},"elements":[],"isInner":false,"widgetType":"besa-product-tabs","elType":"widget"}],"isInner":false,"elType":"column"}],"isInner":false,"elType":"section"}],"page_settings":{"hide_title":"yes"},"version":"0.4","title":"template-home-v2","type":"page"}