{"content":[{"id":"4e7e3454","settings":{"stretch_section":"section-stretched","structure":"30","background_background":"classic","background_color":"#FFFFFF","margin":{"unit":"px","top":"80","right":0,"bottom":"-100","left":0,"isLinked":false},"content_position":"middle","padding":{"unit":"px","top":"35","right":"0","bottom":"59","left":"0","isLinked":false},"margin_mobile":{"unit":"px","top":"0","right":0,"bottom":"0","left":0,"isLinked":false},"padding_mobile":{"unit":"px","top":"0","right":"0","bottom":"0","left":"0","isLinked":false}},"elements":[{"id":"491b6ff1","settings":{"_column_size":33,"_inline_size":17,"_inline_size_tablet":100},"elements":[{"id":"5a4b5a2f","settings":{"heading_title":"Recently viewed ","heading_style_padding":{"unit":"px","top":"0","right":"0","bottom":"0","left":"0","isLinked":false},"_padding_tablet":{"unit":"px","top":"0","right":"0","bottom":"10","left":"0","isLinked":false}},"elements":[],"isInner":false,"widgetType":"besa-heading","elType":"widget"}],"isInner":false,"elType":"column"},{"id":"76d2e898","settings":{"_column_size":33,"_inline_size":69.332,"_inline_size_tablet":100,"padding_mobile":{"unit":"px","top":"0","right":"0","bottom":"0","left":"0","isLinked":false}},"elements":[{"id":"696714a2","settings":{"position_displayed":"main","header_title":"Recently Viewed","empty":"You have no recently viewed item.","enable_readmore":"","column":"8","col_desktop":"8","readmore_text":"Read More","readmore_page":725,"product_style":"only-image","column_tablet":"6","column_mobile":"4","col_desktopsmall":"8","col_landscape":"4"},"elements":[],"isInner":false,"widgetType":"besa-product-recently-viewed","elType":"widget"}],"isInner":false,"elType":"column"},{"id":"55a59f5d","settings":{"_column_size":33,"_inline_size":13,"_inline_size_tablet":100},"elements":[{"id":"3b912fd7","settings":{"text":"View all products","link":{"url":"https:\/\/el3.thembaydev.com\/besa2\/recently-viewed-products\/","is_external":"","nofollow":"","custom_attributes":""},"typography_typography":"custom","typography_font_size":{"unit":"px","size":14,"sizes":[]},"typography_line_height":{"unit":"px","size":22,"sizes":[]},"button_text_color":"#FA4F26","background_color":"#02010100","text_padding":{"unit":"px","top":"0","right":"0","bottom":"0","left":"0","isLinked":false},"_padding_tablet":{"unit":"px","top":"10","right":"0","bottom":"0","left":"0","isLinked":false}},"elements":[],"isInner":false,"widgetType":"button","elType":"widget"}],"isInner":false,"elType":"column"}],"isInner":false,"elType":"section"}],"page_settings":[],"version":"0.4","title":"template-product-archive-sidebar-bottom","type":"page"}