{"content":[{"id":"7debd851","settings":{"content_width":{"unit":"px","size":1410,"sizes":[]},"stretch_section":"section-stretched"},"elements":[{"id":"3bedda5e","settings":{"_column_size":100,"_inline_size":null},"elements":[{"id":"1ae1b727","settings":{"revslidertitle":"Slider 4","shortcode":"[rev_slider alias=\"slider-4\" slidertitle=\"Slider 4\"][\/rev_slider]"},"elements":[],"isInner":false,"widgetType":"slider_revolution","elType":"widget"}],"isInner":false,"elType":"column"}],"isInner":false,"elType":"section"},{"id":"8b7d37e","settings":{"content_width":{"unit":"px","size":1440,"sizes":[]},"stretch_section":"section-stretched","background_background":"classic","background_color":"#FFFFFF","padding":{"unit":"px","top":"32","right":"0","bottom":"50","left":"0","isLinked":false},"padding_mobile":{"unit":"px","top":"32","right":"0","bottom":"20","left":"0","isLinked":false}},"elements":[{"id":"717ded76","settings":{"_column_size":100,"_inline_size":null},"elements":[{"id":"53422f21","settings":{"brands":[{"_id":"2268fdc","brand_image":{"id":6808,"url":"http:\/\/el3.thembaydev.com\/besa2\/wp-content\/uploads\/2021\/06\/brand-01.jpg"},"brand_link":{"url":"https:\/\/el3.thembaydev.com\/besa2\/\/product-brands\/ctbh\/","is_external":"","nofollow":"","custom_attributes":""}},{"brand_image":{"id":6809,"url":"http:\/\/el3.thembaydev.com\/besa2\/wp-content\/uploads\/2021\/06\/brand-02.jpg"},"brand_link":{"url":"https:\/\/el3.thembaydev.com\/besa2\/\/product-brands\/elgoog\/","is_external":"","nofollow":"","custom_attributes":""},"_id":"d6f2dd5"},{"brand_image":{"id":6810,"url":"http:\/\/el3.thembaydev.com\/besa2\/wp-content\/uploads\/2021\/06\/brand-03.jpg"},"brand_link":{"url":"https:\/\/el3.thembaydev.com\/besa2\/\/product-brands\/elppa\/","is_external":"","nofollow":"","custom_attributes":""},"_id":"3a53218"},{"brand_image":{"id":6811,"url":"http:\/\/el3.thembaydev.com\/besa2\/wp-content\/uploads\/2021\/06\/brand-04.jpg"},"brand_link":{"url":"https:\/\/el3.thembaydev.com\/besa2\/\/product-brands\/esormirp\/","is_external":"","nofollow":"","custom_attributes":""},"_id":"442a3a9"},{"brand_image":{"id":6812,"url":"http:\/\/el3.thembaydev.com\/besa2\/wp-content\/uploads\/2021\/06\/brand-05.jpg"},"brand_link":{"url":"https:\/\/el3.thembaydev.com\/besa2\/\/product-brands\/gnusmas\/","is_external":"","nofollow":"","custom_attributes":""},"_id":"b9d2e23"},{"brand_image":{"id":6813,"url":"http:\/\/el3.thembaydev.com\/besa2\/wp-content\/uploads\/2021\/06\/brand-06.jpg"},"brand_link":{"url":"https:\/\/el3.thembaydev.com\/besa2\/\/product-brands\/hcetigol\/","is_external":"","nofollow":"","custom_attributes":""},"_id":"b2494f4"}],"column":"6","col_desktop":"6","col_desktopsmall":"6","col_landscape":"3","column_mobile":"2"},"elements":[],"isInner":false,"widgetType":"besa-brands","elType":"widget"}],"isInner":false,"elType":"column"}],"isInner":false,"elType":"section"},{"id":"21e0b6fc","settings":{"content_width":{"unit":"px","size":1440,"sizes":[]},"stretch_section":"section-stretched","background_background":"classic","background_color":"#FFFFFF"},"elements":[{"id":"16ed968e","settings":{"_column_size":100,"_inline_size":null,"padding_mobile":{"unit":"px","top":"0","right":"0","bottom":"0","left":"0","isLinked":false}},"elements":[{"id":"3b441877","settings":{"heading_title":"Flash Deals","heading_subtitle":"Daily updates of all special deals at 9:00.","position_displayed":"main","header_text":"Flash Sale","header_page":725,"date_title":"","date_title_ended":"Deal ended.","end_date":"2022-02-23 12:00","layout_type":"carousel","main_products":["15","17","18","19","21","428","447","506"],"enable_readmore":"","readmore_text":"Read More","readmore_page":725,"column":"6","col_desktop":"5","heading_subtitle_line_height":{"unit":"px","size":34,"sizes":[]},"col_desktopsmall":"4","disable_mobile":"","header_image":{"id":7911,"url":"http:\/\/el3.thembaydev.com\/besa2\/wp-content\/uploads\/2021\/06\/placeholder-2.png"},"padding_wrapper_heading":{"unit":"px","top":"17","right":"0","bottom":"17","left":"0","isLinked":false},"padding_wrapper_heading_mobile":{"unit":"px","top":"15","right":"15","bottom":"15","left":"15","isLinked":true}},"elements":[],"isInner":false,"widgetType":"besa-product-flash-sales","elType":"widget"}],"isInner":false,"elType":"column"}],"isInner":false,"elType":"section"},{"id":"6c522d29","settings":{"content_width":{"unit":"px","size":1431,"sizes":[]},"stretch_section":"section-stretched","structure":"30","background_background":"classic","background_color":"#FFFFFF","padding":{"unit":"px","top":"55","right":"0","bottom":"48","left":"0","isLinked":false},"padding_mobile":{"unit":"px","top":"11","right":"0","bottom":"23","left":"0","isLinked":false}},"elements":[{"id":"791b7a75","settings":{"_column_size":33,"_inline_size":null,"padding":{"unit":"px","top":"0","right":"11","bottom":"0","left":"11","isLinked":false}},"elements":[{"id":"6fefde9f","settings":{"image":{"id":6825,"url":"http:\/\/el3.thembaydev.com\/besa2\/wp-content\/uploads\/2021\/06\/banner-home4-01.jpg"},"image_size":"full","link_to":"custom","link":{"url":"https:\/\/el3.thembaydev.com\/besa2\/shop\/","is_external":"","nofollow":"","custom_attributes":""}},"elements":[],"isInner":false,"widgetType":"image","elType":"widget"}],"isInner":false,"elType":"column"},{"id":"7dd38c0e","settings":{"_column_size":33,"_inline_size":null,"padding":{"unit":"px","top":"0","right":"11","bottom":"0","left":"11","isLinked":false}},"elements":[{"id":"1508bf35","settings":{"image":{"id":6826,"url":"http:\/\/el3.thembaydev.com\/besa2\/wp-content\/uploads\/2021\/06\/banner-home4-02.jpg"},"image_size":"full","link_to":"custom","link":{"url":"https:\/\/el3.thembaydev.com\/besa2\/shop\/","is_external":"","nofollow":"","custom_attributes":""},"_padding_mobile":{"unit":"px","top":"15","right":"0","bottom":"15","left":"0","isLinked":false}},"elements":[],"isInner":false,"widgetType":"image","elType":"widget"}],"isInner":false,"elType":"column"},{"id":"28375d64","settings":{"_column_size":33,"_inline_size":null,"padding":{"unit":"px","top":"0","right":"11","bottom":"0","left":"11","isLinked":false}},"elements":[{"id":"6ebc1099","settings":{"image":{"id":6827,"url":"http:\/\/el3.thembaydev.com\/besa2\/wp-content\/uploads\/2021\/06\/banner-home4-03.jpg"},"image_size":"full","link_to":"custom","link":{"url":"https:\/\/el3.thembaydev.com\/besa2\/shop\/","is_external":"","nofollow":"","custom_attributes":""}},"elements":[],"isInner":false,"widgetType":"image","elType":"widget"}],"isInner":false,"elType":"column"}],"isInner":false,"elType":"section"},{"id":"1194f916","settings":{"content_width":{"unit":"px","size":1410,"sizes":[]},"gap":"no","stretch_section":"section-stretched","background_background":"classic","padding":{"unit":"px","top":"48","right":"0","bottom":"0","left":"0","isLinked":false},"padding_mobile":{"unit":"px","top":"0","right":"0","bottom":"0","left":"0","isLinked":false}},"elements":[{"id":"7b8df9d0","settings":{"_column_size":100,"_inline_size":null,"background_background":"classic","background_color":"#FFFFFF"},"elements":[{"id":"13b9b4d","settings":{"heading_title":"Besa Top Sellers","heading_style_padding":{"unit":"px","top":"13","right":"0","bottom":"18","left":"0","isLinked":false},"_padding":{"unit":"px","top":"0","right":"24","bottom":"0","left":"24","isLinked":false},"_border_border":"solid","_border_width":{"unit":"px","top":"0","right":"0","bottom":"1","left":"0","isLinked":false},"_border_color":"#F0F0F0","heading_style_padding_mobile":{"unit":"px","top":"13","right":"0","bottom":"20","left":"0","isLinked":false},"_padding_mobile":{"unit":"px","top":"0","right":"15","bottom":"0","left":"15","isLinked":false}},"elements":[],"isInner":false,"widgetType":"besa-heading","elType":"widget"},{"id":"36f11ad7","settings":{"limit":8,"layout_type":"carousel","categories":["electronic-accessories"],"column":"6","col_desktop":"5","col_desktopsmall":"4","disable_mobile":""},"elements":[],"isInner":false,"widgetType":"besa-products","elType":"widget"}],"isInner":false,"elType":"column"}],"isInner":false,"elType":"section"},{"id":"5f276a14","settings":{"content_width":{"unit":"px","size":1410,"sizes":[]},"padding":{"unit":"px","top":"24","right":"0","bottom":"0","left":"0","isLinked":false},"stretch_section":"section-stretched","padding_mobile":{"unit":"px","top":"10","right":"0","bottom":"0","left":"0","isLinked":false}},"elements":[{"id":"88afe53","settings":{"_column_size":100,"_inline_size":null,"background_background":"classic","background_color":"#FFFFFF","padding":{"unit":"px","top":"0","right":"0","bottom":"0","left":"0","isLinked":true}},"elements":[{"id":"63b2886b","settings":{"twb_title":"Popular Categories","twb_text_button":"Shop all","twb_link_button":{"url":"https:\/\/el3.thembaydev.com\/besa2\/\/shop\/","is_external":"","nofollow":"","custom_attributes":""},"twb_add_icon":"yes","twb_title_typography_typography":"custom","twb_title_typography_font_size":{"unit":"px","size":22,"sizes":[]},"twb_title_typography_font_weight":"600","twb_title_typography_line_height":{"unit":"px","size":32,"sizes":[]},"twb_button_typography_typography":"custom","twb_button_typography_font_size":{"unit":"px","size":14,"sizes":[]},"twb_button_typography_line_height":{"unit":"px","size":32,"sizes":[]},"color_twb_button":"#FA4F26","twb_button_spacing":{"unit":"px","top":"0","right":"0","bottom":"0","left":"6","isLinked":false},"_padding":{"unit":"px","top":"13","right":"24","bottom":"12","left":"24","isLinked":false},"_border_border":"solid","_border_width":{"unit":"px","top":"0","right":"0","bottom":"1","left":"0","isLinked":false},"_border_color":"#F0F0F0","twb_title_typography_font_size_mobile":{"unit":"px","size":18,"sizes":[]},"_padding_mobile":{"unit":"px","top":"14","right":"15","bottom":"10","left":"15","isLinked":false}},"elements":[],"isInner":false,"widgetType":"besa-title-width-button","elType":"widget"},{"id":"588e7d91","settings":{"list_category":[{"_id":"2c62cca","category":"electronic-devices","type_image":{"id":6828,"url":"http:\/\/el3.thembaydev.com\/besa2\/wp-content\/uploads\/2021\/06\/cat-home4-01.png"}},{"category":"electronic-accessories","type_image":{"id":6829,"url":"http:\/\/el3.thembaydev.com\/besa2\/wp-content\/uploads\/2021\/06\/cat-home4-02.png"},"_id":"5349a0e"},{"category":"tv-home-appliances","type_image":{"id":6830,"url":"http:\/\/el3.thembaydev.com\/besa2\/wp-content\/uploads\/2021\/06\/cat-home4-03.png"},"_id":"53c2702"},{"category":"fashion-clothing","type_image":{"id":6831,"url":"http:\/\/el3.thembaydev.com\/besa2\/wp-content\/uploads\/2021\/06\/cat-home4-04.png"},"_id":"5c27e03"},{"type_image":{"id":6832,"url":"http:\/\/el3.thembaydev.com\/besa2\/wp-content\/uploads\/2021\/06\/cat-home4-05.png"},"_id":"1f0f76c","category":"home-kitchen"}],"text_show_all":"See all categories","_padding":{"unit":"px","top":"0","right":"0","bottom":"0","left":"0","isLinked":false},"_margin":{"unit":"px","top":"0","right":"0","bottom":"0","left":"0","isLinked":false},"column":"5","layout_type":"carousel","spacing_content":{"unit":"px","top":"40","right":"0","bottom":"0","left":"0","isLinked":false},"cat_name_typography_typography":"custom","cat_name_typography_font_weight":"700","color_cat_name":"#262626","color_cat_count":"#444444","hover_color_cat_name":"#FA4F26","col_desktop":"5","col_desktopsmall":"3"},"elements":[],"isInner":false,"widgetType":"besa-custom-image-list-categories","elType":"widget"}],"isInner":false,"elType":"column"}],"isInner":false,"elType":"section"},{"id":"65a45e61","settings":{"content_width":{"unit":"px","size":1410,"sizes":[]},"stretch_section":"section-stretched","padding":{"unit":"px","top":"24","right":"0","bottom":"0","left":"0","isLinked":false},"padding_mobile":{"unit":"px","top":"10","right":"0","bottom":"0","left":"0","isLinked":false}},"elements":[{"id":"4019f269","settings":{"_column_size":100,"_inline_size":null,"background_background":"classic","background_color":"#FFFFFF","padding":{"unit":"px","top":"0","right":"0","bottom":"0","left":"0","isLinked":false}},"elements":[{"id":"5d299318","settings":{"twb_title":"Must Have Electronic Products","twb_text_button":"Shop all","twb_link_button":{"url":"https:\/\/el3.thembaydev.com\/besa2\/\/shop\/","is_external":"","nofollow":"","custom_attributes":""},"twb_add_icon":"yes","twb_title_typography_typography":"custom","twb_title_typography_font_size":{"unit":"px","size":22,"sizes":[]},"twb_title_typography_font_weight":"600","twb_title_typography_line_height":{"unit":"px","size":32,"sizes":[]},"twb_button_typography_typography":"custom","twb_button_typography_font_size":{"unit":"px","size":14,"sizes":[]},"twb_button_typography_line_height":{"unit":"px","size":32,"sizes":[]},"color_twb_button":"#FA4F26","twb_button_spacing":{"unit":"px","top":"0","right":"0","bottom":"0","left":"6","isLinked":false},"_padding":{"unit":"px","top":"13","right":"24","bottom":"12","left":"24","isLinked":false},"_border_border":"solid","_border_width":{"unit":"px","top":"0","right":"0","bottom":"1","left":"0","isLinked":false},"_border_color":"#F0F0F0","twb_title_typography_font_size_mobile":{"unit":"px","size":18,"sizes":[]},"_padding_mobile":{"unit":"px","top":"13","right":"15","bottom":"14","left":"15","isLinked":false}},"elements":[],"isInner":false,"widgetType":"besa-title-width-button","elType":"widget"},{"id":"355049cc","settings":{"limit":8,"layout_type":"carousel","categories":["babies-toys","electronic-accessories"],"column":"6","col_desktop":"5","col_desktopsmall":"4","disable_mobile":""},"elements":[],"isInner":false,"widgetType":"besa-products","elType":"widget"}],"isInner":false,"elType":"column"}],"isInner":false,"elType":"section"},{"id":"b1f1ea1","settings":{"content_width":{"unit":"px","size":1410,"sizes":[]},"stretch_section":"section-stretched","structure":"20","padding":{"unit":"px","top":"24","right":"0","bottom":"0","left":"0","isLinked":false},"padding_mobile":{"unit":"px","top":"10","right":"0","bottom":"0","left":"0","isLinked":false}},"elements":[{"id":"6f7d4aef","settings":{"_column_size":50,"_inline_size":78.723,"background_background":"classic","background_color":"#FFFFFF","padding":{"unit":"px","top":"0","right":"0","bottom":"0","left":"0","isLinked":false}},"elements":[{"id":"1d43d108","settings":{"twb_title":"Featured Accessories","twb_text_button":"Shop all","twb_link_button":{"url":"https:\/\/el3.thembaydev.com\/besa2\/\/shop\/","is_external":"","nofollow":"","custom_attributes":""},"twb_add_icon":"yes","twb_title_typography_typography":"custom","twb_title_typography_font_size":{"unit":"px","size":22,"sizes":[]},"twb_title_typography_font_weight":"600","twb_title_typography_line_height":{"unit":"px","size":32,"sizes":[]},"twb_button_typography_typography":"custom","twb_button_typography_font_size":{"unit":"px","size":14,"sizes":[]},"twb_button_typography_line_height":{"unit":"px","size":32,"sizes":[]},"color_twb_button":"#FA4F26","twb_button_spacing":{"unit":"px","top":"0","right":"0","bottom":"0","left":"6","isLinked":false},"_padding":{"unit":"px","top":"16","right":"24","bottom":"0","left":"24","isLinked":false},"twb_title_typography_font_size_mobile":{"unit":"px","size":18,"sizes":[]},"_padding_mobile":{"unit":"px","top":"14","right":"15","bottom":"10","left":"15","isLinked":false}},"elements":[],"isInner":false,"widgetType":"besa-title-width-button","elType":"widget"},{"id":"3cdc329f","settings":{"limit":12,"layout_type":"carousel","categories":["books-audible","health-beauty"],"product_style":"vertical-v2","column":"3","col_desktop":"3","rows":"2","_padding":{"unit":"px","top":"7","right":"42","bottom":"0","left":"42","isLinked":false},"col_desktopsmall":"2","column_mobile":"1","disable_mobile":"","_padding_mobile":{"unit":"px","top":"0","right":"0","bottom":"0","left":"0","isLinked":false}},"elements":[],"isInner":false,"widgetType":"besa-products","elType":"widget"}],"isInner":false,"elType":"column"},{"id":"68e27a0c","settings":{"_column_size":50,"_inline_size":21.277,"padding":{"unit":"px","top":"0","right":"0","bottom":"0","left":"0","isLinked":false}},"elements":[{"id":"476564de","settings":{"image":{"id":6591,"url":"http:\/\/el3.thembaydev.com\/besa2\/wp-content\/uploads\/2021\/06\/banner-05.jpg"},"hide_mobile":"hidden-phone","link_to":"custom","link":{"url":"https:\/\/el3.thembaydev.com\/besa2\/shop\/","is_external":"","nofollow":"","custom_attributes":""}},"elements":[],"isInner":false,"widgetType":"image","elType":"widget"}],"isInner":false,"elType":"column"}],"isInner":false,"elType":"section"},{"id":"39d0a1bc","settings":{"content_width":{"unit":"px","size":1410,"sizes":[]},"stretch_section":"section-stretched","padding":{"unit":"px","top":"24","right":"0","bottom":"30","left":"0","isLinked":false},"padding_mobile":{"unit":"px","top":"10","right":"0","bottom":"0","left":"0","isLinked":false}},"elements":[{"id":"558f3ef1","settings":{"_column_size":100,"_inline_size":null,"background_background":"classic","background_color":"#FFFFFF","padding":{"unit":"px","top":"0","right":"0","bottom":"0","left":"0","isLinked":false}},"elements":[{"id":"52f80224","settings":{"twb_title":"Trending Furniture","twb_text_button":"Shop all","twb_link_button":{"url":"https:\/\/el3.thembaydev.com\/besa2\/\/shop\/","is_external":"","nofollow":"","custom_attributes":""},"twb_add_icon":"yes","twb_title_typography_typography":"custom","twb_title_typography_font_size":{"unit":"px","size":22,"sizes":[]},"twb_title_typography_font_weight":"600","twb_title_typography_line_height":{"unit":"px","size":32,"sizes":[]},"twb_button_typography_typography":"custom","twb_button_typography_font_size":{"unit":"px","size":14,"sizes":[]},"twb_button_typography_line_height":{"unit":"px","size":32,"sizes":[]},"color_twb_button":"#FA4F26","twb_button_spacing":{"unit":"px","top":"0","right":"0","bottom":"0","left":"6","isLinked":false},"_padding":{"unit":"px","top":"13","right":"24","bottom":"12","left":"24","isLinked":false},"_border_border":"solid","_border_width":{"unit":"px","top":"0","right":"0","bottom":"1","left":"0","isLinked":false},"_border_color":"#F0F0F0","twb_title_typography_font_size_mobile":{"unit":"px","size":18,"sizes":[]},"_padding_mobile":{"unit":"px","top":"14","right":"15","bottom":"14","left":"15","isLinked":false}},"elements":[],"isInner":false,"widgetType":"besa-title-width-button","elType":"widget"},{"id":"2b181ad3","settings":{"limit":8,"layout_type":"carousel","categories":["tv-home-appliances"],"column":"6","col_desktop":"5","col_desktopsmall":"4","disable_mobile":""},"elements":[],"isInner":false,"widgetType":"besa-products","elType":"widget"}],"isInner":false,"elType":"column"}],"isInner":false,"elType":"section"}],"page_settings":[],"version":"0.4","title":"template-home-v4","type":"page"}