{"content":[{"id":"6041d9ed","settings":{"stretch_section":"section-stretched","background_background":"classic","background_color":"#FFFFFF","padding":{"unit":"px","top":"24","right":"0","bottom":"0","left":"0","isLinked":false},"padding_mobile":{"unit":"px","top":"10","right":"0","bottom":"0","left":"0","isLinked":false}},"elements":[{"id":"1b44e24","settings":{"_column_size":100,"_inline_size":null},"elements":[{"id":"56adc298","settings":{"revslidertitle":"Slider 3","shortcode":"[rev_slider alias=\"slider-3\" slidertitle=\"Slider 3\"][\/rev_slider]"},"elements":[],"isInner":false,"widgetType":"slider_revolution","elType":"widget"}],"isInner":false,"elType":"column"}],"isInner":false,"elType":"section"},{"id":"45fb0bd","settings":{"stretch_section":"section-stretched","margin":{"unit":"px","top":"","right":0,"bottom":"","left":0,"isLinked":true},"padding":{"unit":"px","top":"10","right":"0","bottom":"0","left":"0","isLinked":false},"content_width":{"unit":"px","size":1180,"sizes":[]},"structure":"30","background_background":"classic","background_color":"#FFFFFF","padding_mobile":{"unit":"px","top":"10","right":"15","bottom":"0","left":"15","isLinked":false}},"elements":[{"id":"2f156b","settings":{"_column_size":33,"_inline_size":null,"padding":{"unit":"px","top":"0","right":"5","bottom":"0","left":"5","isLinked":false},"padding_mobile":{"unit":"px","top":"0","right":"0","bottom":"0","left":"0","isLinked":true}},"elements":[{"id":"4e9c816e","settings":{"image_size":"full","link_to":"custom","link":{"url":"https:\/\/el3.thembaydev.com\/besa2\/shop\/","is_external":"","nofollow":"","custom_attributes":""},"image":{"url":"http:\/\/el3.thembaydev.com\/besa2\/wp-content\/uploads\/2021\/06\/banner-home3-01.jpg","id":6734}},"elements":[],"isInner":false,"widgetType":"image","elType":"widget"}],"isInner":false,"elType":"column"},{"id":"23baae5b","settings":{"_column_size":33,"_inline_size":null,"padding":{"unit":"px","top":"0","right":"5","bottom":"0","left":"5","isLinked":false},"padding_mobile":{"unit":"px","top":"10","right":"0","bottom":"10","left":"0","isLinked":false}},"elements":[{"id":"458bf743","settings":{"image_size":"full","link_to":"custom","link":{"url":"https:\/\/el3.thembaydev.com\/besa2\/shop\/","is_external":"","nofollow":"","custom_attributes":""},"image":{"url":"http:\/\/el3.thembaydev.com\/besa2\/wp-content\/uploads\/2021\/06\/banner-home3-02.jpg","id":6735}},"elements":[],"isInner":false,"widgetType":"image","elType":"widget"}],"isInner":false,"elType":"column"},{"id":"3e251701","settings":{"_column_size":33,"_inline_size":null,"padding":{"unit":"px","top":"0","right":"5","bottom":"0","left":"5","isLinked":false},"padding_mobile":{"unit":"px","top":"0","right":"0","bottom":"0","left":"0","isLinked":false}},"elements":[{"id":"31799d0b","settings":{"image_size":"full","link_to":"custom","link":{"url":"https:\/\/el3.thembaydev.com\/besa2\/shop\/","is_external":"","nofollow":"","custom_attributes":""},"image":{"url":"http:\/\/el3.thembaydev.com\/besa2\/wp-content\/uploads\/2021\/06\/banner-home3-03.jpg","id":6736}},"elements":[],"isInner":false,"widgetType":"image","elType":"widget"}],"isInner":false,"elType":"column"}],"isInner":false,"elType":"section"},{"id":"3ddac0f8","settings":{"stretch_section":"section-stretched","background_background":"classic","background_color":"#FFFFFF","padding":{"unit":"px","top":"40","right":"0","bottom":"45","left":"0","isLinked":false},"padding_mobile":{"unit":"px","top":"33","right":"0","bottom":"18","left":"0","isLinked":false}},"elements":[{"id":"eda4ec4","settings":{"_column_size":100,"_inline_size":null},"elements":[{"id":"953bb0d","settings":{"editor":"<p>Up to 50% Off All Summer Fashion &amp; Clothing. <a href=\"https:\/\/el3.thembaydev.com\/besa2\/shop\/\" data-wplink-url-error=\"true\"><span style=\"color: #fa4f26;\">Shop Now<\/span><\/a><\/p>","align":"center","typography_typography":"custom","typography_font_size":{"unit":"px","size":16,"sizes":[]},"typography_font_weight":"600","typography_line_height":{"unit":"px","size":28,"sizes":[]}},"elements":[],"isInner":false,"widgetType":"text-editor","elType":"widget"}],"isInner":false,"elType":"column"}],"isInner":false,"elType":"section"},{"id":"5a45b35d","settings":{"stretch_section":"section-stretched","padding":{"unit":"px","top":"48","right":"0","bottom":"0","left":"0","isLinked":false},"content_width":{"unit":"px","size":1170,"sizes":[]},"padding_mobile":{"unit":"px","top":"0","right":"0","bottom":"0","left":"0","isLinked":false}},"elements":[{"id":"4c99d54f","settings":{"_column_size":100,"_inline_size":null,"background_background":"classic","background_color":"#FFFFFF","padding":{"unit":"px","top":"0","right":"0","bottom":"0","left":"0","isLinked":false}},"elements":[{"id":"43770dab","settings":{"position_displayed":"main","header_text":"Flash Sale","header_page":725,"date_title":"","date_title_ended":"Deal ended.","main_products":["14","15","16","17","18","19","20","447"],"readmore_text":"Shop all flash deals","readmore_page":"719","heading_title":"Flash Deals","heading_style_bg":"#FFFFFF","end_date":"2022-10-13 12:00","column":"5","col_desktop":"5","heading_style_padding":{"unit":"px","top":"0","right":"16","bottom":"0","left":"0","isLinked":false},"layout_type":"carousel","enable_readmore":"","col_desktopsmall":"4","heading_style_padding_mobile":{"unit":"px","top":"0","right":"15","bottom":"0","left":"0","isLinked":false},"disable_mobile":"","header_image":{"id":7901,"url":"http:\/\/el3.thembaydev.com\/besa2\/wp-content\/uploads\/2021\/06\/placeholder-1.png"}},"elements":[],"isInner":false,"widgetType":"besa-product-flash-sales","elType":"widget"}],"isInner":false,"elType":"column"}],"isInner":false,"elType":"section"},{"id":"7a03a676","settings":{"content_width":{"unit":"px","size":1170,"sizes":[]},"padding":{"unit":"px","top":"24","right":"0","bottom":"0","left":"0","isLinked":false},"stretch_section":"section-stretched","padding_mobile":{"unit":"px","top":"10","right":"0","bottom":"0","left":"0","isLinked":false}},"elements":[{"id":"7f500e1a","settings":{"_column_size":100,"_inline_size":null,"background_background":"classic","background_color":"#FFFFFF","padding":{"unit":"px","top":"0","right":"0","bottom":"0","left":"0","isLinked":true}},"elements":[{"id":"416d654","settings":{"twb_title":"Featured Categories","twb_text_button":"Shop all","twb_link_button":{"url":"https:\/\/el3.thembaydev.com\/besa2\/shop\/","is_external":"","nofollow":"","custom_attributes":""},"twb_add_icon":"yes","twb_title_typography_typography":"custom","twb_title_typography_font_size":{"unit":"px","size":22,"sizes":[]},"twb_title_typography_font_weight":"600","twb_title_typography_line_height":{"unit":"px","size":32,"sizes":[]},"twb_button_typography_typography":"custom","twb_button_typography_font_size":{"unit":"px","size":14,"sizes":[]},"twb_button_typography_line_height":{"unit":"px","size":32,"sizes":[]},"color_twb_button":"#FA4F26","twb_button_spacing":{"unit":"px","top":"0","right":"0","bottom":"0","left":"6","isLinked":false},"_padding":{"unit":"px","top":"13","right":"20","bottom":"0","left":"20","isLinked":false},"twb_title_typography_font_size_mobile":{"unit":"px","size":18,"sizes":[]},"_padding_mobile":{"unit":"px","top":"10","right":"15","bottom":"10","left":"15","isLinked":false}},"elements":[],"isInner":false,"widgetType":"besa-title-width-button","elType":"widget"},{"id":"1835ae5b","settings":{"list_category":[{"_id":"2c62cca","category":"electronic-devices","display_count_category":"","type_image":{"url":"http:\/\/el3.thembaydev.com\/besa2\/wp-content\/uploads\/2021\/06\/cat-01.jpg","id":6557}},{"category":"electronic-accessories","display_count_category":"","_id":"5349a0e","type_image":{"url":"http:\/\/el3.thembaydev.com\/besa2\/wp-content\/uploads\/2021\/06\/cat-02.jpg","id":6558}},{"category":"tv-home-appliances","display_count_category":"","_id":"53c2702","type_image":{"url":"http:\/\/el3.thembaydev.com\/besa2\/wp-content\/uploads\/2021\/06\/cat-03.jpg","id":6559}},{"category":"fashion-clothing","display_count_category":"","_id":"5c27e03","type_image":{"url":"http:\/\/el3.thembaydev.com\/besa2\/wp-content\/uploads\/2021\/06\/cat-04.jpg","id":6560}},{"display_count_category":"","_id":"1f0f76c","type_image":{"url":"http:\/\/el3.thembaydev.com\/besa2\/wp-content\/uploads\/2021\/06\/cat-05.jpg","id":6561}},{"category":"home-kitchen","display_count_category":"","_id":"5a32c85","type_image":{"url":"http:\/\/el3.thembaydev.com\/besa2\/wp-content\/uploads\/2021\/06\/cat-06.jpg","id":6562}},{"category":"home-audio","display_count_category":"","_id":"20dc9a3","type_image":{"url":"http:\/\/el3.thembaydev.com\/besa2\/wp-content\/uploads\/2021\/06\/cat-07.jpg","id":6563}},{"_id":"a6ffacd","category":"books-audible","display_count_category":"","type_image":{"url":"http:\/\/el3.thembaydev.com\/besa2\/wp-content\/uploads\/2021\/06\/cat-20.jpg","id":6737}}],"text_show_all":"See all categories","_padding":{"unit":"px","top":"0","right":"28","bottom":"0","left":"28","isLinked":false},"_margin":{"unit":"px","top":"0","right":"0","bottom":"0","left":"0","isLinked":false},"column":"4","spacing_content":{"unit":"px","top":"10","right":"0","bottom":"0","left":"0","isLinked":false},"column_mobile":"3","col_desktopsmall":"4","col_landscape":"3"},"elements":[],"isInner":false,"widgetType":"besa-custom-image-list-categories","elType":"widget"}],"isInner":false,"elType":"column"}],"isInner":false,"elType":"section"},{"id":"7b5a20e6","settings":{"content_width":{"unit":"px","size":1170,"sizes":[]},"gap":"no","stretch_section":"section-stretched","background_background":"classic","padding":{"unit":"px","top":"24","right":"0","bottom":"0","left":"0","isLinked":false},"padding_mobile":{"unit":"px","top":"10","right":"0","bottom":"0","left":"0","isLinked":false}},"elements":[{"id":"452d1bbd","settings":{"_column_size":100,"_inline_size":null,"background_background":"classic","background_color":"#FFFFFF"},"elements":[{"id":"34fdebe4","settings":{"heading_title":"Best Selling Products","heading_style_padding":{"unit":"px","top":"13","right":"0","bottom":"18","left":"0","isLinked":false},"_padding":{"unit":"px","top":"0","right":"24","bottom":"0","left":"24","isLinked":false},"_border_border":"solid","_border_width":{"unit":"px","top":"0","right":"0","bottom":"1","left":"0","isLinked":false},"_border_color":"#F0F0F0","heading_style_padding_mobile":{"unit":"px","top":"20","right":"0","bottom":"20","left":"0","isLinked":false},"_padding_mobile":{"unit":"px","top":"0","right":"15","bottom":"0","left":"15","isLinked":false}},"elements":[],"isInner":false,"widgetType":"besa-heading","elType":"widget"},{"id":"72330e41","settings":{"limit":8,"layout_type":"carousel","categories":["babies-toys","fashion-clothing"],"column":"5","col_desktop":"5","col_desktopsmall":"4","disable_mobile":""},"elements":[],"isInner":false,"widgetType":"besa-products","elType":"widget"}],"isInner":false,"elType":"column"}],"isInner":false,"elType":"section"},{"id":"2e26167b","settings":{"content_width":{"unit":"px","size":1170,"sizes":[]},"gap":"no","stretch_section":"section-stretched","background_background":"classic","padding":{"unit":"px","top":"24","right":"0","bottom":"0","left":"0","isLinked":false},"padding_mobile":{"unit":"px","top":"10","right":"0","bottom":"0","left":"0","isLinked":false}},"elements":[{"id":"316bbaf4","settings":{"_column_size":100,"_inline_size":null,"background_background":"classic","background_color":"#FFFFFF"},"elements":[{"id":"12f9460d","settings":{"heading_title":"Recommended For You","heading_style_padding":{"unit":"px","top":"13","right":"0","bottom":"18","left":"0","isLinked":false},"_padding":{"unit":"px","top":"0","right":"24","bottom":"0","left":"24","isLinked":false},"_border_border":"solid","_border_width":{"unit":"px","top":"0","right":"0","bottom":"1","left":"0","isLinked":false},"_border_color":"#F0F0F0","heading_style_padding_mobile":{"unit":"px","top":"20","right":"0","bottom":"20","left":"0","isLinked":false},"_padding_mobile":{"unit":"px","top":"0","right":"15","bottom":"0","left":"15","isLinked":false}},"elements":[],"isInner":false,"widgetType":"besa-heading","elType":"widget"},{"id":"d4bd347","settings":{"limit":8,"layout_type":"carousel","categories":["electronic-accessories"],"column":"5","col_desktop":"5","col_desktopsmall":"4","disable_mobile":""},"elements":[],"isInner":false,"widgetType":"besa-products","elType":"widget"}],"isInner":false,"elType":"column"}],"isInner":false,"elType":"section"},{"id":"70bbf989","settings":{"content_width":{"unit":"px","size":1170,"sizes":[]},"stretch_section":"section-stretched","padding":{"unit":"px","top":"24","right":"0","bottom":"0","left":"0","isLinked":false},"padding_mobile":{"unit":"px","top":"10","right":"0","bottom":"0","left":"0","isLinked":false}},"elements":[{"id":"817ad07","settings":{"_column_size":100,"_inline_size":null,"background_background":"classic","background_color":"#FFFFFF","padding":{"unit":"px","top":"0","right":"0","bottom":"0","left":"0","isLinked":false}},"elements":[{"id":"41f2e1a7","settings":{"title_cat_tab":"Popular Products","enable_image":"","limit":12,"show_more":"","text_button":"Shop all","icon_button":{"value":"","library":""},"categories":["fashion-clothing","health-beauty","home-kitchen","sports-travel"],"layout_type":"carousel","product_style":"vertical-v2","column":"3","col_desktop":"3","rows":"2","ajax_tabs":"yes","column_mobile":"1","col_desktopsmall":"3","disable_mobile":"","heading_padding_mobile":{"unit":"px","top":"13","right":"15","bottom":"0","left":"15","isLinked":false}},"elements":[],"isInner":false,"widgetType":"besa-product-categories-tabs","elType":"widget"}],"isInner":false,"elType":"column"}],"isInner":false,"elType":"section"},{"id":"3d99286d","settings":{"content_width":{"unit":"px","size":1170,"sizes":[]},"stretch_section":"section-stretched","structure":"40","padding":{"unit":"px","top":"24","right":"0","bottom":"30","left":"0","isLinked":false},"padding_mobile":{"unit":"px","top":"10","right":"0","bottom":"0","left":"0","isLinked":false},"css_classes":"custom-icon-box"},"elements":[{"id":"6ab04aad","settings":{"_column_size":25,"_inline_size":null,"background_background":"classic","background_color":"#FFFFFF","padding":{"unit":"px","top":"49","right":"25","bottom":"62","left":"25","isLinked":false},"_inline_size_tablet":50,"_inline_size_mobile":50,"padding_mobile":{"unit":"px","top":"50","right":"10","bottom":"35","left":"15","isLinked":false}},"elements":[{"id":"a80f21","settings":{"selected_icon":{"value":"tb-icon tb-icon-zt-cash-back","library":"tbay-custom"},"title_text":"9% Back In  Rewards","description_text":"Free to join","position":"left","icon_space":{"unit":"px","size":17,"sizes":[]},"icon_size":{"unit":"px","size":75,"sizes":[]},"text_align":"left","content_vertical_alignment":"middle","title_color":"#262626","title_typography_typography":"custom","title_typography_font_size":{"unit":"px","size":20,"sizes":[]},"title_typography_font_weight":"600","title_typography_line_height":{"unit":"px","size":28,"sizes":[]},"description_color":"#262626","title_typography_font_size_mobile":{"unit":"px","size":16,"sizes":[]},"_padding_mobile":{"unit":"px","top":"0","right":"0","bottom":"0","left":"0","isLinked":false},"text_align_mobile":"left","icon_size_mobile":{"unit":"px","size":48,"sizes":[]},"title_typography_line_height_mobile":{"unit":"px","size":22,"sizes":[]}},"elements":[],"isInner":false,"widgetType":"icon-box","elType":"widget"}],"isInner":false,"elType":"column"},{"id":"1b20a30a","settings":{"_column_size":25,"_inline_size":null,"background_background":"classic","background_color":"#FFFFFF","padding":{"unit":"px","top":"49","right":"25","bottom":"62","left":"25","isLinked":false},"_inline_size_tablet":50,"_inline_size_mobile":50,"padding_mobile":{"unit":"px","top":"50","right":"10","bottom":"35","left":"15","isLinked":false}},"elements":[{"id":"35122940","settings":{"selected_icon":{"value":"tb-icon tb-icon-zt-delivery-truck","library":"tbay-custom"},"title_text":"Free Shipping","description_text":"Orders from $99","position":"left","icon_space":{"unit":"px","size":17,"sizes":[]},"icon_size":{"unit":"px","size":75,"sizes":[]},"text_align":"left","content_vertical_alignment":"middle","title_color":"#262626","title_typography_typography":"custom","title_typography_font_size":{"unit":"px","size":20,"sizes":[]},"title_typography_font_weight":"600","title_typography_line_height":{"unit":"px","size":28,"sizes":[]},"description_color":"#262626","title_typography_font_size_mobile":{"unit":"px","size":16,"sizes":[]},"_padding_mobile":{"unit":"px","top":"0","right":"0","bottom":"0","left":"0","isLinked":false},"text_align_mobile":"left","icon_size_mobile":{"unit":"px","size":48,"sizes":[]},"title_typography_line_height_mobile":{"unit":"px","size":22,"sizes":[]}},"elements":[],"isInner":false,"widgetType":"icon-box","elType":"widget"}],"isInner":false,"elType":"column"},{"id":"74f03e82","settings":{"_column_size":25,"_inline_size":null,"background_background":"classic","background_color":"#FFFFFF","padding":{"unit":"px","top":"49","right":"25","bottom":"62","left":"25","isLinked":false},"_inline_size_tablet":50,"_inline_size_mobile":50,"padding_mobile":{"unit":"px","top":"20","right":"15","bottom":"50","left":"15","isLinked":false}},"elements":[{"id":"6b3ba647","settings":{"selected_icon":{"value":"tb-icon tb-icon-zt-tag-01","library":"tbay-custom"},"title_text":"Lowest Price","description_text":"45-day matching","position":"left","icon_space":{"unit":"px","size":17,"sizes":[]},"icon_size":{"unit":"px","size":75,"sizes":[]},"text_align":"left","content_vertical_alignment":"middle","title_color":"#262626","title_typography_typography":"custom","title_typography_font_size":{"unit":"px","size":20,"sizes":[]},"title_typography_font_weight":"600","title_typography_line_height":{"unit":"px","size":28,"sizes":[]},"description_color":"#262626","title_typography_font_size_mobile":{"unit":"px","size":16,"sizes":[]},"_padding_mobile":{"unit":"px","top":"0","right":"0","bottom":"0","left":"0","isLinked":false},"text_align_mobile":"left","icon_size_mobile":{"unit":"px","size":48,"sizes":[]},"title_typography_line_height_mobile":{"unit":"px","size":22,"sizes":[]}},"elements":[],"isInner":false,"widgetType":"icon-box","elType":"widget"}],"isInner":false,"elType":"column"},{"id":"6d4d7e88","settings":{"_column_size":25,"_inline_size":null,"background_background":"classic","background_color":"#FFFFFF","padding":{"unit":"px","top":"49","right":"25","bottom":"62","left":"25","isLinked":false},"_inline_size_tablet":50,"_inline_size_mobile":50,"padding_mobile":{"unit":"px","top":"20","right":"15","bottom":"50","left":"15","isLinked":false}},"elements":[{"id":"377b9543","settings":{"selected_icon":{"value":"tb-icon tb-icon-zt-gift-voucher","library":"tbay-custom"},"title_text":"Gift Vouchers","description_text":"Daily Sunday","position":"left","icon_space":{"unit":"px","size":17,"sizes":[]},"icon_size":{"unit":"px","size":75,"sizes":[]},"text_align":"left","content_vertical_alignment":"middle","title_color":"#262626","title_typography_typography":"custom","title_typography_font_size":{"unit":"px","size":20,"sizes":[]},"title_typography_font_weight":"600","title_typography_line_height":{"unit":"px","size":28,"sizes":[]},"description_color":"#262626","title_typography_font_size_mobile":{"unit":"px","size":16,"sizes":[]},"_padding_mobile":{"unit":"px","top":"0","right":"0","bottom":"0","left":"0","isLinked":false},"text_align_mobile":"left","icon_size_mobile":{"unit":"px","size":48,"sizes":[]},"title_typography_line_height_mobile":{"unit":"px","size":22,"sizes":[]}},"elements":[],"isInner":false,"widgetType":"icon-box","elType":"widget"}],"isInner":false,"elType":"column"}],"isInner":false,"elType":"section"}],"page_settings":[],"version":"0.4","title":"template-home-v3","type":"page"}