{"content":[{"id":"7465e758","settings":{"layout":"full_width","stretch_section":"section-stretched","padding":{"unit":"px","top":"25","right":"0","bottom":"0","left":"0","isLinked":false},"padding_tablet":{"unit":"px","top":"0","right":"0","bottom":"0","left":"0","isLinked":false}},"elements":[{"id":"2403428d","settings":{"_column_size":100,"_inline_size":null,"padding_tablet":{"unit":"px","top":"0","right":"0","bottom":"0","left":"0","isLinked":false}},"elements":[{"id":"7473ce46","settings":{"structure":"20","background_background":"classic","background_image":{"url":"http:\/\/el3.thembaydev.com\/besa2\/wp-content\/uploads\/2021\/06\/bg-become.jpg","id":7149},"padding":{"unit":"px","top":"116","right":"0","bottom":"200","left":"0","isLinked":false},"background_position":"center center","background_repeat":"no-repeat","margin_mobile":{"unit":"px","top":"","right":0,"bottom":"","left":0,"isLinked":true},"padding_mobile":{"unit":"px","top":"60","right":"0","bottom":"50","left":"0","isLinked":false}},"elements":[{"id":"27ada492","settings":{"_column_size":50,"_inline_size":57,"_inline_size_tablet":70,"padding_tablet":{"unit":"px","top":"0","right":"0","bottom":"0","left":"100","isLinked":false},"padding_mobile":{"unit":"px","top":"0","right":"30","bottom":"0","left":"30","isLinked":false}},"elements":[{"id":"6f968cc2","settings":{"editor":"<p>Start Your eCommerce <strong>Business With Besa &amp; Earn Big Profits<\/strong><\/p>","text_color":"#222222","typography_typography":"custom","typography_font_size":{"unit":"px","size":38,"sizes":[]},"typography_line_height":{"unit":"px","size":50,"sizes":[]},"typography_font_size_mobile":{"unit":"px","size":24,"sizes":[]},"typography_line_height_mobile":{"unit":"px","size":30,"sizes":[]}},"elements":[],"isInner":false,"widgetType":"text-editor","elType":"widget"},{"id":"2940620b","settings":{"editor":"<p>Open and operate an online store at <strong>no cost<\/strong> or extra fees<\/p>","text_color":"#262626","typography_typography":"custom","typography_line_height":{"unit":"px","size":23,"sizes":[]},"_padding":{"unit":"px","top":"33","right":"0","bottom":"46","left":"0","isLinked":false}},"elements":[],"isInner":false,"widgetType":"text-editor","elType":"widget"},{"id":"3efbe1f4","settings":{"text":"Register Now","link":{"url":"https:\/\/el3.thembaydev.com\/besa2\/my-account\/","is_external":"","nofollow":"","custom_attributes":""},"typography_typography":"custom","typography_font_weight":"700","typography_line_height":{"unit":"px","size":22,"sizes":[]},"button_text_color":"#FFFFFF","background_color":"#FA4F26","border_radius":{"unit":"px","top":"30","right":"30","bottom":"30","left":"30","isLinked":true},"text_padding":{"unit":"px","top":"14","right":"35","bottom":"14","left":"35","isLinked":false}},"elements":[],"isInner":false,"widgetType":"button","elType":"widget"}],"isInner":true,"elType":"column"},{"id":"2699f39e","settings":{"_column_size":50,"_inline_size":43},"elements":[],"isInner":true,"elType":"column"}],"isInner":true,"elType":"section"}],"isInner":false,"elType":"column"}],"isInner":false,"elType":"section"},{"id":"5f3cdd71","settings":{"stretch_section":"section-stretched","padding":{"unit":"px","top":"66","right":"0","bottom":"0","left":"0","isLinked":false},"padding_mobile":{"unit":"px","top":"30","right":"0","bottom":"0","left":"0","isLinked":false}},"elements":[{"id":"1cae8ab4","settings":{"_column_size":100,"_inline_size":null},"elements":[{"id":"27e800cb","settings":{"heading_title":"Vendor Program","heading_title_size":{"unit":"px","size":30,"sizes":[]},"heading_title_line_height":{"unit":"px","size":38,"sizes":[]},"heading_title_color":"#262626","heading_title_typography_typography":"custom","heading_title_typography_font_weight":"700","heading_title_size_mobile":{"unit":"px","size":22,"sizes":[]},"heading_style_padding_mobile":{"unit":"px","top":"0","right":"0","bottom":"0","left":"0","isLinked":false}},"elements":[],"isInner":false,"widgetType":"besa-heading","elType":"widget"},{"id":"711b8081","settings":{"editor":"<p>Etiam dictum porttitor malesuada. In justo massa, venenatis eu laoreet vel, pellentesque non ligula. Nulla laoreet ut eros id maximus. Quisque odio orci, vulputate varius rutrum ut, elementum id sapien. Cras elementum nec quam ut molestie. Donec eu nibh sem. <span style=\"color: #fa4f26;\">Praesent Quis Cangue Justo<\/span>, pharetra mollis ipsum. Sed sceleris-que nunc eu finibus pellentesque. Etiam non eros ex. Maecenas eu faucibus lectus.<\/p>","text_color":"#262626","typography_typography":"custom","typography_font_size":{"unit":"px","size":15,"sizes":[]},"typography_line_height":{"unit":"px","size":24,"sizes":[]},"_padding":{"unit":"px","top":"13","right":"0","bottom":"0","left":"0","isLinked":false}},"elements":[],"isInner":false,"widgetType":"text-editor","elType":"widget"},{"id":"434f844","settings":{"editor":"<p>Morbi mattis turpis in leo fermentum egestas. Maecenas accumsan dolor id varius euismod. Phasellus ac nisi eu augue tristique ullamcorper. Nam eu consectetur justo. Curabitur sit amet vulputate lacus, sed feugiat ante. Nam id commodo arcu, eu venenatis nisl. Aenean sed porttitor nulla.<\/p>","text_color":"#262626","typography_typography":"custom","typography_font_size":{"unit":"px","size":15,"sizes":[]},"typography_line_height":{"unit":"px","size":24,"sizes":[]},"_padding":{"unit":"px","top":"24","right":"0","bottom":"0","left":"0","isLinked":false}},"elements":[],"isInner":false,"widgetType":"text-editor","elType":"widget"}],"isInner":false,"elType":"column"}],"isInner":false,"elType":"section"},{"id":"2cba05da","settings":{"stretch_section":"section-stretched","structure":"40","padding":{"unit":"px","top":"56","right":"0","bottom":"0","left":"0","isLinked":false}},"elements":[{"id":"438c059d","settings":{"_column_size":25,"_inline_size":null,"border_border":"solid","border_width":{"unit":"px","top":"1","right":"1","bottom":"1","left":"1","isLinked":true},"border_color":"#F0F0F0","margin":{"unit":"px","top":"0","right":"15","bottom":"0","left":"15","isLinked":false},"padding":{"unit":"px","top":"38","right":"28","bottom":"36","left":"28","isLinked":false},"_inline_size_tablet":50},"elements":[{"id":"15fdcc6a","settings":{"selected_icon":{"value":"tb-icon tb-icon-zt-analytics","library":"tbay-custom"},"align":"left","primary_color":"#FA4F26","size":{"unit":"px","size":70,"sizes":[]}},"elements":[],"isInner":false,"widgetType":"icon","elType":"widget"},{"id":"3aa5d235","settings":{"heading_title":"Report Center","heading_title_size":{"unit":"px","size":18,"sizes":[]},"heading_title_line_height":{"unit":"px","size":28,"sizes":[]},"heading_title_color":"#222222","heading_title_typography_typography":"custom","heading_title_typography_font_weight":"600","heading_style_padding":{"unit":"px","top":"29","right":"0","bottom":"6","left":"0","isLinked":false}},"elements":[],"isInner":false,"widgetType":"besa-heading","elType":"widget"},{"id":"7f810efc","settings":{"editor":"<p>Better insight of business data from various aspects, enchance operation and increase sales.<\/p>","text_color":"#262626","typography_typography":"custom","typography_font_size":{"unit":"px","size":15,"sizes":[]},"typography_line_height":{"unit":"px","size":24,"sizes":[]}},"elements":[],"isInner":false,"widgetType":"text-editor","elType":"widget"}],"isInner":false,"elType":"column"},{"id":"669b9767","settings":{"_column_size":25,"_inline_size":null,"border_border":"solid","border_width":{"unit":"px","top":"1","right":"1","bottom":"1","left":"1","isLinked":true},"border_color":"#F0F0F0","margin":{"unit":"px","top":"0","right":"15","bottom":"0","left":"15","isLinked":false},"padding":{"unit":"px","top":"38","right":"28","bottom":"36","left":"28","isLinked":false},"_inline_size_tablet":50,"margin_mobile":{"unit":"px","top":"15","right":"15","bottom":"15","left":"15","isLinked":true}},"elements":[{"id":"566ca02c","settings":{"selected_icon":{"value":"tb-icon tb-icon-zt-writing","library":"tbay-custom"},"align":"left","primary_color":"#FA4F26","size":{"unit":"px","size":70,"sizes":[]}},"elements":[],"isInner":false,"widgetType":"icon","elType":"widget"},{"id":"5252e8ba","settings":{"heading_title":"Content Management","heading_title_size":{"unit":"px","size":18,"sizes":[]},"heading_title_line_height":{"unit":"px","size":28,"sizes":[]},"heading_title_color":"#222222","heading_title_typography_typography":"custom","heading_title_typography_font_weight":"600","heading_style_padding":{"unit":"px","top":"29","right":"0","bottom":"6","left":"0","isLinked":false}},"elements":[],"isInner":false,"widgetType":"besa-heading","elType":"widget"},{"id":"1355ba4e","settings":{"editor":"<p>Get feedback from customer directly and reply questions on the fly<\/p>","text_color":"#262626","typography_typography":"custom","typography_font_size":{"unit":"px","size":15,"sizes":[]},"typography_line_height":{"unit":"px","size":24,"sizes":[]}},"elements":[],"isInner":false,"widgetType":"text-editor","elType":"widget"}],"isInner":false,"elType":"column"},{"id":"2a7367e3","settings":{"_column_size":25,"_inline_size":null,"border_border":"solid","border_width":{"unit":"px","top":"1","right":"1","bottom":"1","left":"1","isLinked":true},"border_color":"#F0F0F0","margin":{"unit":"px","top":"0","right":"15","bottom":"0","left":"15","isLinked":false},"padding":{"unit":"px","top":"38","right":"28","bottom":"36","left":"28","isLinked":false},"_inline_size_tablet":50,"margin_tablet":{"unit":"px","top":"30","right":"15","bottom":"0","left":"15","isLinked":false},"margin_mobile":{"unit":"px","top":"0","right":"15","bottom":"15","left":"15","isLinked":false}},"elements":[{"id":"759913e7","settings":{"selected_icon":{"value":"tb-icon tb-icon-zt-checklist","library":"tbay-custom"},"align":"left","primary_color":"#FA4F26","size":{"unit":"px","size":70,"sizes":[]}},"elements":[],"isInner":false,"widgetType":"icon","elType":"widget"},{"id":"472c950d","settings":{"heading_title":"Order Management","heading_title_size":{"unit":"px","size":18,"sizes":[]},"heading_title_line_height":{"unit":"px","size":28,"sizes":[]},"heading_title_color":"#222222","heading_title_typography_typography":"custom","heading_title_typography_font_weight":"600","heading_style_padding":{"unit":"px","top":"29","right":"0","bottom":"6","left":"0","isLinked":false}},"elements":[],"isInner":false,"widgetType":"besa-heading","elType":"widget"},{"id":"270fc151","settings":{"editor":"<p>Rich and convenient user inter-face of order, shipnotice and invoice<\/p>","text_color":"#262626","typography_typography":"custom","typography_font_size":{"unit":"px","size":15,"sizes":[]},"typography_line_height":{"unit":"px","size":24,"sizes":[]}},"elements":[],"isInner":false,"widgetType":"text-editor","elType":"widget"}],"isInner":false,"elType":"column"},{"id":"3fa6182d","settings":{"_column_size":25,"_inline_size":null,"border_border":"solid","border_width":{"unit":"px","top":"1","right":"1","bottom":"1","left":"1","isLinked":true},"border_color":"#F0F0F0","margin":{"unit":"px","top":"0","right":"15","bottom":"0","left":"15","isLinked":false},"padding":{"unit":"px","top":"38","right":"28","bottom":"36","left":"28","isLinked":false},"_inline_size_tablet":50,"margin_tablet":{"unit":"px","top":"30","right":"15","bottom":"0","left":"15","isLinked":false},"margin_mobile":{"unit":"px","top":"0","right":"15","bottom":"15","left":"15","isLinked":false}},"elements":[{"id":"67146c3","settings":{"selected_icon":{"value":"tb-icon tb-icon-zt-responsive","library":"tbay-custom"},"align":"left","primary_color":"#FA4F26","size":{"unit":"px","size":70,"sizes":[]}},"elements":[],"isInner":false,"widgetType":"icon","elType":"widget"},{"id":"5e31561b","settings":{"heading_title":"Access Anywhere","heading_title_size":{"unit":"px","size":18,"sizes":[]},"heading_title_line_height":{"unit":"px","size":28,"sizes":[]},"heading_title_color":"#222222","heading_title_typography_typography":"custom","heading_title_typography_font_weight":"600","heading_style_padding":{"unit":"px","top":"29","right":"0","bottom":"6","left":"0","isLinked":false}},"elements":[],"isInner":false,"widgetType":"besa-heading","elType":"widget"},{"id":"37e3642d","settings":{"editor":"<p>Consistent user experence no matter where the entry point is, e.g. mobile, laptop, tablet<\/p>","text_color":"#262626","typography_typography":"custom","typography_font_size":{"unit":"px","size":15,"sizes":[]},"typography_line_height":{"unit":"px","size":24,"sizes":[]}},"elements":[],"isInner":false,"widgetType":"text-editor","elType":"widget"}],"isInner":false,"elType":"column"}],"isInner":false,"elType":"section"},{"id":"508631f8","settings":{"stretch_section":"section-stretched","background_background":"classic","padding":{"unit":"px","top":"98","right":"0","bottom":"0","left":"0","isLinked":false},"padding_mobile":{"unit":"px","top":"30","right":"0","bottom":"0","left":"0","isLinked":false}},"elements":[{"id":"8c2e24a","settings":{"_column_size":100,"_inline_size":null},"elements":[{"id":"2506f1f7","settings":{"align":"center","heading_title":"Why Choose Us","heading_title_size":{"unit":"px","size":30,"sizes":[]},"heading_title_line_height":{"unit":"px","size":38,"sizes":[]},"heading_title_typography_typography":"custom","heading_title_typography_font_weight":"700","heading_style_padding":{"unit":"px","top":"0","right":"0","bottom":"16","left":"0","isLinked":false},"heading_title_typography_font_size_mobile":{"unit":"px","size":22,"sizes":[]}},"elements":[],"isInner":false,"widgetType":"besa-heading","elType":"widget"},{"id":"3f06721e","settings":{"editor":"<p>Phasellus ac nisi eu <strong>augue tristique<\/strong> ullamcorper eu consectetur justo.<\/p>","align":"center","text_color":"#262626","align_mobile":"left"},"elements":[],"isInner":false,"widgetType":"text-editor","elType":"widget"}],"isInner":false,"elType":"column"}],"isInner":false,"elType":"section"},{"id":"20e0932f","settings":{"content_width":{"unit":"px","size":1170,"sizes":[]},"gap":"no","stretch_section":"section-stretched","structure":"30","background_background":"classic","padding":{"unit":"px","top":"38","right":"0","bottom":"0","left":"0","isLinked":false}},"elements":[{"id":"2d9a8085","settings":{"_column_size":33,"_inline_size":null,"background_background":"classic","background_color":"#FA4F26","border_width":{"unit":"px","top":"0","right":"1","bottom":"0","left":"0","isLinked":false},"border_color":"#FFFFFF","padding":{"unit":"px","top":"70","right":"0","bottom":"30","left":"0","isLinked":false},"padding_mobile":{"unit":"px","top":"30","right":"0","bottom":"30","left":"0","isLinked":false}},"elements":[{"id":"23127e3a","settings":{"border_border":"solid","border_width":{"unit":"px","top":"0","right":"1","bottom":"0","left":"0","isLinked":false},"border_color":"#FFFFFF","border_width_mobile":{"unit":"px","top":"0","right":"0","bottom":"0","left":"0","isLinked":true}},"elements":[{"id":"370219bc","settings":{"_column_size":100,"_inline_size":null},"elements":[{"id":"4d71b81a","settings":{"align":"center","heading_title":"1,000+","heading_title_size":{"unit":"px","size":38,"sizes":[]},"heading_title_line_height":{"unit":"px","size":38,"sizes":[]},"heading_title_color":"#FFFFFF","heading_title_typography_typography":"custom","heading_title_typography_font_weight":"700","heading_style_padding":{"unit":"px","top":"0","right":"0","bottom":"10","left":"0","isLinked":false},"heading_title_size_mobile":{"unit":"px","size":30,"sizes":[]}},"elements":[],"isInner":false,"widgetType":"besa-heading","elType":"widget"},{"id":"63531add","settings":{"editor":"<p>Official brands all over the world<\/p>","align":"center","text_color":"#FFFFFF","typography_typography":"custom","typography_font_size":{"unit":"px","size":15,"sizes":[]},"typography_line_height":{"unit":"px","size":24,"sizes":[]},"align_mobile":"left"},"elements":[],"isInner":false,"widgetType":"text-editor","elType":"widget"}],"isInner":true,"elType":"column"}],"isInner":true,"elType":"section"}],"isInner":false,"elType":"column"},{"id":"23c499c4","settings":{"_column_size":33,"_inline_size":null,"background_background":"classic","background_color":"#FA4F26","border_width":{"unit":"px","top":"0","right":"1","bottom":"0","left":"0","isLinked":false},"border_color":"#FFFFFF","padding":{"unit":"px","top":"70","right":"0","bottom":"30","left":"0","isLinked":false},"padding_mobile":{"unit":"px","top":"30","right":"0","bottom":"30","left":"0","isLinked":false}},"elements":[{"id":"63fe5a7e","settings":{"border_border":"solid","border_width":{"unit":"px","top":"0","right":"1","bottom":"0","left":"0","isLinked":false},"border_color":"#FFFFFF","border_width_mobile":{"unit":"px","top":"0","right":"0","bottom":"0","left":"0","isLinked":true}},"elements":[{"id":"7b642b57","settings":{"_column_size":100,"_inline_size":null},"elements":[{"id":"72c99a60","settings":{"align":"center","heading_title":"95%","heading_title_size":{"unit":"px","size":38,"sizes":[]},"heading_title_line_height":{"unit":"px","size":38,"sizes":[]},"heading_title_color":"#FFFFFF","heading_title_typography_typography":"custom","heading_title_typography_font_weight":"700","heading_style_padding":{"unit":"px","top":"0","right":"0","bottom":"10","left":"0","isLinked":false},"heading_title_size_mobile":{"unit":"px","size":30,"sizes":[]}},"elements":[],"isInner":false,"widgetType":"besa-heading","elType":"widget"},{"id":"6ccb2265","settings":{"editor":"<p>Sattisfied Completely Customers<\/p>","align":"center","text_color":"#FFFFFF","typography_typography":"custom","typography_font_size":{"unit":"px","size":15,"sizes":[]},"typography_line_height":{"unit":"px","size":24,"sizes":[]},"align_mobile":"left"},"elements":[],"isInner":false,"widgetType":"text-editor","elType":"widget"}],"isInner":true,"elType":"column"}],"isInner":true,"elType":"section"}],"isInner":false,"elType":"column"},{"id":"2bc64664","settings":{"_column_size":33,"_inline_size":null,"background_background":"classic","background_color":"#FA4F26","border_width":{"unit":"px","top":"0","right":"1","bottom":"0","left":"0","isLinked":false},"border_color":"#FFFFFF","padding":{"unit":"px","top":"70","right":"0","bottom":"30","left":"0","isLinked":false},"padding_mobile":{"unit":"px","top":"30","right":"0","bottom":"30","left":"0","isLinked":false}},"elements":[{"id":"6a555972","settings":{"border_width":{"unit":"px","top":"0","right":"1","bottom":"0","left":"0","isLinked":false},"border_color":"#FFFFFF"},"elements":[{"id":"27d70e54","settings":{"_column_size":100,"_inline_size":null},"elements":[{"id":"1bb2bb0f","settings":{"align":"center","heading_title":"99+","heading_title_size":{"unit":"px","size":38,"sizes":[]},"heading_title_line_height":{"unit":"px","size":38,"sizes":[]},"heading_title_color":"#FFFFFF","heading_title_typography_typography":"custom","heading_title_typography_font_weight":"700","heading_style_padding":{"unit":"px","top":"0","right":"0","bottom":"10","left":"0","isLinked":false},"heading_title_size_mobile":{"unit":"px","size":30,"sizes":[]}},"elements":[],"isInner":false,"widgetType":"besa-heading","elType":"widget"},{"id":"3152168c","settings":{"editor":"<p>Featured Products Categories<\/p>","align":"center","text_color":"#FFFFFF","typography_typography":"custom","typography_font_size":{"unit":"px","size":15,"sizes":[]},"typography_line_height":{"unit":"px","size":24,"sizes":[]},"align_mobile":"left"},"elements":[],"isInner":false,"widgetType":"text-editor","elType":"widget"}],"isInner":true,"elType":"column"}],"isInner":true,"elType":"section"}],"isInner":false,"elType":"column"}],"isInner":false,"elType":"section"},{"id":"714a837","settings":{"content_width":{"unit":"px","size":1170,"sizes":[]},"gap":"no","stretch_section":"section-stretched","structure":"30","background_background":"classic","padding":{"unit":"px","top":"0","right":"0","bottom":"0","left":"0","isLinked":false}},"elements":[{"id":"1a0e5759","settings":{"_column_size":33,"_inline_size":null,"background_background":"classic","background_color":"#FA4F26","border_width":{"unit":"px","top":"0","right":"1","bottom":"0","left":"0","isLinked":false},"border_color":"#FFFFFF","padding":{"unit":"px","top":"34","right":"0","bottom":"71","left":"0","isLinked":false},"padding_mobile":{"unit":"px","top":"30","right":"0","bottom":"30","left":"0","isLinked":false}},"elements":[{"id":"2b7f9743","settings":{"border_border":"solid","border_width":{"unit":"px","top":"0","right":"1","bottom":"0","left":"0","isLinked":false},"border_color":"#FFFFFF","border_width_mobile":{"unit":"px","top":"0","right":"0","bottom":"0","left":"0","isLinked":true}},"elements":[{"id":"957ec5e","settings":{"_column_size":100,"_inline_size":null},"elements":[{"id":"5ff451d1","settings":{"align":"center","heading_title":"131,154","heading_title_size":{"unit":"px","size":38,"sizes":[]},"heading_title_line_height":{"unit":"px","size":38,"sizes":[]},"heading_title_color":"#FFFFFF","heading_title_typography_typography":"custom","heading_title_typography_font_weight":"700","heading_style_padding":{"unit":"px","top":"0","right":"0","bottom":"10","left":"0","isLinked":false},"heading_title_size_mobile":{"unit":"px","size":30,"sizes":[]}},"elements":[],"isInner":false,"widgetType":"besa-heading","elType":"widget"},{"id":"863b276","settings":{"editor":"<p>Orders has been shipped<\/p>","align":"center","text_color":"#FFFFFF","typography_typography":"custom","typography_font_size":{"unit":"px","size":15,"sizes":[]},"typography_line_height":{"unit":"px","size":24,"sizes":[]},"align_mobile":"left"},"elements":[],"isInner":false,"widgetType":"text-editor","elType":"widget"}],"isInner":true,"elType":"column"}],"isInner":true,"elType":"section"}],"isInner":false,"elType":"column"},{"id":"641e8e56","settings":{"_column_size":33,"_inline_size":null,"background_background":"classic","background_color":"#FA4F26","border_width":{"unit":"px","top":"0","right":"1","bottom":"0","left":"0","isLinked":false},"border_color":"#FFFFFF","padding":{"unit":"px","top":"34","right":"0","bottom":"71","left":"0","isLinked":false},"padding_mobile":{"unit":"px","top":"30","right":"0","bottom":"30","left":"0","isLinked":false}},"elements":[{"id":"200cbda3","settings":{"border_border":"solid","border_width":{"unit":"px","top":"0","right":"1","bottom":"0","left":"0","isLinked":false},"border_color":"#FFFFFF","border_width_mobile":{"unit":"px","top":"0","right":"0","bottom":"0","left":"0","isLinked":true}},"elements":[{"id":"3a82a504","settings":{"_column_size":100,"_inline_size":null,"background_background":"classic","background_color":"#FA4F26","border_width":{"unit":"px","top":"0","right":"1","bottom":"0","left":"0","isLinked":false},"border_color":"#FFFFFF"},"elements":[{"id":"4683d66b","settings":{"align":"center","heading_title":"200,000+","heading_title_size":{"unit":"px","size":38,"sizes":[]},"heading_title_line_height":{"unit":"px","size":38,"sizes":[]},"heading_title_color":"#FFFFFF","heading_title_typography_typography":"custom","heading_title_typography_font_weight":"700","heading_style_padding":{"unit":"px","top":"0","right":"0","bottom":"10","left":"0","isLinked":false},"heading_title_size_mobile":{"unit":"px","size":30,"sizes":[]}},"elements":[],"isInner":false,"widgetType":"besa-heading","elType":"widget"},{"id":"40dad8ae","settings":{"editor":"<p>Monthly customers visit websites<\/p>","align":"center","text_color":"#FFFFFF","typography_typography":"custom","typography_font_size":{"unit":"px","size":15,"sizes":[]},"typography_line_height":{"unit":"px","size":24,"sizes":[]},"align_mobile":"left"},"elements":[],"isInner":false,"widgetType":"text-editor","elType":"widget"}],"isInner":true,"elType":"column"}],"isInner":true,"elType":"section"}],"isInner":false,"elType":"column"},{"id":"2c425f9e","settings":{"_column_size":33,"_inline_size":null,"background_background":"classic","background_color":"#FA4F26","border_width":{"unit":"px","top":"0","right":"1","bottom":"0","left":"0","isLinked":false},"border_color":"#FFFFFF","padding":{"unit":"px","top":"34","right":"0","bottom":"71","left":"0","isLinked":false},"padding_mobile":{"unit":"px","top":"30","right":"0","bottom":"30","left":"0","isLinked":false}},"elements":[{"id":"6911a3ec","settings":{"border_width":{"unit":"px","top":"0","right":"1","bottom":"0","left":"0","isLinked":false},"border_color":"#FFFFFF"},"elements":[{"id":"3ad260f5","settings":{"_column_size":100,"_inline_size":null,"background_background":"classic","background_color":"#FA4F26","border_width":{"unit":"px","top":"0","right":"1","bottom":"0","left":"0","isLinked":false},"border_color":"#FFFFFF"},"elements":[{"id":"3151f835","settings":{"align":"center","heading_title":"39%","heading_title_size":{"unit":"px","size":38,"sizes":[]},"heading_title_line_height":{"unit":"px","size":38,"sizes":[]},"heading_title_color":"#FFFFFF","heading_title_typography_typography":"custom","heading_title_typography_font_weight":"700","heading_style_padding":{"unit":"px","top":"0","right":"0","bottom":"10","left":"0","isLinked":false},"heading_title_size_mobile":{"unit":"px","size":30,"sizes":[]}},"elements":[],"isInner":false,"widgetType":"besa-heading","elType":"widget"},{"id":"41d7e0d0","settings":{"editor":"<p>Yearly profit incomes grown<\/p>","align":"center","text_color":"#FFFFFF","typography_typography":"custom","typography_font_size":{"unit":"px","size":15,"sizes":[]},"typography_line_height":{"unit":"px","size":24,"sizes":[]},"align_mobile":"left"},"elements":[],"isInner":false,"widgetType":"text-editor","elType":"widget"}],"isInner":true,"elType":"column"}],"isInner":true,"elType":"section"}],"isInner":false,"elType":"column"}],"isInner":false,"elType":"section"},{"id":"6406dc0f","settings":{"stretch_section":"section-stretched","background_background":"classic","background_image":{"url":"http:\/\/el3.thembaydev.com\/besa2\/wp-content\/uploads\/2021\/06\/bg-become-02.jpg","id":7165},"margin":{"unit":"px","top":"96","right":0,"bottom":"0","left":0,"isLinked":false},"padding":{"unit":"px","top":"73","right":"0","bottom":"66","left":"0","isLinked":false},"margin_mobile":{"unit":"px","top":"30","right":0,"bottom":"0","left":0,"isLinked":false}},"elements":[{"id":"250e235e","settings":{"_column_size":100,"_inline_size":null},"elements":[{"id":"38d11ae3","settings":{"align":"center","heading_title":"Getting Started Is Easy","heading_title_size":{"unit":"px","size":30,"sizes":[]},"heading_title_line_height":{"unit":"px","size":38,"sizes":[]},"heading_title_typography_typography":"custom","heading_title_typography_font_weight":"700","heading_style_padding":{"unit":"px","top":"0","right":"0","bottom":"16","left":"0","isLinked":false},"heading_title_size_mobile":{"unit":"px","size":22,"sizes":[]}},"elements":[],"isInner":false,"widgetType":"besa-heading","elType":"widget"},{"id":"5fbdbb3f","settings":{"editor":"<p>Maecenas accumsan dolor id varius euismod. Phasellus ac nisi eu augue tristique ullamcorper. Nam eu consectetur justo. Curabitur sit amet vulputate lacu.<\/p>","align":"center","typography_typography":"custom","typography_font_size":{"unit":"px","size":15,"sizes":[]},"typography_line_height":{"unit":"px","size":24,"sizes":[]},"_padding":{"unit":"px","top":"0","right":"280","bottom":"56","left":"280","isLinked":false},"align_mobile":"left","_padding_tablet":{"unit":"px","top":"0","right":"0","bottom":"30","left":"0","isLinked":false}},"elements":[],"isInner":false,"widgetType":"text-editor","elType":"widget"},{"id":"343ae3c3","settings":{"gap":"no","structure":"40"},"elements":[{"id":"3dbd3c11","settings":{"_column_size":25,"_inline_size":null,"padding_tablet":{"unit":"px","top":"0","right":"15","bottom":"0","left":"15","isLinked":false},"_inline_size_mobile":50},"elements":[{"id":"78acb371","settings":{"image":{"url":"http:\/\/el3.thembaydev.com\/besa2\/wp-content\/uploads\/2021\/06\/img-become-01.png","id":7167},"image_size":"full","align_mobile":"left"},"elements":[],"isInner":false,"widgetType":"image","elType":"widget"},{"id":"5021c13a","settings":{"title":"1.Register Account","align":"center","typography_typography":"custom","typography_font_size":{"unit":"px","size":18,"sizes":[]},"typography_font_weight":"600","typography_line_height":{"unit":"px","size":28,"sizes":[]},"_padding":{"unit":"px","top":"17","right":"0","bottom":"19","left":"0","isLinked":false},"typography_font_size_tablet":{"unit":"px","size":15,"sizes":[]},"typography_line_height_mobile":{"unit":"px","size":22,"sizes":[]}},"elements":[],"isInner":false,"widgetType":"heading","elType":"widget"}],"isInner":true,"elType":"column"},{"id":"2397125c","settings":{"_column_size":25,"_inline_size":null,"padding_tablet":{"unit":"px","top":"0","right":"15","bottom":"0","left":"15","isLinked":false},"_inline_size_mobile":50},"elements":[{"id":"6d4de31f","settings":{"image":{"url":"http:\/\/el3.thembaydev.com\/besa2\/wp-content\/uploads\/2021\/06\/img-become-02.png","id":7168},"image_size":"full","align_mobile":"left"},"elements":[],"isInner":false,"widgetType":"image","elType":"widget"},{"id":"115274fd","settings":{"title":"2.Product Listing","align":"center","typography_typography":"custom","typography_font_size":{"unit":"px","size":18,"sizes":[]},"typography_font_weight":"600","typography_line_height":{"unit":"px","size":28,"sizes":[]},"_padding":{"unit":"px","top":"17","right":"0","bottom":"19","left":"0","isLinked":false},"typography_font_size_tablet":{"unit":"px","size":15,"sizes":[]},"typography_line_height_mobile":{"unit":"px","size":22,"sizes":[]}},"elements":[],"isInner":false,"widgetType":"heading","elType":"widget"}],"isInner":true,"elType":"column"},{"id":"3dc67529","settings":{"_column_size":25,"_inline_size":null,"padding_tablet":{"unit":"px","top":"0","right":"15","bottom":"0","left":"15","isLinked":false},"_inline_size_mobile":50},"elements":[{"id":"1c30459e","settings":{"image":{"url":"http:\/\/el3.thembaydev.com\/besa2\/wp-content\/uploads\/2021\/06\/img-become-03.png","id":7169},"image_size":"full","align_mobile":"left"},"elements":[],"isInner":false,"widgetType":"image","elType":"widget"},{"id":"364a6df3","settings":{"title":"3.Order & Shipping","align":"center","typography_typography":"custom","typography_font_size":{"unit":"px","size":18,"sizes":[]},"typography_font_weight":"600","typography_line_height":{"unit":"px","size":28,"sizes":[]},"_padding":{"unit":"px","top":"17","right":"0","bottom":"19","left":"0","isLinked":false},"typography_font_size_tablet":{"unit":"px","size":15,"sizes":[]},"typography_line_height_mobile":{"unit":"px","size":22,"sizes":[]}},"elements":[],"isInner":false,"widgetType":"heading","elType":"widget"}],"isInner":true,"elType":"column"},{"id":"261340cb","settings":{"_column_size":25,"_inline_size":null,"padding_tablet":{"unit":"px","top":"0","right":"15","bottom":"0","left":"15","isLinked":false},"_inline_size_mobile":50},"elements":[{"id":"1698d45f","settings":{"image":{"url":"http:\/\/el3.thembaydev.com\/besa2\/wp-content\/uploads\/2021\/06\/img-become-04.png","id":7170},"image_size":"full","align_mobile":"left"},"elements":[],"isInner":false,"widgetType":"image","elType":"widget"},{"id":"55408685","settings":{"title":"4.Receive Payment","align":"center","typography_typography":"custom","typography_font_size":{"unit":"px","size":18,"sizes":[]},"typography_font_weight":"600","typography_line_height":{"unit":"px","size":28,"sizes":[]},"_padding":{"unit":"px","top":"17","right":"0","bottom":"19","left":"0","isLinked":false},"typography_font_size_tablet":{"unit":"px","size":15,"sizes":[]},"typography_line_height_mobile":{"unit":"px","size":22,"sizes":[]}},"elements":[],"isInner":false,"widgetType":"heading","elType":"widget"}],"isInner":true,"elType":"column"}],"isInner":true,"elType":"section"}],"isInner":false,"elType":"column"}],"isInner":false,"elType":"section"},{"id":"4a24563c","settings":{"stretch_section":"section-stretched","background_background":"classic","background_color":"#FFFFFF","padding":{"unit":"px","top":"90","right":"0","bottom":"0","left":"0","isLinked":false},"padding_mobile":{"unit":"px","top":"50","right":"0","bottom":"0","left":"0","isLinked":false}},"elements":[{"id":"63af182","settings":{"_column_size":100,"_inline_size":null},"elements":[{"id":"53541433","settings":{"editor":"<p>The Success Stories<\/p>","align":"center","typography_typography":"custom","typography_font_size":{"unit":"px","size":30,"sizes":[]},"typography_font_weight":"700","typography_line_height":{"unit":"px","size":38,"sizes":[]},"_padding":{"unit":"px","top":"0","right":"0","bottom":"15","left":"0","isLinked":false},"align_mobile":"left","typography_font_size_mobile":{"unit":"px","size":22,"sizes":[]}},"elements":[],"isInner":false,"widgetType":"text-editor","elType":"widget"},{"id":"6c65cf3f","settings":{"editor":"<p>Pellentesque lacus eros, porta rutrum tortor ac, blandit malesu<\/p>","align":"center","text_color":"#262626","typography_typography":"custom","typography_font_size":{"unit":"px","size":15,"sizes":[]},"typography_line_height":{"unit":"px","size":24,"sizes":[]},"_padding":{"unit":"px","top":"0","right":"0","bottom":"34","left":"0","isLinked":false},"align_mobile":"left"},"elements":[],"isInner":false,"widgetType":"text-editor","elType":"widget"},{"id":"3458a8b6","settings":{"testimonials":[{"testimonial_image":{"url":"http:\/\/el3.thembaydev.com\/besa2\/wp-content\/uploads\/2021\/06\/img-testi-01.jpg","id":7010},"testimonial_name":"Dorolice P.","testimonial_job":"Founder on cartflow.com","testimonial_excerpt":"\u201cInterdum et malesuada fames ac ante ipsum primis in faucibus. Praesent viverra purus id lacus tincidunt tincidunt. Quisque rhoncus orci a luctus pharetra. Etiam id fringilla tellus. Morbi ut malesuada est, sed lacinia justo. Proin et maximus tortor. Proin ac scelerisque lacus. Fusce nec magna massa\u201d","_id":"511c6da","testimonial_heading":"outstanding support"},{"testimonial_image":{"url":"http:\/\/el3.thembaydev.com\/besa2\/wp-content\/uploads\/2021\/06\/img-testi-02.jpg","id":7011},"testimonial_name":"Verina L.","testimonial_job":"Marketing on psmundus.com","testimonial_excerpt":"\u201cInterdum et malesuada fames ac ante ipsum primis in faucibus. Praesent viverra purus id lacus tincidunt tincidunt. Quisque rhoncus orci a luctus pharetra. Etiam id fringilla tellus. Morbi ut malesuada est, sed lacinia justo. Proin et maximus tortor. Proin ac scelerisque lacus. Fusce nec magna massa\u201d","testimonial_heading":"lowest fees ever","_id":"709d594"},{"testimonial_image":{"url":"http:\/\/el3.thembaydev.com\/besa2\/wp-content\/uploads\/2021\/06\/img-testi-01.jpg","id":7010},"testimonial_name":"Fisher Garrison","testimonial_job":"Founder on cartflow.com","testimonial_excerpt":"\u201cInterdum et malesuada fames ac ante ipsum primis in faucibus. Praesent viverra purus id lacus tincidunt tincidunt. Quisque rhoncus orci a luctus pharetra. Etiam id fringilla tellus. Morbi ut malesuada est, sed lacinia justo. Proin et maximus tortor. Proin ac scelerisque lacus. Fusce nec magna massa\u201d","testimonial_heading":"Marketing Manager","_id":"d43b0f0"},{"testimonial_image":{"url":"http:\/\/el3.thembaydev.com\/besa2\/wp-content\/uploads\/2021\/06\/img-testi-02.jpg","id":7011},"testimonial_name":"Brynn Marshall","testimonial_job":"Chief Financial Office","testimonial_excerpt":"\u201cInterdum et malesuada fames ac ante ipsum primis in faucibus. Praesent viverra purus id lacus tincidunt tincidunt. Quisque rhoncus orci a luctus pharetra. Etiam id fringilla tellus. Morbi ut malesuada est, sed lacinia justo. Proin et maximus tortor. Proin ac scelerisque lacus. Fusce nec magna massa\u201d","testimonial_heading":"lorem ipsum dolor","_id":"224316a"}],"layout_type":"carousel","column":"2","col_desktop":"2","column_tablet":"2","column_mobile":"1","disable_mobile":""},"elements":[],"isInner":false,"widgetType":"besa-testimonials","elType":"widget"}],"isInner":false,"elType":"column"}],"isInner":false,"elType":"section"}],"page_settings":{"background_background":"classic","background_color":"#ffffff","padding":{"unit":"px","top":"0","right":"0","bottom":"0","left":"0","isLinked":""}},"version":"0.4","title":"template-become-a-vendor","type":"page"}