{"content":[{"id":"6a19f86f","settings":{"stretch_section":"section-stretched"},"elements":[{"id":"4266dbfb","settings":{"_column_size":100,"_inline_size":null,"_inline_size_tablet":100,"padding_tablet":{"unit":"px","top":"18","right":"15","bottom":"0","left":"15","isLinked":false},"padding_mobile":{"unit":"px","top":"0","right":"15","bottom":"0","left":"15","isLinked":false}},"elements":[{"id":"6db93ca","settings":{"shortcode":"[rev_slider alias=\"slider-1\"][\/rev_slider]"},"elements":[],"isInner":false,"widgetType":"shortcode","elType":"widget"}],"isInner":false,"elType":"column"}],"isInner":false,"elType":"section"},{"id":"5f1f915b","settings":{"stretch_section":"section-stretched","background_background":"classic","background_color":"#FFFFFF","padding":{"unit":"px","top":"40","right":"0","bottom":"48","left":"0","isLinked":false},"padding_mobile":{"unit":"px","top":"30","right":"0","bottom":"30","left":"0","isLinked":false}},"elements":[{"id":"22ad6719","settings":{"_column_size":100,"_inline_size":null},"elements":[{"id":"6043b6a7","settings":{"heading_title":"Trending on Besa","tags":[{"_id":"0ede110","image":{"url":"http:\/\/el3.thembaydev.com\/besa2\/wp-content\/uploads\/2021\/06\/tag-img-01.jpg","id":6483},"tag_slug":"laptop"},{"_id":"dd50a16","tag_slug":"sadida","image":{"url":"http:\/\/el3.thembaydev.com\/besa2\/wp-content\/uploads\/2021\/06\/tag-img-02.jpg","id":6484}},{"_id":"2676ade","tag_slug":"usb-hub","image":{"url":"http:\/\/el3.thembaydev.com\/besa2\/wp-content\/uploads\/2021\/06\/tag-img-03.jpg","id":6485}},{"_id":"30ea0b9","image":{"url":"http:\/\/el3.thembaydev.com\/besa2\/wp-content\/uploads\/2021\/06\/tag-img-04.jpg","id":6486}},{"_id":"8e5fad3","image":{"url":"http:\/\/el3.thembaydev.com\/besa2\/wp-content\/uploads\/2021\/06\/tag-img-05.jpg","id":6487}},{"_id":"6aa55fa","image":{"url":"http:\/\/el3.thembaydev.com\/besa2\/wp-content\/uploads\/2021\/06\/tag-img-02.jpg","id":6484}}],"show_count":"yes","column":"5","col_desktop":"5","col_desktopsmall":"4","layout_type":"carousel","align_content":"left"},"elements":[],"isInner":false,"widgetType":"besa-custom-image-list-tags","elType":"widget"}],"isInner":false,"elType":"column"}],"isInner":false,"elType":"section"},{"id":"7584a07a","settings":{"content_width":{"unit":"px","size":1180,"sizes":[]},"stretch_section":"section-stretched","structure":"40","background_background":"classic","background_color":"#FFFFFF","padding":{"unit":"px","top":"0","right":"0","bottom":"48","left":"0","isLinked":false},"margin_mobile":{"unit":"px","top":"","right":0,"bottom":"","left":0,"isLinked":true},"padding_mobile":{"unit":"px","top":"0","right":"10","bottom":"15","left":"10","isLinked":false}},"elements":[{"id":"726837d0","settings":{"_column_size":25,"_inline_size":null,"padding":{"unit":"px","top":"0","right":"5","bottom":"0","left":"5","isLinked":false},"_inline_size_mobile":50,"padding_mobile":{"unit":"px","top":"0","right":"5","bottom":"10","left":"5","isLinked":false}},"elements":[{"id":"2224c109","settings":{"image":{"url":"http:\/\/el3.thembaydev.com\/besa2\/wp-content\/uploads\/2021\/06\/banner-03.jpg","id":6505},"image_size":"full","link_to":"custom","link":{"url":"https:\/\/el3.thembaydev.com\/besa2\/shop\/","is_external":"","nofollow":"","custom_attributes":""}},"elements":[],"isInner":false,"widgetType":"image","elType":"widget"}],"isInner":false,"elType":"column"},{"id":"27e048ca","settings":{"_column_size":25,"_inline_size":null,"padding":{"unit":"px","top":"0","right":"5","bottom":"0","left":"5","isLinked":false},"_inline_size_mobile":50,"padding_mobile":{"unit":"px","top":"0","right":"5","bottom":"10","left":"5","isLinked":false}},"elements":[{"id":"1aceb1a7","settings":{"image":{"url":"http:\/\/el3.thembaydev.com\/besa2\/wp-content\/uploads\/2021\/06\/banner-02.jpg","id":6504},"image_size":"full","link_to":"custom","link":{"url":"https:\/\/el3.thembaydev.com\/besa2\/shop\/","is_external":"","nofollow":"","custom_attributes":""}},"elements":[],"isInner":false,"widgetType":"image","elType":"widget"}],"isInner":false,"elType":"column"},{"id":"683f0c35","settings":{"_column_size":25,"_inline_size":null,"padding":{"unit":"px","top":"0","right":"5","bottom":"0","left":"5","isLinked":false},"_inline_size_mobile":50,"padding_mobile":{"unit":"px","top":"0","right":"5","bottom":"10","left":"5","isLinked":false}},"elements":[{"id":"4720b0ad","settings":{"image":{"url":"http:\/\/el3.thembaydev.com\/besa2\/wp-content\/uploads\/2021\/06\/banner-01.jpg","id":6503},"image_size":"full","link_to":"custom","link":{"url":"https:\/\/el3.thembaydev.com\/besa2\/shop\/","is_external":"","nofollow":"","custom_attributes":""}},"elements":[],"isInner":false,"widgetType":"image","elType":"widget"}],"isInner":false,"elType":"column"},{"id":"78a1817e","settings":{"_column_size":25,"_inline_size":null,"padding":{"unit":"px","top":"0","right":"5","bottom":"0","left":"5","isLinked":false},"_inline_size_mobile":50,"padding_mobile":{"unit":"px","top":"0","right":"5","bottom":"10","left":"5","isLinked":false}},"elements":[{"id":"5e2b3002","settings":{"image":{"url":"http:\/\/el3.thembaydev.com\/besa2\/wp-content\/uploads\/2021\/06\/banner-04.jpg","id":6506},"image_size":"full","link_to":"custom","link":{"url":"https:\/\/el3.thembaydev.com\/besa2\/shop\/","is_external":"","nofollow":"","custom_attributes":""}},"elements":[],"isInner":false,"widgetType":"image","elType":"widget"}],"isInner":false,"elType":"column"}],"isInner":false,"elType":"section"},{"id":"2f7042b6","settings":{"stretch_section":"section-stretched","content_width":{"unit":"px","size":1170,"sizes":[]},"padding":{"unit":"px","top":"48","right":"0","bottom":"0","left":"0","isLinked":false},"margin_mobile":{"unit":"px","top":"","right":0,"bottom":"","left":0,"isLinked":true},"padding_mobile":{"unit":"px","top":"0","right":"0","bottom":"0","left":"0","isLinked":false}},"elements":[{"id":"3d94179f","settings":{"_column_size":100,"_inline_size":null,"background_background":"classic","background_color":"#FFFFFF","padding":{"unit":"px","top":"0","right":"0","bottom":"0","left":"0","isLinked":true}},"elements":[{"id":"741dfb45","settings":{"heading_title":"Best Selling Products","heading_style_padding":{"unit":"px","top":"13","right":"0","bottom":"18","left":"0","isLinked":false},"_padding":{"unit":"px","top":"0","right":"24","bottom":"0","left":"24","isLinked":false},"heading_style_padding_mobile":{"unit":"px","top":"11","right":"0","bottom":"20","left":"0","isLinked":false},"_padding_mobile":{"unit":"px","top":"0","right":"15","bottom":"0","left":"15","isLinked":false}},"elements":[],"isInner":false,"widgetType":"besa-heading","elType":"widget"},{"id":"33d79e2","settings":{"width":{"unit":"px","size":1170,"sizes":[]},"text":"Divider","color":"#F0F0F0","gap":{"unit":"px","size":0,"sizes":[]}},"elements":[],"isInner":false,"widgetType":"divider","elType":"widget"},{"id":"72c2b1f9","settings":{"limit":8,"layout_type":"carousel","column":"5","col_desktop":"5","col_desktopsmall":"4","show_more":"","text_button":"Show all","categories":["babies-toys","electronic-accessories"],"rows":"1","disable_mobile":""},"elements":[],"isInner":false,"widgetType":"besa-products","elType":"widget"}],"isInner":false,"elType":"column"}],"isInner":false,"elType":"section"},{"id":"2dd4db6e","settings":{"content_width":{"unit":"px","size":1170,"sizes":[]},"padding":{"unit":"px","top":"24","right":"0","bottom":"0","left":"0","isLinked":false},"stretch_section":"section-stretched","padding_mobile":{"unit":"px","top":"10","right":"0","bottom":"0","left":"0","isLinked":false}},"elements":[{"id":"68b53866","settings":{"_column_size":100,"_inline_size":null,"background_background":"classic","background_color":"#FFFFFF","padding":{"unit":"px","top":"0","right":"0","bottom":"0","left":"0","isLinked":true}},"elements":[{"id":"431e4e30","settings":{"twb_title":"Featured Categories","twb_text_button":"Shop all","twb_link_button":{"url":"https:\/\/el3.thembaydev.com\/besa2\/shop\/","is_external":"","nofollow":"","custom_attributes":""},"twb_add_icon":"yes","twb_title_typography_typography":"custom","twb_title_typography_font_size":{"unit":"px","size":22,"sizes":[]},"twb_title_typography_font_weight":"600","twb_title_typography_line_height":{"unit":"px","size":32,"sizes":[]},"twb_button_typography_typography":"custom","twb_button_typography_font_size":{"unit":"px","size":14,"sizes":[]},"twb_button_typography_line_height":{"unit":"px","size":32,"sizes":[]},"color_twb_button":"#FA4F26","twb_button_spacing":{"unit":"px","top":"0","right":"0","bottom":"0","left":"6","isLinked":false},"_padding":{"unit":"px","top":"19","right":"24","bottom":"0","left":"24","isLinked":false},"twb_title_typography_font_size_mobile":{"unit":"px","size":18,"sizes":[]},"_padding_mobile":{"unit":"px","top":"14","right":"15","bottom":"0","left":"15","isLinked":false}},"elements":[],"isInner":false,"widgetType":"besa-title-width-button","elType":"widget"},{"id":"583991a5","settings":{"list_category":[{"_id":"2c62cca","category":"electronic-devices","type_image":{"url":"http:\/\/el3.thembaydev.com\/besa2\/wp-content\/uploads\/2021\/06\/cat-01.jpg","id":6557},"display_count_category":""},{"category":"electronic-accessories","type_image":{"url":"http:\/\/el3.thembaydev.com\/besa2\/wp-content\/uploads\/2021\/06\/cat-02.jpg","id":6558},"display_count_category":"","_id":"5349a0e"},{"category":"tv-home-appliances","type_image":{"url":"http:\/\/el3.thembaydev.com\/besa2\/wp-content\/uploads\/2021\/06\/cat-03.jpg","id":6559},"display_count_category":"","_id":"53c2702"},{"category":"fashion-clothing","type_image":{"url":"http:\/\/el3.thembaydev.com\/besa2\/wp-content\/uploads\/2021\/06\/cat-04.jpg","id":6560},"display_count_category":"","_id":"5c27e03"},{"type_image":{"url":"http:\/\/el3.thembaydev.com\/besa2\/wp-content\/uploads\/2021\/06\/cat-05.jpg","id":6561},"display_count_category":"","_id":"1f0f76c"},{"category":"home-kitchen","type_image":{"url":"http:\/\/el3.thembaydev.com\/besa2\/wp-content\/uploads\/2021\/06\/cat-06.jpg","id":6562},"display_count_category":"","_id":"5a32c85"},{"category":"home-audio","type_image":{"url":"http:\/\/el3.thembaydev.com\/besa2\/wp-content\/uploads\/2021\/06\/cat-07.jpg","id":6563},"display_count_category":"","_id":"20dc9a3"},{"_id":"51713bd","category":"books-audible","type_image":{"url":"http:\/\/el3.thembaydev.com\/besa2\/wp-content\/uploads\/2021\/06\/cat-20.jpg","id":6737},"display_count_category":""}],"text_show_all":"See all categories","_margin":{"unit":"px","top":"0","right":"0","bottom":"0","left":"0","isLinked":false},"layout_type":"carousel","column":"4","spacing_content_mobile":{"unit":"px","top":"20","right":"0","bottom":"0","left":"0","isLinked":false},"column_mobile":"3","_padding_mobile":{"unit":"px","top":"0","right":"0","bottom":"14","left":"0","isLinked":false},"col_desktopsmall":"4","col_landscape":"3"},"elements":[],"isInner":false,"widgetType":"besa-custom-image-list-categories","elType":"widget"}],"isInner":false,"elType":"column"}],"isInner":false,"elType":"section"},{"id":"685226e0","settings":{"stretch_section":"section-stretched","padding":{"unit":"px","top":"24","right":"0","bottom":"0","left":"0","isLinked":false},"content_width":{"unit":"px","size":1170,"sizes":[]},"padding_mobile":{"unit":"px","top":"10","right":"0","bottom":"0","left":"0","isLinked":false}},"elements":[{"id":"7dddb308","settings":{"_column_size":100,"_inline_size":null,"background_background":"classic","background_color":"#FFFFFF","padding":{"unit":"px","top":"0","right":"0","bottom":"0","left":"0","isLinked":false}},"elements":[{"id":"414e1a93","settings":{"position_displayed":"main","header_text":"Flash Sale","header_page":725,"date_title":"","date_title_ended":"Deal ended.","main_products":["14","15","16","17","18","19","20","428","447","506"],"readmore_text":"Shop all flash deals","readmore_page":"719","heading_title":"Flash Deals","heading_style_bg":"#FFFFFF","end_date":"2022-10-13 12:00","column":"5","col_desktop":"5","heading_style_padding":{"unit":"px","top":"0","right":"16","bottom":"0","left":"0","isLinked":false},"_padding":{"unit":"px","top":"0","right":"0","bottom":"40","left":"0","isLinked":false},"heading_style_padding_mobile":{"unit":"px","top":"0","right":"15","bottom":"0","left":"0","isLinked":false},"rows":"1","disable_mobile":"","col_desktopsmall":"4"},"elements":[],"isInner":false,"widgetType":"besa-product-flash-sales","elType":"widget"}],"isInner":false,"elType":"column"}],"isInner":false,"elType":"section"},{"id":"7cf1b348","settings":{"content_width":{"unit":"px","size":1170,"sizes":[]},"stretch_section":"section-stretched","structure":"20","padding":{"unit":"px","top":"24","right":"0","bottom":"0","left":"0","isLinked":false},"padding_mobile":{"unit":"px","top":"10","right":"0","bottom":"0","left":"0","isLinked":false}},"elements":[{"id":"6f9c9f50","settings":{"_column_size":50,"_inline_size":74.36,"background_background":"classic","background_color":"#FFFFFF","padding":{"unit":"px","top":"0","right":"0","bottom":"0","left":"0","isLinked":false},"_inline_size_tablet":100},"elements":[{"id":"5013ef45","settings":{"twb_title":"Electronics On Sale","twb_text_button":"Shop all","twb_link_button":{"url":"https:\/\/el3.thembaydev.com\/besa2\/shop\/","is_external":"","nofollow":"","custom_attributes":""},"twb_add_icon":"yes","twb_title_typography_typography":"custom","twb_title_typography_font_size":{"unit":"px","size":22,"sizes":[]},"twb_title_typography_font_weight":"600","twb_title_typography_line_height":{"unit":"px","size":32,"sizes":[]},"twb_button_typography_typography":"custom","twb_button_typography_font_size":{"unit":"px","size":14,"sizes":[]},"twb_button_typography_line_height":{"unit":"px","size":32,"sizes":[]},"color_twb_button":"#FA4F26","twb_button_spacing":{"unit":"px","top":"0","right":"0","bottom":"0","left":"6","isLinked":false},"_padding":{"unit":"px","top":"16","right":"24","bottom":"0","left":"24","isLinked":false},"_padding_mobile":{"unit":"px","top":"16","right":"15","bottom":"0","left":"15","isLinked":false},"twb_title_typography_font_size_mobile":{"unit":"px","size":18,"sizes":[]}},"elements":[],"isInner":false,"widgetType":"besa-title-width-button","elType":"widget"},{"id":"6b93ee40","settings":{"limit":8,"layout_type":"carousel","categories":["electronic-devices"],"product_style":"vertical-v2","column":"2","col_desktop":"2","rows":"2","_padding":{"unit":"px","top":"7","right":"42","bottom":"0","left":"42","isLinked":false},"column_mobile":"1","_padding_mobile":{"unit":"px","top":"0","right":"0","bottom":"0","left":"0","isLinked":false},"column_tablet":"3"},"elements":[],"isInner":false,"widgetType":"besa-products","elType":"widget"}],"isInner":false,"elType":"column"},{"id":"17f2c4cc","settings":{"_column_size":50,"_inline_size":25.64,"padding":{"unit":"px","top":"0","right":"0","bottom":"0","left":"0","isLinked":false},"hide_tablet":"hidden-tablet","hide_mobile":"hidden-phone"},"elements":[{"id":"3c6c255c","settings":{"image":{"url":"http:\/\/el3.thembaydev.com\/besa2\/wp-content\/uploads\/2021\/06\/banner-05.jpg","id":6591},"link_to":"custom","link":{"url":"https:\/\/el3.thembaydev.com\/besa2\/shop\/","is_external":"","nofollow":"","custom_attributes":""}},"elements":[],"isInner":false,"widgetType":"image","elType":"widget"}],"isInner":false,"elType":"column"}],"isInner":false,"elType":"section"},{"id":"be25848","settings":{"content_width":{"unit":"px","size":1170,"sizes":[]},"gap":"no","stretch_section":"section-stretched","background_background":"classic","padding":{"unit":"px","top":"24","right":"0","bottom":"0","left":"0","isLinked":false},"padding_mobile":{"unit":"px","top":"10","right":"0","bottom":"0","left":"0","isLinked":false}},"elements":[{"id":"5825ef01","settings":{"_column_size":100,"_inline_size":null,"background_background":"classic","background_color":"#FFFFFF"},"elements":[{"id":"644079cc","settings":{"heading_title":"Recommended For You","heading_style_padding":{"unit":"px","top":"13","right":"0","bottom":"18","left":"0","isLinked":false},"_padding":{"unit":"px","top":"0","right":"24","bottom":"0","left":"24","isLinked":false},"_border_border":"solid","_border_width":{"unit":"px","top":"0","right":"0","bottom":"1","left":"0","isLinked":false},"_border_color":"#F0F0F0","_padding_mobile":{"unit":"px","top":"0","right":"15","bottom":"0","left":"15","isLinked":false},"align":"right"},"elements":[],"isInner":false,"widgetType":"besa-heading","elType":"widget"},{"id":"2bc61526","settings":{"limit":8,"layout_type":"carousel","categories":["babies-toys","fashion-clothing"],"column":"5","col_desktop":"5","disable_mobile":"","col_desktopsmall":"4"},"elements":[],"isInner":false,"widgetType":"besa-products","elType":"widget"}],"isInner":false,"elType":"column"}],"isInner":false,"elType":"section"},{"id":"30663bec","settings":{"stretch_section":"section-stretched","padding":{"unit":"px","top":"42","right":"0","bottom":"40","left":"0","isLinked":false},"background_background":"classic","padding_mobile":{"unit":"px","top":"30","right":"0","bottom":"40","left":"0","isLinked":false}},"elements":[{"id":"12c4c94c","settings":{"_column_size":100,"_inline_size":null},"elements":[{"id":"48b2eb1c","settings":{"heading_title":"Shop All Categories","list_category":[{"_id":"2ae0a75","category":"electronic-devices","type_image":{"url":"http:\/\/el3.thembaydev.com\/besa2\/wp-content\/uploads\/2021\/06\/cat-08.jpg","id":6600},"display_count_category":""},{"category":"electronic-accessories","type_image":{"url":"http:\/\/el3.thembaydev.com\/besa2\/wp-content\/uploads\/2021\/06\/cat-09.jpg","id":6601},"_id":"acba00d","display_count_category":""},{"type_image":{"url":"http:\/\/el3.thembaydev.com\/besa2\/wp-content\/uploads\/2021\/06\/cat-10.jpg","id":6602},"_id":"46582b3","display_count_category":""},{"category":"health-beauty","type_image":{"url":"http:\/\/el3.thembaydev.com\/besa2\/wp-content\/uploads\/2021\/06\/cat-11.jpg","id":6603},"_id":"8320f36","display_count_category":""},{"type_image":{"url":"http:\/\/el3.thembaydev.com\/besa2\/wp-content\/uploads\/2021\/06\/cat-12.jpg","id":6604},"_id":"5cb6be9","display_count_category":""},{"category":"home-kitchen","type_image":{"url":"http:\/\/el3.thembaydev.com\/besa2\/wp-content\/uploads\/2021\/06\/cat-13.jpg","id":6605},"_id":"6a70dd8","display_count_category":""},{"category":"fashion-clothing","type_image":{"url":"http:\/\/el3.thembaydev.com\/besa2\/wp-content\/uploads\/2021\/06\/cat-14.jpg","id":6606},"_id":"7fc0711","display_count_category":""},{"category":"sports-travel","type_image":{"url":"http:\/\/el3.thembaydev.com\/besa2\/wp-content\/uploads\/2021\/06\/cat-15.jpg","id":6607},"_id":"e7ec469","display_count_category":""},{"category":"books-audible","type_image":{"url":"http:\/\/el3.thembaydev.com\/besa2\/wp-content\/uploads\/2021\/06\/cat-16.jpg","id":6608},"_id":"1e99ea5","display_count_category":""},{"category":"home-audio","type_image":{"url":"http:\/\/el3.thembaydev.com\/besa2\/wp-content\/uploads\/2021\/06\/cat-17.jpg","id":6609},"_id":"d0e2642","display_count_category":""},{"category":"garden","type_image":{"url":"http:\/\/el3.thembaydev.com\/besa2\/wp-content\/uploads\/2021\/06\/cat-18j.jpg","id":6610},"_id":"24d724b","display_count_category":""},{"category":"pet-supplies","type_image":{"url":"http:\/\/el3.thembaydev.com\/besa2\/wp-content\/uploads\/2021\/06\/cat-19.jpg","id":6611},"display_count_category":"","_id":"e6b4d41"}],"type_style":"style-2","spacing_content":{"unit":"px","top":"0","right":"0","bottom":"0","left":"0","isLinked":true},"cat_list_align_2":"center","text_show_all":"See all categories","col_desktopsmall":"4"},"elements":[],"isInner":false,"widgetType":"besa-custom-image-list-categories","elType":"widget"}],"isInner":false,"elType":"column"}],"isInner":false,"elType":"section"}],"page_settings":[],"version":"0.4","title":"template-home-v1","type":"page"}