{"content":[{"id":"4933666b","settings":{"stretch_section":"section-stretched","background_background":"classic","background_color":"#f5f5f5","margin_mobile":{"unit":"px","top":"-25","right":0,"bottom":"-100","left":0,"isLinked":false}},"elements":[{"id":"433a949d","settings":{"_column_size":100,"_inline_size":null,"padding_mobile":{"unit":"px","top":"0","right":"0","bottom":"0","left":"0","isLinked":true}},"elements":[{"id":"49277a1","settings":{"gap":"no","structure":"20","background_background":"classic","background_color":"#f5f5f5","margin_tablet":{"unit":"px","top":"","right":0,"bottom":"","left":0,"isLinked":true}},"elements":[{"id":"cb43c23","settings":{"_column_size":50,"_inline_size":null,"_inline_size_tablet":50,"background_background":"classic","background_color":"#ffffff","padding":{"unit":"px","top":"15","right":"29","bottom":"100","left":"29","isLinked":false},"padding_tablet":{"unit":"px","top":"30","right":"30","bottom":"30","left":"30","isLinked":false},"padding_mobile":{"unit":"px","top":"30","right":"15","bottom":"37","left":"15","isLinked":false},"css_classes":"contact-wrapper"},"elements":[{"id":"5d243e87","settings":{"heading_title":"Contact Info","heading_title_size":{"unit":"px","size":18,"sizes":[]},"heading_title_line_height":{"unit":"px","size":28,"sizes":[]},"heading_title_color":"#222222","heading_title_typography_typography":"custom","heading_title_typography_font_weight":"600","_padding":{"unit":"px","top":"11","right":"0","bottom":"14","left":"0","isLinked":false},"heading_style_padding":{"unit":"px","top":"0","right":"0","bottom":"0","left":"0","isLinked":false}},"elements":[],"isInner":false,"widgetType":"besa-heading","elType":"widget"},{"id":"658fbb76","settings":{"editor":"<p>Hotline:\u00a0 \u00a0 \u00a0 \u00a0 \u00a0 \u00a0 \u00a0 \u00a0 \u00a0 \u00a0 <strong>\u00a0+1 939-329-3494<\/strong><\/p><p>Email Address::\u00a0 \u00a0 \u00a0 \u00a0<strong>example@besa.com<\/strong><\/p><p>Store Location 1:\u00a0 \u00a0 <strong>83 Kirkland Ave.Maumee, OH 43537<\/strong><\/p><p>Store Location 2:\u00a0 \u00a0 <strong>Old Rockwell Ave.Longwood, FL 32779<\/strong><\/p><p>Store Location 3:\u00a0 \u00a0 <strong>468 Depot Dr.Gloucester, MA 01930<\/strong><\/p><p>Store Location 4:\u00a0 \u00a0 <strong>E. Amherst Dr.Eden Prairie, MN 55347<\/strong><\/p>","typography_typography":"custom","typography_line_height":{"unit":"px","size":32,"sizes":[]},"typography_line_height_tablet":{"unit":"px","size":"","sizes":[]},"_padding_tablet":{"unit":"px","top":"0","right":"0","bottom":"20","left":"0","isLinked":false}},"elements":[],"isInner":false,"widgetType":"text-editor","elType":"widget"},{"id":"231c7d52","settings":{"heading_title":"Follow Us:","heading_title_size":{"unit":"px","size":14,"sizes":[]},"heading_title_color":"#555555","_css_classes":"w-auto","heading_title_line_height":{"unit":"px","size":22,"sizes":[]},"_padding":{"unit":"px","top":"6","right":"0","bottom":"0","left":"0","isLinked":false}},"elements":[],"isInner":false,"widgetType":"besa-heading","elType":"widget"},{"id":"23ad9f53","settings":{"social_icon_list":[{"social_icon":{"value":"fab fa-facebook-f","library":"fa-brands"},"_id":"81100a2","link":{"url":"facebook.com","is_external":"true","nofollow":""}},{"social_icon":{"value":"fab fa-twitter","library":"fa-brands"},"_id":"ae9d6ea","link":{"url":"twitter.com","is_external":"true","nofollow":""}},{"social_icon":{"value":"fab fa-youtube","library":"fa-brands"},"link":{"url":"youtube.com","is_external":"true","nofollow":""},"_id":"715ddae"},{"social_icon":{"value":"fab fa-google-plus-g","library":"fa-brands"},"_id":"20b6021","link":{"url":"google.com","is_external":"true","nofollow":""}},{"social_icon":{"value":"fab fa-pinterest","library":"fa-brands"},"link":{"url":"https:\/\/www.pinterest.com\/","is_external":"true","nofollow":""},"_id":"0577291"}],"align":"left","icon_size":{"unit":"px","size":15,"sizes":[]},"icon_spacing":{"unit":"px","size":9,"sizes":[]},"shape":"circle","columns":"5","_padding":{"unit":"px","top":"8","right":"0","bottom":"0","left":"59","isLinked":false},"_css_classes":"w-auto","_padding_tablet":{"unit":"px","top":"0","right":"0","bottom":"0","left":"10","isLinked":false}},"elements":[],"isInner":false,"widgetType":"social-icons","elType":"widget"}],"isInner":true,"elType":"column"},{"id":"372495a9","settings":{"_column_size":50,"_inline_size":null,"_inline_size_tablet":50,"background_background":"classic","background_color":"#ffffff","padding":{"unit":"px","top":"33","right":"30","bottom":"50","left":"30","isLinked":false},"padding_tablet":{"unit":"px","top":"30","right":"30","bottom":"50","left":"30","isLinked":false},"padding_mobile":{"unit":"px","top":"0","right":"15","bottom":"30","left":"15","isLinked":false},"css_classes":"contact-wrapper"},"elements":[{"id":"36c45ab2","settings":{"address":"London Eye, London, United Kingdom"},"elements":[],"isInner":false,"widgetType":"google_maps","elType":"widget"}],"isInner":true,"elType":"column"}],"isInner":true,"elType":"section"},{"id":"66df48a0","settings":{"gap":"no","background_background":"classic","background_color":"#f5f5f5","margin":{"unit":"px","top":"0","right":0,"bottom":"0","left":0,"isLinked":false},"padding":{"unit":"px","top":"0","right":"0","bottom":"0","left":"0","isLinked":false}},"elements":[{"id":"7d70ee9","settings":{"_column_size":100,"_inline_size":null,"background_background":"classic","background_color":"#ffffff","padding":{"unit":"px","top":"0","right":"29","bottom":"70","left":"29","isLinked":false},"padding_mobile":{"unit":"px","top":"30","right":"15","bottom":"50","left":"15","isLinked":false}},"elements":[{"id":"3c330ff5","settings":{"title":"Get In Touch","subtitle":"Your email address will not be published. Required fields are marked (*)","heading_title":"Have Question? ","heading_title_size":{"unit":"px","size":18,"sizes":[]},"heading_title_line_height":{"unit":"px","size":28,"sizes":[]},"heading_title_color":"#222222","heading_style_padding":{"unit":"px","top":"0","right":"0","bottom":"5","left":"0","isLinked":false}},"elements":[],"isInner":false,"widgetType":"besa-heading","elType":"widget"},{"id":"14d26c6f","settings":{"editor":"<p>Your email address will not be published. Required fields are marked *<\/p>","_padding":{"unit":"px","top":"0","right":"0","bottom":"20","left":"0","isLinked":false}},"elements":[],"isInner":false,"widgetType":"text-editor","elType":"widget"},{"id":"4094cf5d","settings":{"shortcode":"[contact-form-7 id=\"4\" title=\"Contact form 1\"]"},"elements":[],"isInner":false,"widgetType":"shortcode","elType":"widget"}],"isInner":true,"elType":"column"}],"isInner":true,"elType":"section"}],"isInner":false,"elType":"column"}],"isInner":false,"elType":"section"}],"page_settings":{"background_background":"classic"},"version":"0.4","title":"template-contactus","type":"page"}