{"content":[{"id":"16b460aa","settings":{"content_width":{"unit":"px","size":935,"sizes":[]},"background_background":"classic","background_color":"#FFFFFF","padding":{"unit":"px","top":"30","right":"0","bottom":"5","left":"0","isLinked":false},"padding_mobile":{"unit":"px","top":"0","right":"0","bottom":"0","left":"0","isLinked":false}},"elements":[{"id":"3d8d76a","settings":{"_column_size":100,"_inline_size":null,"padding":{"unit":"px","top":"0","right":"30","bottom":"0","left":"30","isLinked":false},"padding_mobile":{"unit":"px","top":"0","right":"0","bottom":"0","left":"0","isLinked":false}},"elements":[{"id":"1a77eb83","settings":{"brands":[{"_id":"2268fdc","brand_image":{"url":"http:\/\/el3.thembaydev.com\/besa2\/wp-content\/uploads\/2021\/06\/brand-shop-01.jpg","id":7195},"brand_link":{"url":"https:\/\/el3.thembaydev.com\/besa2\/product-brands\/ctbh\/","is_external":"","nofollow":"","custom_attributes":""}},{"brand_image":{"url":"http:\/\/el3.thembaydev.com\/besa2\/wp-content\/uploads\/2021\/06\/brand-shop-03.jpg","id":7197},"brand_link":{"url":"https:\/\/el3.thembaydev.com\/besa2\/product-brands\/elgoog\/","is_external":"","nofollow":"","custom_attributes":""},"_id":"d6f2dd5"},{"brand_image":{"url":"http:\/\/el3.thembaydev.com\/besa2\/wp-content\/uploads\/2021\/06\/brand-shop-02.jpg","id":7196},"brand_link":{"url":"https:\/\/el3.thembaydev.com\/besa2\/product-brands\/elppa\/","is_external":"","nofollow":"","custom_attributes":""},"_id":"3a53218"},{"brand_image":{"url":"http:\/\/el3.thembaydev.com\/besa2\/wp-content\/uploads\/2021\/06\/brand-shop-06.jpg","id":7200},"brand_link":{"url":"https:\/\/el3.thembaydev.com\/besa2\/product-brands\/esormirp\/","is_external":"","nofollow":"","custom_attributes":""},"_id":"442a3a9"},{"brand_image":{"url":"http:\/\/el3.thembaydev.com\/besa2\/wp-content\/uploads\/2021\/06\/brand-shop-05.jpg","id":7199},"brand_link":{"url":"https:\/\/el3.thembaydev.com\/besa2\/product-brands\/gnusmas\/","is_external":"","nofollow":"","custom_attributes":""},"_id":"b9d2e23"},{"brand_image":{"url":"http:\/\/el3.thembaydev.com\/besa2\/wp-content\/uploads\/2021\/06\/brand-shop-04.jpg","id":7198},"brand_link":{"url":"https:\/\/el3.thembaydev.com\/besa2\/product-brands\/hcetigol\/","is_external":"","nofollow":"","custom_attributes":""},"_id":"b2494f4"}],"column":"6","col_desktop":"6","column_mobile":"3","col_desktopsmall":"3","col_landscape":"3"},"elements":[],"isInner":false,"widgetType":"besa-brands","elType":"widget"}],"isInner":false,"elType":"column"}],"isInner":false,"elType":"section"}],"page_settings":[],"version":"0.4","title":"template-product-archive-sidebar-top","type":"page"}